rRIVt_Dh.1,12:10:36,T10,Team T10,0,LOG_STARTED,On JOSEPHJ-MYHP at 2015-10-16T19:10:36.813Z
rRIVt_Dh.2,12:10:36,T10,Team T10,100,Jk23pcy,WxbclmmIeCNQ8l3Mr
rRIVt_Dh.3,12:10:36,T10,Team T10,100,Uk4RzusD,4r73poI7nKWQ=
rRIVt_Dh.4,12:10:36,T10,Team T10,101,VaGbA48PZHD,9q6AxrcOM1RXRh_oY=
rRIVt_Dh.5,12:10:36,T10,Team T10,103,xZzIyFte,zcG6rSGvdSi9==
rRIVt_Dh.6,12:10:36,T10,Team T10,104,FRXeGlPag,M5luwxUdh=
rRIVt_Dh.7,12:10:36,T10,Team T10,104,FRXeGlPag,M5luwvSugUDmB1XPPa
rRIVt_Dh.8,12:10:36,T10,Team T10,104,KSe5DoYb,UXV==
rRIVt_Dh.9,12:10:36,T10,Team T10,104,FRXeGlPag,M5luwvaqaIra==
rRIVt_Dh.10,12:10:36,T10,Team T10,104,KSe5DoYb,UIcjpg9i=
rRIVt_Dh.11,12:10:36,T10,Team T10,105,XL9sI7J8,7JZx_32me787b
rRIVt_Dh.12,12:10:36,T10,Team T10,105,SKSBL4A71,ZYgSBgEf0e5ciiKd
rRIVt_Dh.13,12:10:36,T10,Team T10,106,5DxYAN54M,cRVgqYy4=
rRIVt_Dh.14,12:10:36,T10,Team T10,106,aEOPxQe5,kJLgFItqBxau_Qd==
rRIVt_Dh.15,12:10:36,T10,Team T10,106,YBvMtH9kMAY,kGXMkIbdYA8q=
rRIVt_Dh.16,12:10:36,T10,Team T10,106,YBvMtH9kMAY,kwUTLFAjtU2e=
rRIVt_Dh.17,12:10:36,T10,Team T10,106,5DxYAN54M,cRVgqXohAVgwMMb8aQ
rRIVt_Dh.18,12:10:36,T10,Team T10,107,DxJWCzZ2,NwqXGM30f2ZD=
rRIVt_Dh.19,12:10:36,T10,Team T10,108,Lp7sKflYi,SDvMAsrv651mv=
rRIVt_Dh.20,12:10:36,T10,Team T10,109,R0KDsSUb3Ft,dR5F=
rRIVt_Dh.21,12:10:36,T10,Team T10,109,Y2MPzYQV3,5gaapa5qPHTLhmMsq=
rRIVt_Dh.22,12:10:36,T10,Team T10,109,Y2MPzYQV3,5gaap8O519KJYl
rRIVt_Dh.23,12:10:36,T10,Team T10,109,333Gw1ZW,dm7F=
rRIVt_Dh.24,12:10:36,T10,Team T10,109,Y2MPzYQV3,5gaapcbdLQJJYi
rRIVt_Dh.25,12:10:36,T10,Team T10,109,Y2MPzYQV3,5gaap83iNOLCYB
rRIVt_Dh.26,12:10:36,T10,Team T10,109,Y2MPzYQV3,5gaapbY3i7GN==
rRIVt_Dh.27,12:10:36,T10,Team T10,109,R0KDsSUb3Ft,dT_TqLkdV
rRIVt_Dh.28,12:10:36,T10,Team T10,110,3kofKAkLPDH,hAPDHVfwDEMqI=
rRIVt_Dh.29,12:10:36,T10,Team T10,110,3kofKAkLPDH,pHOsYJHAxV55=
rRIVt_Dh.30,12:10:36,T10,Team T10,110,3kofKAkLPDH,hAPDHXcJz5MxHz
rRIVt_Dh.31,12:10:36,T10,Team T10,110,3kofKAkLPDH,prot4sgNJBcxNoK==
rRIVt_Dh.32,12:10:36,T10,Team T10,110,3kofKAkLPDH,pbEv0YCuDWIkRCu==
rRIVt_Dh.33,12:10:36,T10,Team T10,110,3kofKAkLPDH,hAPDHWqCETcwAtDwJ
rRIVt_Dh.34,12:10:36,T10,Team T10,110,fnHiOJpw,hAPDHXIPRXIkwoKkU=
rRIVt_Dh.35,12:10:36,T10,Team T10,110,fnHiOJpw,hAPDHUnEFB9cxq
rRIVt_Dh.36,12:10:36,T10,Team T10,110,4nFuErv,hAPDAqi==
rRIVt_Dh.37,12:10:36,T10,Team T10,111,sgmpTsat,CqcGFpjBj82g=
rRIVt_Dh.38,12:10:36,T10,Team T10,111,sgmpTsat,C6mFK
rRIVt_Dh.39,12:10:36,T10,Team T10,111,sgmpTsat,utuLMDmL_vLX574N38g8==
rRIVt_Dh.40,12:10:36,T10,Team T10,111,gd3mPj5IAaC,utuLMHiBkeP41Aju==
rRIVt_Dh.41,12:10:36,T10,Team T10,111,gd3mPj5IAaC,utuLMGeCxjJfhzsK7=
rRIVt_Dh.42,12:10:36,T10,Team T10,111,sgmpTsat,utuLMClwAFKmoK8Q==
rRIVt_Dh.43,12:10:36,T10,Team T10,111,sgmpTsat,utuLME2GAc
rRIVt_Dh.44,12:10:36,T10,Team T10,111,sgmpTsat,utuLMG9w==
rRIVt_Dh.45,12:10:36,T10,Team T10,112,t6IJE2AFlrh,P29UFZPr9t==
rRIVt_Dh.46,12:10:36,T10,Team T10,112,F91MIbFq,Hm99BlPHdHIqEhzh==
rRIVt_Dh.47,12:10:36,T10,Team T10,112,F91MIbFq,PY4bv2KriCovR
rRIVt_Dh.48,12:10:36,T10,Team T10,113,GZD6JL5C6Ic,27Z==
rRIVt_Dh.49,12:10:36,T10,Team T10,113,N1FiQR1m6,Uf4xG1rHWJhqvsaiuFr==
rRIVt_Dh.50,12:10:36,T10,Team T10,113,N1FiQR1m6,Uf4xG1jMRRest=
rRIVt_Dh.51,12:10:36,T10,Team T10,113,GZD6JL5C6Ic,Uf4xG5hqhT
rRIVt_Dh.52,12:10:36,T10,Team T10,113,S2W9NUan,Uf4xG4ZTcKDC==
rRIVt_Dh.53,12:10:36,T10,Team T10,113,GZD6JL5C6Ic,Uf4xG40sX3yqnm
rRIVt_Dh.54,12:10:36,T10,Team T10,113,S2W9NUan,2T59P19uSXcPB
rRIVt_Dh.55,12:10:36,T10,Team T10,113,N1FiQR1m6,Uf4xG2qsgWdmtg7oKuN==
rRIVt_Dh.56,12:10:36,T10,Team T10,113,S2W9NUan,2SRsWXj==
rRIVt_Dh.57,12:10:36,T10,Team T10,114,5VBwSDVk,78JVLPJGWhiN==
rRIVt_Dh.58,12:10:36,T10,Team T10,114,0UkFVAMjR,78JVLMgtI=
rRIVt_Dh.59,12:10:36,T10,Team T10,114,TSitOuQzRf7,fPCINyUuNxxH=
rRIVt_Dh.60,12:10:36,T10,Team T10,115,dNf2KjhgC,k1EjAxqoHM3T4UepNS
rRIVt_Dh.61,12:10:36,T10,Team T10,115,iOwTHmqh,k1EjAyBgoyZ==
rRIVt_Dh.62,12:10:36,T10,Team T10,115,iOwTHmqh,sAM3N9vlN
rRIVt_Dh.63,12:10:36,T10,Team T10,115,6LdQDdlwCw2,k1EjAzskS_
rRIVt_Dh.64,12:10:36,T10,Team T10,115,6LdQDdlwCw2,sUz==
rRIVt_Dh.65,12:10:36,T10,Team T10,115,iOwTHmqh,sKuhvpnAOHlC=
rRIVt_Dh.66,12:10:36,T10,Team T10,115,dNf2KjhgC,k1EjAxFoF=
rRIVt_Dh.67,12:10:36,T10,Team T10,116,jESXIW6dnNX,FFp0V7k==
rRIVt_Dh.68,12:10:36,T10,Team T10,116,qGU9P22Xn,xUjrFdj4hMix==
rRIVt_Dh.69,12:10:36,T10,Team T10,116,vHb0M5bY,FEf_Wf31ca3_Kg0==
rRIVt_Dh.70,12:10:36,T10,Team T10,116,vHb0M5bY,xUjrFk31==
rRIVt_Dh.71,12:10:36,T10,Team T10,116,qGU9P22Xn,xUjrFfZmAN6PtlZEA=
rRIVt_Dh.72,12:10:36,T10,Team T10,116,jESXIW6dnNX,xUjrFj6ss02GuWXVk=
rRIVt_Dh.73,12:10:36,T10,Team T10,116,jESXIW6dnNX,xUjrFj3ri5UNz6HUu=
rRIVt_Dh.74,12:10:36,T10,Team T10,116,qGU9P22Xn,xUjrFe9ua=
rRIVt_Dh.75,12:10:36,T10,Team T10,117,Ik6nROGV,Sb0QETLkN
rRIVt_Dh.76,12:10:36,T10,Team T10,117,Ik6nROGV,SbVm3UNY8nb==
rRIVt_Dh.77,12:10:36,T10,Team T10,117,whNkNFBaSkS,SAkIKyAqWn5==
rRIVt_Dh.78,12:10:36,T10,Team T10,117,DjPwULxUS,KxePKZA8==
rRIVt_Dh.79,12:10:36,T10,Team T10,117,whNkNFBaSkS,SgPJ6
rRIVt_Dh.80,12:10:36,T10,Team T10,117,DjPwULxUS,KxePK1vfP=
rRIVt_Dh.81,12:10:36,T10,Team T10,117,Ik6nROGV,S9RDKKB2Y
rRIVt_Dh.82,12:10:36,T10,Team T10,117,Ik6nROGV,KxePK3z3BmX0jyoVfifo==
rRIVt_Dh.83,12:10:36,T10,Team T10,117,DjPwULxUS,KxePKXYmLuoV3od6==
rRIVt_Dh.84,12:10:36,T10,Team T10,118,QcuTJuiRD,XqTdzHlSLFOhTURBMREN==
rRIVt_Dh.85,12:10:36,T10,Team T10,119,W3n4H7R4oSs,iduk=
rRIVt_Dh.86,12:10:36,T10,Team T10,119,35pgOdNOo,ajOBEpedhVt_pXdPyE3s==
rRIVt_Dh.87,12:10:36,T10,Team T10,119,35pgOdNOo,ajOBEr4Yk9
rRIVt_Dh.88,12:10:36,T10,Team T10,119,86G7LgWP,idK7_o4k=
rRIVt_Dh.89,12:10:36,T10,Team T10,119,35pgOdNOo,ajOBEqVRtawfL9v==
rRIVt_Dh.90,12:10:36,T10,Team T10,119,W3n4H7R4oSs,imQeQjgUtbOa=
rRIVt_Dh.91,12:10:36,T10,Team T10,119,W3n4H7R4oSs,iawi6
rRIVt_Dh.92,12:10:36,T10,Team T10,119,W3n4H7R4oSs,iXGwE
rRIVt_Dh.93,12:10:36,T10,Team T10,119,W3n4H7R4oSs,iTAmLi69vRz0AK==
rRIVt_Dh.94,12:10:36,T10,Team T10,120,8nLqJPhUa6G,mDdOG6dJ3=
rRIVt_Dh.95,12:10:36,T10,Team T10,120,kq4tNYmF,u_XoDXdG9aSoQ
rRIVt_Dh.96,12:10:36,T10,Team T10,120,8nLqJPhUa6G,mDdOGcjS==
rRIVt_Dh.97,12:10:36,T10,Team T10,120,8nLqJPhUa6G,mDdOG5cO68RG10
rRIVt_Dh.98,12:10:36,T10,Team T10,120,kq4tNYmF,uoZoRJdL58Ys=
rRIVt_Dh.99,12:10:36,T10,Team T10,120,kq4tNYmF,uLUDTEt_WlTqRU==
rRIVt_Dh.100,12:10:36,T10,Team T10,120,9q2FDGs,mDdOzIkZ0sZ=
rRIVt_Dh.101,12:10:36,T10,Team T10,121,xjJQSHRC,HrGO1JE==
rRIVt_Dh.102,12:10:36,T10,Team T10,121,xjJQSHRC,H9w==
rRIVt_Dh.103,12:10:36,T10,Team T10,121,xjJQSHRC,HkS51_IPO
rRIVt_Dh.104,12:10:36,T10,Team T10,121,xjJQSHRC,zwScLWWF==
rRIVt_Dh.105,12:10:36,T10,Team T10,121,xjJQSHRC,zwScLVPP==
rRIVt_Dh.106,12:10:36,T10,Team T10,121,xjJQSHRC,HaM==
rRIVt_Dh.107,12:10:36,T10,Team T10,122,Fbnm0ntiG,MpNAQyJDt=
rRIVt_Dh.108,12:10:36,T10,Team T10,123,L20xI02vrbb,7chFBV2ylum1=
rRIVt_Dh.109,12:10:36,T10,Team T10,123,X5jAM97g,ZisYFnUJc9e9h
rRIVt_Dh.110,12:10:36,T10,Team T10,123,X5jAM97g,723Jzgg==
rRIVt_Dh.111,12:10:36,T10,Team T10,124,YVFUNJNscs6,cb7mK62tUXe6KkmVjZVQ==
rRIVt_Dh.112,12:10:36,T10,Team T10,124,YVFUNJNscs6,cb7mK51thsnU==
rRIVt_Dh.113,12:10:36,T10,Team T10,124,YVFUNJNscs6,k9VqK0PpqCam=
rRIVt_Dh.114,12:10:36,T10,Team T10,124,YVFUNJNscs6,kUNhUN0m=
rRIVt_Dh.115,12:10:36,T10,Team T10,124,5XH6UPJcc,cb7mKZMf2p4QFhka==
rRIVt_Dh.116,12:10:36,T10,Team T10,124,YVFUNJNscs6,cb7mK3GGbq6RV1fWr=
rRIVt_Dh.117,12:10:36,T10,Team T10,124,YVFUNJNscs6,k3NTIOTI9zleR8h==
rRIVt_Dh.118,12:10:36,T10,Team T10,124,YVFUNJNscs6,k76VPXbm5Ij==
rRIVt_Dh.119,12:10:36,T10,Team T10,124,5XH6UPJcc,cb7mK23g==
rRIVt_Dh.120,12:10:36,T10,Team T10,124,aYYXRSSd,cb7mK5RpXv
rRIVt_Dh.121,12:10:36,T10,Team T10,125,bOA1SsipXZ1,x2C95
rRIVt_Dh.122,12:10:36,T10,Team T10,125,nRT4WBna,x8Yletg8d4kp=
rRIVt_Dh.123,12:10:36,T10,Team T10,125,iQCdZye9X,p42uPKidMoe2La7l==
rRIVt_Dh.124,12:10:36,T10,Team T10,125,iQCdZye9X,p42uPKhiG=
rRIVt_Dh.125,12:10:36,T10,Team T10,125,bOA1SsipXZ1,xM8bUmEb=
rRIVt_Dh.126,12:10:36,T10,Team T10,125,bOA1SsipXZ1,xLQ==
rRIVt_Dh.127,12:10:36,T10,Team T10,125,nRT4WBna,xPW==
rRIVt_Dh.128,12:10:36,T10,Team T10,125,nRT4WBna,xTEfQjbF=
rRIVt_Dh.129,12:10:36,T10,Team T10,125,iQCdZye9X,p42uPMoaKj
rRIVt_Dh.130,12:10:36,T10,Team T10,125,bOA1SsipXZ1,xZZeTxrm1YdjohM==
rRIVt_Dh.131,12:10:36,T10,Team T10,127,YmcXT0u3t,5ACgJeHdpR
rRIVt_Dh.132,12:10:36,T10,Team T10,127,RkaLMUyjtxR,drk5G6MwlEP5C
rRIVt_Dh.133,12:10:36,T10,Team T10,127,3ntOQ3D4,dud2KNJjAWSt=
rRIVt_Dh.134,12:10:36,T10,Team T10,127,YmcXT0u3t,5ACgJeD6wv7nK=
rRIVt_Dh.135,12:10:36,T10,Team T10,127,YmcXT0u3t,5ACgJeG2Fye6vTaBnh
rRIVt_Dh.136,12:10:36,T10,Team T10,128,4dP8RDjge4w,qfla1Le4emZgh
rRIVt_Dh.137,12:10:36,T10,Team T10,128,4dP8RDjge4w,q7V==
rRIVt_Dh.138,12:10:36,T10,Team T10,128,4dP8RDjge4w,qpb==
rRIVt_Dh.139,12:10:36,T10,Team T10,128,bfRkYJf0e,ithEOYxejuEm==
rRIVt_Dh.140,12:10:36,T10,Team T10,129,o8MHNIKHZ,vmc2DS26TDOB3MMpJf0L==
rRIVt_Dh.141,12:10:36,T10,Team T10,129,o8MHNIKHZ,vmc2DX_X5wInO=
rRIVt_Dh.142,12:10:36,T10,Team T10,129,o8MHNIKHZ,vmc2DYPI2lNufv5qm
rRIVt_Dh.143,12:10:36,T10,Team T10,129,t93yKLTI,DeiBDs54JjUp
rRIVt_Dh.144,12:10:36,T10,Team T10,129,o8MHNIKHZ,vmc2DWNUOKGrWqG==
rRIVt_Dh.145,12:10:36,T10,Team T10,129,o8MHNIKHZ,vmc2DSZGNQqqUgPrCh
rRIVt_Dh.146,12:10:36,T10,Team T10,129,h6KvGCOXZlr,D8RN=
rRIVt_Dh.147,12:10:36,T10,Team T10,129,o8MHNIKHZ,vmc2DYNFYGujheKfv
rRIVt_Dh.148,12:10:36,T10,Team T10,129,h6KvGCOXZlr,De5MKr4Z=
rRIVt_Dh.149,12:10:36,T10,Team T10,129,t93yKLTI,Dj_NzN2==
rRIVt_Dh.150,12:10:36,T10,Team T10,130,utp6Sbp,HGBfOpFJOMQR=
rRIVt_Dh.151,12:10:36,T10,Team T10,131,GjNe33JKwQA,UzgD0k6_w1
rRIVt_Dh.152,12:10:36,T10,Team T10,131,NlPqa9Fuw,UzgD0jWPsVT4mOa6Z=
rRIVt_Dh.153,12:10:36,T10,Team T10,131,Sm6h7cOv,28N==
rRIVt_Dh.154,12:10:36,T10,Team T10,131,GjNe33JKwQA,UzgD0l2BeZy7mQ5fXx6c==
rRIVt_Dh.155,12:10:36,T10,Team T10,131,GjNe33JKwQA,2wYtsTQCnUO26Cd==
rRIVt_Dh.156,12:10:36,T10,Team T10,131,GjNe33JKwQA,UzgD0nKKs1S7iNu04ZZy==
rRIVt_Dh.157,12:10:36,T10,Team T10,131,GjNe33JKwQA,UzgD0mNRCeHpfygY==
rRIVt_Dh.158,12:10:36,T10,Team T10,131,Sm6h7cOv,2v0y8SDGp8==
rRIVt_Dh.159,12:10:36,T10,Team T10,131,Sm6h7cOv,2sgKqgB==
rRIVt_Dh.160,12:10:36,T10,Team T10,132,TcIBSMuHh7v,7sb1PazO3ePedc8v==
rRIVt_Dh.161,12:10:36,T10,Team T10,132,0eKNZSqrh,7sb1P3vv==
rRIVt_Dh.162,12:10:36,T10,Team T10,132,5f1EWVzs,7sb1P7GBnv0edX6F==
rRIVt_Dh.163,12:10:36,T10,Team T10,132,TcIBSMuHh7v,7sb1Paow6xCbVk6Cg=
rRIVt_Dh.164,12:10:36,T10,Team T10,132,5f1EWVzs,7sb1PaHJe6
rRIVt_Dh.165,12:10:36,T10,Team T10,132,5f1EWVzs,7sb1P7nD4yN8Kl8rG
rRIVt_Dh.166,12:10:36,T10,Team T10,132,5f1EWVzs,7sb1P6GvlBHl==
rRIVt_Dh.167,12:10:36,T10,Team T10,132,5f1EWVzs,7sb1PaAs7rvp2
rRIVt_Dh.168,12:10:36,T10,Team T10,133,i8GL1E4p,sfEK=
rRIVt_Dh.169,12:10:36,T10,Team T10,133,d7pU4BVo2,klQ9ULnG5N
rRIVt_Dh.170,12:10:36,T10,Team T10,133,i8GL1E4p,s9sO=
rRIVt_Dh.171,12:10:36,T10,Team T10,133,i8GL1E4p,s2t==
rRIVt_Dh.172,12:10:36,T10,Team T10,134,vLl86nPm,F5dknnRpEVhpx
rRIVt_Dh.173,12:10:36,T10,Team T10,134,jI252eKBNV5,FFcf9lREvXuz=
rRIVt_Dh.174,12:10:36,T10,Team T10,134,qK4h9kGlN,xYvxZwIBV8
rRIVt_Dh.175,12:10:36,T10,Team T10,134,qK4h9kGlN,xYvxZxIGSolxq
rRIVt_Dh.176,12:10:36,T10,Team T10,134,vLl86nPm,FXac6gSAwcfn=
rRIVt_Dh.177,12:10:36,T10,Team T10,134,vLl86nPm,F26CfnCoyWfGo
rRIVt_Dh.178,12:10:36,T10,Team T10,134,vLl86nPm,xYvxZCNBO=
rRIVt_Dh.179,12:10:36,T10,Team T10,134,vLl86nPm,FC9c7
rRIVt_Dh.180,12:10:36,T10,Team T10,134,jI252eKBNV5,xYvxZBOAOT2r==
rRIVt_Dh.181,12:10:36,T10,Team T10,134,jI252eKBNV5,FQfmdgI==
rRIVt_Dh.182,12:10:36,T10,Team T10,135,IEgvV6k3,SW3==
rRIVt_Dh.183,12:10:36,T10,Team T10,135,IEgvV6k3,SXZC=
rRIVt_Dh.184,12:10:36,T10,Team T10,135,DDZEY3b2y,KRqVOeh0==
rRIVt_Dh.185,12:10:36,T10,Team T10,135,IEgvV6k3,SvpsRM7==
rRIVt_Dh.186,12:10:36,T10,Team T10,135,IEgvV6k3,SFmr0676paX==
rRIVt_Dh.187,12:10:36,T10,Team T10,135,IEgvV6k3,KRqVOlwpgH8uEYtVvlFO==
rRIVt_Dh.188,12:10:36,T10,Team T10,135,wBXsRXfiyc0,SCqJS
rRIVt_Dh.189,12:10:36,T10,Team T10,135,wBXsRXfiyc0,SyhEHin==
rRIVt_Dh.190,12:10:36,T10,Team T10,135,wBXsRXfiyc0,SA6R9Ub5qEvu=
rRIVt_Dh.191,12:10:36,T10,Team T10,135,IEgvV6k3,SOkxP2n==
rRIVt_Dh.192,12:10:36,T10,Team T10,136,QwE13MWZj,XK5jTX52o=
rRIVt_Dh.193,12:10:36,T10,Team T10,136,VxVS0P50,XK5jT4mXmeeCg_TZK=
rRIVt_Dh.194,12:10:36,T10,Team T10,136,VxVS0P50,5NSR=
rRIVt_Dh.195,12:10:36,T10,Team T10,136,VxVS0P50,5xF1=
rRIVt_Dh.196,12:10:36,T10,Team T10,136,VxVS0P50,XK5jT4XkwJ7rwUW7Y=
rRIVt_Dh.197,12:10:36,T10,Team T10,136,JuCPWG0fjJV,5HYUS
rRIVt_Dh.198,12:10:36,T10,Team T10,136,VxVS0P50,5v090
rRIVt_Dh.199,12:10:36,T10,Team T10,137,Wnxc1pvc40Q,ixAk=
rRIVt_Dh.200,12:10:36,T10,Team T10,137,8qQf5yAX,iGyxnho8=
rRIVt_Dh.201,12:10:36,T10,Team T10,137,Wnxc1pvc40Q,aD0HYMNc_ddAlmHQlKPI==
rRIVt_Dh.202,12:10:36,T10,Team T10,138,gieLXecTP,nwF5NsugPdNH7LIX4yc==
rRIVt_Dh.203,12:10:36,T10,Team T10,138,9gczQ8g9Phv,vshAQ2u==
rRIVt_Dh.204,12:10:36,T10,Team T10,138,gieLXecTP,nwF5Nqw3LvKTQS4==
rRIVt_Dh.205,12:10:36,T10,Team T10,138,ljvCUhlU,vriL=
rRIVt_Dh.206,12:10:36,T10,Team T10,138,ljvCUhlU,v8eGI
rRIVt_Dh.207,12:10:36,T10,Team T10,138,9gczQ8g9Phv,vooUT08==
rRIVt_Dh.208,12:10:36,T10,Team T10,139,m97GVRL6AOq,I_xcTRITA4z4=
rRIVt_Dh.209,12:10:36,T10,Team T10,139,ycqJZ0QR,I5mZa1P6=
rRIVt_Dh.210,12:10:36,T10,Team T10,139,m97GVRL6AOq,IslYR5J==
rRIVt_Dh.211,12:10:36,T10,Team T10,139,ycqJZ0QR,I7hHYHYUt9_3t
rRIVt_Dh.212,12:10:36,T10,Team T10,140,zwMx7qm,MJZG3orWp6Uu=
rRIVt_Dh.213,12:10:36,T10,Team T10,141,XptI6rLo,7vE7kvy==
rRIVt_Dh.214,12:10:36,T10,Team T10,141,XptI6rLo,ZCE4ZDDO4FBrLfLFO=
rRIVt_Dh.215,12:10:36,T10,Team T10,141,LmaF2iGD7jz,7zhUloGOdlxxS
rRIVt_Dh.216,12:10:36,T10,Team T10,143,bSK9cKWxDR9,p8eA98WltSlwZL
rRIVt_Dh.217,12:10:36,T10,Team T10,143,iUMljQShD,p8eA92Yut2dJbTglC=
rRIVt_Dh.218,12:10:36,T10,Team T10,143,nV3cgT1i,xLOiiEmC
rRIVt_Dh.219,12:10:36,T10,Team T10,143,nV3cgT1i,p8eA94T_m4tDW913==
rRIVt_Dh.220,12:10:36,T10,Team T10,143,iUMljQShD,p8eA90bxKbxnM=
rRIVt_Dh.221,12:10:36,T10,Team T10,143,bSK9cKWxDR9,xSiu30RkzZs==
rRIVt_Dh.222,12:10:36,T10,Team T10,145,3HDWalhc,dFw1Zle=
rRIVt_Dh.223,12:10:36,T10,Team T10,145,3HDWalhc,dEtd=
rRIVt_Dh.224,12:10:36,T10,Team T10,145,3HDWalhc,5UOm3xqlGDjMq=
rRIVt_Dh.225,12:10:36,T10,Team T10,145,REkT6ccrTFZ,dQskk5nd=
rRIVt_Dh.226,12:10:36,T10,Team T10,145,3HDWalhc,5UOm3xgh6_1fiiNZJa
rRIVt_Dh.227,12:10:36,T10,Team T10,145,3HDWalhc,dXx8c1_ETJa3s
rRIVt_Dh.228,12:10:36,T10,Team T10,145,3HDWalhc,5UOm3A8lQB
rRIVt_Dh.229,12:10:36,T10,Team T10,146,bz1si1T8E,iNtK8fQbw4
rRIVt_Dh.230,12:10:36,T10,Team T10,146,bz1si1T8E,iNtK8fUCO3Rtrppg==
rRIVt_Dh.231,12:10:36,T10,Team T10,146,bz1si1T8E,iNtK8dl7L_W8WC
rRIVt_Dh.232,12:10:36,T10,Team T10,146,4xZgbVXoEWU,qJlske7BB_7Ygxl==
rRIVt_Dh.233,12:10:36,T10,Team T10,146,4xZgbVXoEWU,qusge
rRIVt_Dh.234,12:10:36,T10,Team T10,146,bz1si1T8E,iNtK8cm6==
rRIVt_Dh.235,12:10:36,T10,Team T10,146,4xZgbVXoEWU,qF6wl_l7UnR==
rRIVt_Dh.236,12:10:36,T10,Team T10,146,4xZgbVXoEWU,iNtK8j8lmkV62ripgU3S==
rRIVt_Dh.237,12:10:36,T10,Team T10,146,gAijf429,iNtK8jTnCW6bdvAvZ=
rRIVt_Dh.238,12:10:36,T10,Team T10,146,bz1si1T8E,iNtK8cZAJS9r7r
rRIVt_Dh.239,12:10:36,T10,Team T10,147,osWP7Ko5p,vGo8XZzztt
rRIVt_Dh.240,12:10:36,T10,Team T10,147,hqUD0EslptP,DJ8WYuG==
rRIVt_Dh.241,12:10:36,T10,Team T10,147,hqUD0EslptP,vGo8X1HllV3PS=
rRIVt_Dh.242,12:10:36,T10,Team T10,147,ttdG4Nx6,vGo8X1F5xsZ6MNM3==
rRIVt_Dh.243,12:10:36,T10,Team T10,147,ttdG4Nx6,Do9EbGlkcsU_T0K==
rRIVt_Dh.244,12:10:36,T10,Team T10,148,ujzK5nd2aKK,QpE96Aoi=
rRIVt_Dh.245,12:10:36,T10,Team T10,149,TfNaefNK,3qUlmZ6OOmCj8==
rRIVt_Dh.246,12:10:36,T10,Team T10,149,Hcu7a6IZVhp,34DEh1NTDom==
rRIVt_Dh.247,12:10:36,T10,Team T10,149,TfNaefNK,3dvnwbUfUoAr=
rRIVt_Dh.248,12:10:36,T10,Team T10,149,Hcu7a6IZVhp,3nQ==
rRIVt_Dh.249,12:10:36,T10,Team T10,149,OewjhcEJV,VsYE7tV7NxPyOx3YN2J5==
rRIVt_Dh.250,12:10:36,T10,Team T10,149,Hcu7a6IZVhp,31Sjv5VN=
rRIVt_Dh.251,12:10:36,T10,Team T10,150,5zbMgddA,7Mn79k7RHIRNo
rRIVt_Dh.252,12:10:36,T10,Team T10,150,TwSJc48PHfD,7Mn79qgFK=
rRIVt_Dh.253,12:10:36,T10,Team T10,150,5zbMgddA,fwW1o
rRIVt_Dh.254,12:10:36,T10,Team T10,150,Uz9Y6Vj,7Mn723iAFwOBAoZ5I
rRIVt_Dh.255,12:10:36,T10,Team T10,150,TwSJc48PHfD,7Mn79ny3SvJz==
rRIVt_Dh.256,12:10:36,T10,Team T10,150,5zbMgddA,fx2bqUcSt
rRIVt_Dh.257,12:10:36,T10,Team T10,150,TwSJc48PHfD,fvW1l
rRIVt_Dh.258,12:10:36,T10,Team T10,151,69xQhNDMswy,kp2fe5WZwIM0==
rRIVt_Dh.259,12:10:36,T10,Team T10,151,69xQhNDMswy,kp2feb2IsFvMbYlTd=
rRIVt_Dh.260,12:10:36,T10,Team T10,151,icQTlWIx,sfEQn0FGoRCW=
rRIVt_Dh.261,12:10:36,T10,Team T10,151,icQTlWIx,kp2febBOmJKanSCD2uFw==
rRIVt_Dh.262,12:10:36,T10,Team T10,151,icQTlWIx,sqB9GY2Yjyv==
rRIVt_Dh.263,12:10:36,T10,Team T10,151,69xQhNDMswy,s2T==
rRIVt_Dh.264,12:10:36,T10,Team T10,151,icQTlWIx,sZBWmWJvxNQStMx==
rRIVt_Dh.265,12:10:36,T10,Team T10,152,j2sdmwoJd3t,FXXitvsP6hy4PmM==
rRIVt_Dh.266,12:10:36,T10,Team T10,152,v5LgqFtu,xiXDjRix48MW2i4T==
rRIVt_Dh.267,12:10:36,T10,Team T10,152,j2sdmwoJd3t,FdwcFBmZY0rn_h2==
rRIVt_Dh.268,12:10:36,T10,Team T10,152,v5LgqFtu,xiXDjUkE0nI9P8
rRIVt_Dh.269,12:10:36,T10,Team T10,152,j2sdmwoJd3t,FUO==
rRIVt_Dh.270,12:10:36,T10,Team T10,152,v5LgqFtu,xiXDjOmF10z0XgZZEa
rRIVt_Dh.271,12:10:36,T10,Team T10,152,j2sdmwoJd3t,FdHz_Gw==
rRIVt_Dh.272,12:10:36,T10,Team T10,152,v5LgqFtu,F_zeFHzR=
rRIVt_Dh.273,12:10:36,T10,Team T10,152,v5LgqFtu,FZvlB_Ix3l==
rRIVt_Dh.274,12:10:36,T10,Team T10,152,v5LgqFtu,xiXDjQnDUmJ5==
rRIVt_Dh.275,12:10:36,T10,Team T10,154,VRl0k7J8,56qub4U_N5jl=
rRIVt_Dh.276,12:10:36,T10,Team T10,154,VRl0k7J8,5Qx0y0FcrPm==
rRIVt_Dh.277,12:10:36,T10,Team T10,155,8K0npQe5,iQYDtTy5xdtoSAx==
rRIVt_Dh.278,12:10:36,T10,Team T10,155,WHHklH9ku8Y,iwUyr
rRIVt_Dh.279,12:10:36,T10,Team T10,155,WHHklH9ku8Y,aXcNi3fgkD
rRIVt_Dh.280,12:10:36,T10,Team T10,155,3JJwsN54u,aXcNiZ4mt4fgHEtCoS
rRIVt_Dh.281,12:10:36,T10,Team T10,156,lDVuezJ2,vt2rwAMc
rRIVt_Dh.282,12:10:36,T10,Team T10,156,9ACraqEhfpT,vS6u6
rRIVt_Dh.283,12:10:36,T10,Team T10,156,lDVuezJ2,vv2B3oZ8YKlypR8==
rRIVt_Dh.284,12:10:36,T10,Team T10,156,gCEDhwA1f,nQ7V7LB0XqgQq=
rRIVt_Dh.285,12:10:36,T10,Team T10,156,9ACraqEhfpT,nQ7V7MFia=
rRIVt_Dh.286,12:10:36,T10,Team T10,156,lDVuezJ2,nQ7V7NA5ZsouJf
rRIVt_Dh.287,12:10:36,T10,Team T10,156,9ACraqEhfpT,vDXQe_yx=
rRIVt_Dh.288,12:10:36,T10,Team T10,156,9ACraqEhfpT,vJGrq
rRIVt_Dh.289,12:10:36,T10,Team T10,156,lDVuezJ2,vDUJ8j502
rRIVt_Dh.290,12:10:36,T10,Team T10,158,GoYnrYQVL,NCrHh9ZfBmavPWcQw=
rRIVt_Dh.291,12:10:36,T10,Team T10,158,GoYnrYQVL,NCrHhfchzgRWK=
rRIVt_Dh.292,12:10:36,T10,Team T10,159,ThTKgHBSw,0vm56R_fyPPQPND==
rRIVt_Dh.293,12:10:36,T10,Team T10,159,ThTKgHBSw,0vm56UXnewyO==
rRIVt_Dh.294,12:10:36,T10,Team T10,159,YiaBdKKT,84kXmvx==
rRIVt_Dh.295,12:10:36,T10,Team T10,160,Zmw9lag,czLihp9z46XraO_AUv1==
rRIVt_Dh.296,12:10:36,T10,Team T10,162,v7RQsR1mO,Cll4i16FyHNh_sls3X
rRIVt_Dh.297,12:10:36,T10,Team T10,163,N1N4uDVk,X81nvwWtl4FDZMO==
rRIVt_Dh.298,12:10:36,T10,Team T10,163,BYu1quQzzNn,Pe0snSbx==
rRIVt_Dh.299,12:10:36,T10,Team T10,163,I0wdxAMjz,Pe0snLfMNV_SVPa3A=
rRIVt_Dh.300,12:10:36,T10,Team T10,163,N1N4uDVk,Pe0snOWqyN
rRIVt_Dh.301,12:10:36,T10,Team T10,163,N1N4uDVk,XiCennVH=
rRIVt_Dh.302,12:10:36,T10,Team T10,163,BYu1quQzzNn,X8Kj=
rRIVt_Dh.303,12:10:36,T10,Team T10,163,N1N4uDVk,X2TkNCY==
rRIVt_Dh.304,12:10:36,T10,Team T10,163,N1N4uDVk,X7VorEOx=
rRIVt_Dh.305,12:10:36,T10,Team T10,164,4Rpovdlwk42,qSKwInnBfikBr
rRIVt_Dh.306,12:10:36,T10,Team T10,164,4Rpovdlwk42,qZMJDinj
rRIVt_Dh.307,12:10:36,T10,Team T10,164,gUIrzmqh,i7VQsBvhehhRS5Bkh4be==
rRIVt_Dh.308,12:10:36,T10,Team T10,164,4Rpovdlwk42,qJuORfBtoikFv
rRIVt_Dh.309,12:10:36,T10,Team T10,164,gUIrzmqh,i7VQsBMtmexSTSIanj
rRIVt_Dh.310,12:10:36,T10,Team T10,164,gUIrzmqh,qXWwG4nBuzhGxS==
rRIVt_Dh.311,12:10:36,T10,Team T10,164,4Rpovdlwk42,qQUEt3Ik8
rRIVt_Dh.312,12:10:36,T10,Team T10,164,gUIrzmqh,qIFGGpnjbebSTS==
rRIVt_Dh.313,12:10:36,T10,Team T10,164,gUIrzmqh,qOKJy2ni=
rRIVt_Dh.314,12:10:36,T10,Team T10,164,gUIrzmqh,i7VQsAKMnixMQbykvq
rRIVt_Dh.315,12:10:36,T10,Team T10,165,hK4vkW6t5BX,DB_wfkfp=
rRIVt_Dh.316,12:10:36,T10,Team T10,165,tNnyo5be,DGpYqh8xfC7Jax4==
rRIVt_Dh.317,12:10:36,T10,Team T10,166,uDZSpFBaQSS,ITvmm1A5GY9_Ww
rRIVt_Dh.318,12:10:36,T10,Team T10,166,BF14wLxUQ,ITvmmYyl03c5MyB7yHCi==
rRIVt_Dh.319,12:10:36,T10,Team T10,166,uDZSpFBaQSS,QH5elz02UO==
rRIVt_Dh.320,12:10:36,T10,Team T10,166,GGiVtOGV,QMrfwUE4z0dFKwF==
rRIVt_Dh.321,12:10:36,T10,Team T10,166,GGiVtOGV,QY6Tg1Y6R1XY=
rRIVt_Dh.322,12:10:36,T10,Team T10,166,uDZSpFBaQSS,QIwYBv1aV4P==
rRIVt_Dh.323,12:10:36,T10,Team T10,166,BF14wLxUQ,ITvmmW04KQQYIAXiA
rRIVt_Dh.324,12:10:36,T10,Team T10,166,GGiVtOGV,QAnay2W0CYdF4sP==
rRIVt_Dh.325,12:10:36,T10,Team T10,166,BF14wLxUQ,ITvmmVWgH8gXJ=
rRIVt_Dh.326,12:10:36,T10,Team T10,167,TzXiixrS,VMaKbMlX2B3_WFpr==
rRIVt_Dh.327,12:10:36,T10,Team T10,167,HwEfeom7l9N,3zbvvnHXurN0S
rRIVt_Dh.328,12:10:36,T10,Team T10,167,TzXiixrS,3xQMCGwlu
rRIVt_Dh.329,12:10:36,T10,Team T10,167,TzXiixrS,VMaKbLMe8_
rRIVt_Dh.330,12:10:36,T10,Team T10,167,TzXiixrS,VMaKbLyZ2=
rRIVt_Dh.331,12:10:36,T10,Team T10,168,UpzCj7R46GI,8F58gvTUXbUSsYHDPPcK==
rRIVt_Dh.332,12:10:36,T10,Team T10,168,UpzCj7R46GI,giD4s63kcTVcC
rRIVt_Dh.333,12:10:36,T10,Team T10,168,6sSFngWP,gsFC=
rRIVt_Dh.334,12:10:36,T10,Team T10,168,1rBOqdNO6,8F58gtYgW8Sbr1FXSQ
rRIVt_Dh.335,12:10:36,T10,Team T10,168,6sSFngWP,gBSTv707hVXe=
rRIVt_Dh.336,12:10:36,T10,Team T10,169,e4gbvWyLR,liKwlbL_ZW
rRIVt_Dh.337,12:10:36,T10,Team T10,169,e4gbvWyLR,liKwlcvX4aDh==
rRIVt_Dh.338,12:10:36,T10,Team T10,169,e4gbvWyLR,liKwldR2Ofsecpxrlq
rRIVt_Dh.339,12:10:36,T10,Team T10,169,j5x2sZHM,tngjicu==
rRIVt_Dh.340,12:10:36,T10,Team T10,169,e4gbvWyLR,liKwldGJUknY2dl6q=
rRIVt_Dh.341,12:10:36,T10,Team T10,169,j5x2sZHM,tmk9NQ_J=
rRIVt_Dh.342,12:10:36,T10,Team T10,169,j5x2sZHM,ta_ez3ZM
rRIVt_Dh.343,12:10:36,T10,Team T10,169,j5x2sZHM,tY_0MF==
rRIVt_Dh.344,12:10:36,T10,Team T10,170,kpTAkpX,xC9JgndJD_KMwGQ==
rRIVt_Dh.345,12:10:36,T10,Team T10,170,kpTAkpX,xC9JgMcV3tBvF
rRIVt_Dh.346,12:10:36,T10,Team T10,171,DhjUCDtyo,KvO7sNvT6uEFYL
rRIVt_Dh.347,12:10:36,T10,Team T10,172,J8c5Ag2v9Jr,XoJvxyggbOAFC=
rRIVt_Dh.348,12:10:36,T10,Team T10,172,Vbv8Ep7g,5fFnz6dqd4W4AVW==
rRIVt_Dh.349,12:10:36,T10,Team T10,172,Vbv8Ep7g,XoJvxDXv3HEP==
rRIVt_Dh.350,12:10:36,T10,Team T10,172,J8c5Ag2v9Jr,55s==
rRIVt_Dh.351,12:10:36,T10,Team T10,172,J8c5Ag2v9Jr,XoJvxE7l6MHF==
rRIVt_Dh.352,12:10:36,T10,Team T10,172,J8c5Ag2v9Jr,55mrxjg==
rRIVt_Dh.353,12:10:36,T10,Team T10,172,J8c5Ag2v9Jr,XoJvxA_xc3z4Hic1vUY==
rRIVt_Dh.354,12:10:36,T10,Team T10,172,Vbv8Ep7g,5oF7=
rRIVt_Dh.355,12:10:36,T10,Team T10,172,QaehHmYf9,XoJvxwdiWQxz==
rRIVt_Dh.356,12:10:36,T10,Team T10,173,W1RspZNsUgm,iUX==
rRIVt_Dh.357,12:10:36,T10,Team T10,173,33TEw5JcU,ahoTmgbDBm
rRIVt_Dh.358,12:10:36,T10,Team T10,173,84avt8Sd,ahoTmnLBLxDNz=
rRIVt_Dh.359,12:10:36,T10,Team T10,173,33TEw5JcU,ahoTmhIgUmLOfj
rRIVt_Dh.360,12:10:36,T10,Team T10,173,W1RspZNsUgm,im0xHQJxMnF==
rRIVt_Dh.361,12:10:36,T10,Team T10,173,33TEw5JcU,ahoTmhWeXeGKAnwa=
rRIVt_Dh.362,12:10:36,T10,Team T10,173,33TEw5JcU,ahoTmfLgYKBcC7vU==
rRIVt_Dh.363,12:10:36,T10,Team T10,173,84avt8Sd,i38rz
rRIVt_Dh.364,12:10:36,T10,Team T10,173,W1RspZNsUgm,ahoTmmXzOfETmlJQN
rRIVt_Dh.365,12:10:36,T10,Team T10,173,84avt8Sd,ahoTmm2kPCkbt=
rRIVt_Dh.366,12:10:36,T10,Team T10,176,zGmjoayjblR,VHvDp2thhiO==
rRIVt_Dh.367,12:10:36,T10,Team T10,176,GIovvgu3b,NWTNlrvjduWdy2dd==
rRIVt_Dh.368,12:10:36,T10,Team T10,176,GIovvgu3b,NWTNlsGukL82wKwd==
rRIVt_Dh.369,12:10:36,T10,Team T10,176,zGmjoayjblR,VUrLmhuo6
rRIVt_Dh.370,12:10:36,T10,Team T10,178,bff6CLTY,l5ip=
rRIVt_Dh.371,12:10:36,T10,Team T10,178,ZcW3yCOdHTH,l25wzxIt=
rRIVt_Dh.372,12:10:36,T10,Team T10,179,c5BanlzUsqm,ysXBGmx==
rRIVt_Dh.373,12:10:36,T10,Team T10,179,j7DmurvEs,ql8HkGLVkttEgP
rRIVt_Dh.374,12:10:36,T10,Team T10,179,j7DmurvEs,ql8HkDEFyFGGCFCvHL
rRIVt_Dh.375,12:10:36,T10,Team T10,179,j7DmurvEs,ql8HkGsNxnzi==
rRIVt_Dh.376,12:10:36,T10,Team T10,179,o8UdruEF,yeTfu
rRIVt_Dh.377,12:10:36,T10,Team T10,180,AsiPJcOv,KB7ZK1HAYlyS=
rRIVt_Dh.378,12:10:36,T10,Team T10,180,opZMF3JKeoA,CFxaCnNEf__1ZJJjy7mA==
rRIVt_Dh.379,12:10:36,T10,Team T10,180,opZMF3JKeoA,KJ66QgIKjC42=
rRIVt_Dh.380,12:10:36,T10,Team T10,180,opZMF3JKeoA,CFxaCoFP6zFQ==
rRIVt_Dh.381,12:10:36,T10,Team T10,180,opZMF3JKeoA,CFxaCqXCWLOdODD7b=
rRIVt_Dh.382,12:10:36,T10,Team T10,180,opZMF3JKeoA,CFxaCkWO9nPQ=
rRIVt_Dh.383,12:10:36,T10,Team T10,180,AsiPJcOv,Kvg0FfPv7AydXZD==
rRIVt_Dh.384,12:10:36,T10,Team T10,180,psg1zUU,CFxavT4w6
rRIVt_Dh.385,12:10:36,T10,Team T10,181,BiU9KMuHZVv,PysyHauvPXW11TXlE=
rRIVt_Dh.386,12:10:36,T10,Team T10,181,BiU9KMuHZVv,Xja==
rRIVt_Dh.387,12:10:36,T10,Team T10,181,BiU9KMuHZVv,XigyX4DzXd==
rRIVt_Dh.388,12:10:36,T10,Team T10,182,0eSzDE4p,am6_X
rRIVt_Dh.389,12:10:36,T10,Team T10,182,0eSzDE4p,2r7WwT2qylPZCwG9vu
rRIVt_Dh.390,12:10:36,T10,Team T10,182,ObzwzvZEKcq,apDJCy4wwgWdLHD==
rRIVt_Dh.391,12:10:36,T10,Team T10,182,ObzwzvZEKcq,aaNAVGbs=
rRIVt_Dh.392,12:10:36,T10,Team T10,184,BZbcQ3big,IdHsGdenj
rRIVt_Dh.393,12:10:36,T10,Team T10,184,uX90JXfyg00,IdHsGjakh=
rRIVt_Dh.394,12:10:36,T10,Team T10,184,G0s3N6kj,IdHsGjAPgn
rRIVt_Dh.395,12:10:36,T10,Team T10,184,BZbcQ3big,IdHsGgeDc3diGV
rRIVt_Dh.396,12:10:36,T10,Team T10,184,uX90JXfyg00,IdHsGljnu52o==
rRIVt_Dh.397,12:10:36,T10,Team T10,185,OSQzFMWZ1,V6mQvY473o
rRIVt_Dh.398,12:10:36,T10,Team T10,185,HQOnyG0f1hV,V6mQv3diVlVJy=
rRIVt_Dh.399,12:10:36,T10,Team T10,185,OSQzFMWZ1,V6mQvZYeSfpz==
rRIVt_Dh.400,12:10:36,T10,Team T10,185,OSQzFMWZ1,V6mQvX2dZ_80u_sp==
rRIVt_Dh.401,12:10:36,T10,Team T10,185,HQOnyG0f1hV,3T4==
rRIVt_Dh.402,12:10:36,T10,Team T10,185,HQOnyG0f1hV,3Vcv=
rRIVt_Dh.403,12:10:36,T10,Team T10,185,TT7qCP50,V6mQv4StVwWNEjEpvsIX==
rRIVt_Dh.404,12:10:36,T10,Team T10,186,1vLWKvrWM,8JheAJDWvKRINn
rRIVt_Dh.405,12:10:36,T10,Team T10,186,1vLWKvrWM,8JheAIpVNWlE==
rRIVt_Dh.406,12:10:36,T10,Team T10,188,kfjexRL6imG,G5wyIVUX1mD==
rRIVt_Dh.407,12:10:36,T10,Team T10,188,wiChB0QR,Gaz==
rRIVt_Dh.408,12:10:36,T10,Team T10,188,wiChB0QR,GkxcPQF2rBT==
rRIVt_Dh.409,12:10:36,T10,Team T10,188,rhlqEXHQi,yvRKu7PccHTdzR
rRIVt_Dh.410,12:10:36,T10,Team T10,188,kfjexRL6imG,yvRKufJnd=
rRIVt_Dh.411,12:10:36,T10,Team T10,188,rhlqEXHQi,yvRKuaSOZ=
rRIVt_Dh.412,12:10:36,T10,Team T10,188,wiChB0QR,GvmxQXGO4o5S=
rRIVt_Dh.413,12:10:36,T10,Team T10,188,rhlqEXHQi,yvRKue402LJij=
rRIVt_Dh.414,12:10:36,T10,Team T10,188,rhlqEXHQi,yvRKue0QikORdiI_oy
rRIVt_Dh.415,12:10:36,T10,Team T10,189,x8YBCAw33DB,Tg5H
rRIVt_Dh.416,12:10:36,T10,Team T10,189,x8YBCAw33DB,T4cFCxy3h
rRIVt_Dh.417,12:10:36,T10,Team T10,189,Ea0NJGsN3,Low8zUT84QL9U_
rRIVt_Dh.418,12:10:36,T10,Team T10,190,VvFgYrLE,5orj=
rRIVt_Dh.419,12:10:36,T10,Team T10,190,KvDsO9R,XIVBKaX9G
rRIVt_Dh.420,12:10:36,T10,Team T10,190,KvDsO9R,XIVBKu1KX3==
rRIVt_Dh.421,12:10:36,T10,Team T10,190,KvDsO9R,XIVBKgKMGaFz=
rRIVt_Dh.422,12:10:36,T10,Team T10,191,8oAnNawl,aBQJGnqwm
rRIVt_Dh.423,12:10:36,T10,Team T10,191,8oAnNawl,idx==
rRIVt_Dh.424,12:10:36,T10,Team T10,191,WlhkJ1rAA8u,igquMooxi
rRIVt_Dh.425,12:10:36,T10,Team T10,192,9eWHOKWxlFp,vx2e8
rRIVt_Dh.426,12:10:36,T10,Team T10,192,9eWHOKWxlFp,v5hHFY2j=
rRIVt_Dh.427,12:10:36,T10,Team T10,192,9eWHOKWxlFp,nuv7L4XozQAEWawn==
rRIVt_Dh.428,12:10:36,T10,Team T10,192,lhfKST1i,v5c5UEbfoYx82
rRIVt_Dh.429,12:10:36,T10,Team T10,192,9eWHOKWxlFp,nuv7L6UMaXJ59crbH7j9==
rRIVt_Dh.430,12:10:36,T10,Team T10,192,lhfKST1i,nuv7L8Yk5JS8ITloW=
rRIVt_Dh.431,12:10:36,T10,Team T10,192,9eWHOKWxlFp,v7cMM45C3WoCR
rRIVt_Dh.432,12:10:36,T10,Team T10,193,m7R4TtHu6Wk,AnqvQQBleSwTE5
rRIVt_Dh.433,12:10:36,T10,Team T10,193,yaa7XCMf,AnqvQOUvYWmQ==
rRIVt_Dh.434,12:10:36,T10,Team T10,193,m7R4TtHu6Wk,IZe6ZFPm3loE=
rRIVt_Dh.435,12:10:36,T10,Team T10,193,yaa7XCMf,I37s=
rRIVt_Dh.436,12:10:36,T10,Team T10,194,GMyDPi8bB,N05TFtjryckPtpf93
rRIVt_Dh.437,12:10:36,T10,Team T10,194,LNPuMlhc,N05TFAo9C9fFnerZ==
rRIVt_Dh.438,12:10:36,T10,Team T10,194,zKwrIccrBdZ,N05TFy99==
rRIVt_Dh.439,12:10:36,T10,Team T10,194,GMyDPi8bB,N05TFtmAuDjNolod1L37==
rRIVt_Dh.440,12:10:36,T10,Team T10,195,YGuRR429,8xwVW
rRIVt_Dh.441,12:10:36,T10,Team T10,195,MDbONVXomKU,0TKhKjebdP43FHTWln
rRIVt_Dh.442,12:10:36,T10,Team T10,195,MDbONVXomKU,8xfRTLX741f4=
rRIVt_Dh.443,12:10:36,T10,Team T10,195,YGuRR429,8TnM=
rRIVt_Dh.444,12:10:36,T10,Team T10,195,TFd0U1T8m,0TKhKfo7n3b7zC
rRIVt_Dh.445,12:10:36,T10,Team T10,195,YGuRR429,0TKhKjZCz8WUO
rRIVt_Dh.446,12:10:36,T10,Team T10,195,TFd0U1T8m,0TKhKbXy5=
rRIVt_Dh.447,12:10:36,T10,Team T10,195,YGuRR429,8zx==
rRIVt_Dh.448,12:10:36,T10,Team T10,196,6y8nZKo57,dMFFPWpu4m6ny_AX==
rRIVt_Dh.449,12:10:36,T10,Team T10,196,6y8nZKo57,dMFFPVokbfQn==
rRIVt_Dh.450,12:10:36,T10,Team T10,196,6y8nZKo57,dMFFPWOyTnkzNXw90=
rRIVt_Dh.451,12:10:36,T10,Team T10,196,6y8nZKo57,dMFFPYFC0m64yIz2a=
rRIVt_Dh.452,12:10:36,T10,Team T10,197,os4lLwi3,qFkNEKqpJodiqq==
rRIVt_Dh.453,12:10:36,T10,Team T10,197,jrNuOt92S,qFkNEDc2R=
rRIVt_Dh.454,12:10:36,T10,Team T10,197,os4lLwi3,yChDNlr==
rRIVt_Dh.455,12:10:36,T10,Team T10,197,os4lLwi3,yNPhNGii=
rRIVt_Dh.456,12:10:36,T10,Team T10,197,jrNuOt92S,qFkNEH8tDH6dqv
rRIVt_Dh.457,12:10:36,T10,Team T10,197,jrNuOt92S,qFkNEGDgDg5iszN4Hx
rRIVt_Dh.458,12:10:36,T10,Team T10,197,os4lLwi3,yAg_K
rRIVt_Dh.459,12:10:36,T10,Team T10,198,piGFM6IZDPF,LccEZ3G==
rRIVt_Dh.460,12:10:36,T10,Team T10,198,piGFM6IZDPF,LuM==
rRIVt_Dh.461,12:10:36,T10,Team T10,199,Cbl2RPdWo6A,Y3t37Qwai
rRIVt_Dh.462,12:10:36,T10,Team T10,199,JdneYV9Go,QrUzOdzQpBWMFR
rRIVt_Dh.463,12:10:36,T10,Team T10,199,Cbl2RPdWo6A,Y2mr3K5==
rRIVt_Dh.464,12:10:36,T10,Team T10,199,JdneYV9Go,QrUzO7lLkA0GD=
rRIVt_Dh.465,12:10:36,T10,Team T10,199,JdneYV9Go,QrUzO8AUqhLxH23t4S
rRIVt_Dh.466,12:10:36,T10,Team T10,199,Cbl2RPdWo6A,Ynoa1IpXb9IzERV==
rRIVt_Dh.467,12:10:36,T10,Team T10,199,JdneYV9Go,QrUzO7u0==
rRIVt_Dh.468,12:10:36,T10,Team T10,199,JdneYV9Go,QrUzO6n1olTRJ=
rRIVt_Dh.469,12:10:36,T10,Team T10,0,LOG_STOPPED,On JOSEPHJ-MYHP at 2015-10-16T19:10:36.824Z
