4E7_g-hW.1,12:10:36,T2,Team T2,0,LOG_STARTED,On JOSEPHJ-MYHP at 2015-10-16T19:10:36.693Z
4E7_g-hW.2,12:10:36,T2,Team T2,100,7AmptMA,kNvypbuEytEI6S039sN==
4E7_g-hW.3,12:10:36,T2,Team T2,101,vtjAsNZ6,xGqWlZ9l_9tZo=
4E7_g-hW.4,12:10:36,T2,Team T2,101,jq0xoEUlzLp,xGqWlWZ4ifEIpE4OUrYR==
4E7_g-hW.5,12:10:36,T2,Team T2,102,DlH6AtB2k,Kz5kqDT84
4E7_g-hW.6,12:10:36,T2,Team T2,102,DlH6AtB2k,Kz5kqEyzpg
4E7_g-hW.7,12:10:36,T2,Team T2,102,ImYXxwK3,SdL4LBX4fkDie
4E7_g-hW.8,12:10:36,T2,Team T2,102,wjFUtnFikik,Kz5kqJEel=
4E7_g-hW.9,12:10:36,T2,Team T2,102,xmW9neQ,Kz5kjpWj5zt3hSAQFVd==
4E7_g-hW.10,12:10:36,T2,Team T2,102,wjFUtnFikik,SnSiNuEvoqp7f
4E7_g-hW.11,12:10:36,T2,Team T2,102,ImYXxwK3,Kz5kqKKcdo
4E7_g-hW.12,12:10:36,T2,Team T2,102,ImYXxwK3,SfN2EyI4qoD=
4E7_g-hW.13,12:10:36,T2,Team T2,102,wjFUtnFikik,SxJcqlT==
4E7_g-hW.14,12:10:36,T2,Team T2,102,wjFUtnFikik,SxUdBqx2=
4E7_g-hW.15,12:10:36,T2,Team T2,103,QeCtpc6Z5,Xs0Ifmni6=
4E7_g-hW.16,12:10:36,T2,Team T2,103,QeCtpc6Z5,Xs0Iforv0NB3RkP3jHO==
4E7_g-hW.17,12:10:36,T2,Team T2,104,X8wThG6,alF6dP9O=
4E7_g-hW.18,12:10:36,T2,Team T2,105,l1tOwHvE,vOaOsALPQ
4E7_g-hW.19,12:10:36,T2,Team T2,105,l1tOwHvE,neAepTnWBKMGW4U5==
4E7_g-hW.20,12:10:36,T2,Team T2,105,9YaLsyqTBnP,vgJN=
4E7_g-hW.21,12:10:36,T2,Team T2,105,l1tOwHvE,v7x1Mow1=
4E7_g-hW.22,12:10:36,T2,Team T2,105,g0cXzEmDB,neAepRJB==
4E7_g-hW.23,12:10:36,T2,Team T2,105,l1tOwHvE,neAepVsH==
4E7_g-hW.24,12:10:36,T2,Team T2,105,l1tOwHvE,neAepTzJHA6coS03dc4==
4E7_g-hW.25,12:10:36,T2,Team T2,106,nE6nb8m,ARfC7knyv7LkN3oI=
4E7_g-hW.26,12:10:36,T2,Team T2,107,GwMHt6Cx7,NKa0jlzCd4Et==
4E7_g-hW.27,12:10:36,T2,Team T2,108,NqG7lQC,0DPoh6FS=
4E7_g-hW.28,12:10:36,T2,Team T2,110,nD1ECzr2,xMZRUfxhh
4E7_g-hW.29,12:10:36,T2,Team T2,110,bAIByqmhpXt,xzQZy
4E7_g-hW.30,12:10:36,T2,Team T2,110,bAIByqmhpXt,pQ9ZvKf68cv5lg4bpv17==
4E7_g-hW.31,12:10:36,T2,Team T2,110,nD1ECzr2,xCTRGku==
4E7_g-hW.32,12:10:36,T2,Team T2,110,nD1ECzr2,pQ9ZvIBot0
4E7_g-hW.33,12:10:36,T2,Team T2,110,cDZQshx,pQ9Zoop5cqKfpS5jik0==
4E7_g-hW.34,12:10:36,T2,Team T2,111,otnYD9Reaeo,KAOjtqTf8dUh0nl==
4E7_g-hW.35,12:10:36,T2,Team T2,111,AwG1HiWZ,KuHW=
4E7_g-hW.36,12:10:36,T2,Team T2,111,AwG1HiWZ,KnoauY4k=
4E7_g-hW.37,12:10:36,T2,Team T2,111,AwG1HiWZ,CJOnAsO7apTB3ukq9e
4E7_g-hW.38,12:10:36,T2,Team T2,111,otnYD9Reaeo,KstW=
4E7_g-hW.39,12:10:36,T2,Team T2,111,otnYD9Reaeo,KrHk=
4E7_g-hW.40,12:10:36,T2,Team T2,111,otnYD9Reaeo,KnAc=
4E7_g-hW.41,12:10:36,T2,Team T2,111,otnYD9Reaeo,CJOnAsR4VC
4E7_g-hW.42,12:10:36,T2,Team T2,111,AwG1HiWZ,CJOnAtTmafM9dqqI==
4E7_g-hW.43,12:10:36,T2,Team T2,111,AwG1HiWZ,KGrYF9K9Usl==
4E7_g-hW.44,12:10:36,T2,Team T2,112,CpjAmJN,PCtLiUv00symq
4E7_g-hW.45,12:10:36,T2,Team T2,112,Bm2lsSCbVvj,PCtLpbvdTuOqCD
4E7_g-hW.46,12:10:36,T2,Team T2,112,CpjAmJN,PCtLiVM2EOG=
4E7_g-hW.47,12:10:36,T2,Team T2,112,Bm2lsSCbVvj,XE2t=
4E7_g-hW.48,12:10:36,T2,Team T2,112,Bm2lsSCbVvj,XodEmgA=
4E7_g-hW.49,12:10:36,T2,Team T2,113,0igLBKcT,as7RJDf==
4E7_g-hW.50,12:10:36,T2,Team T2,113,0igLBKcT,2vo9uVdSSdvo==
4E7_g-hW.51,12:10:36,T2,Team T2,113,OfXIxB78G2e,2vo9uWneW6
4E7_g-hW.52,12:10:36,T2,Team T2,113,OfXIxB78G2e,2vo9uWugvd
4E7_g-hW.53,12:10:36,T2,Team T2,113,OfXIxB78G2e,2vo9uYbW==
4E7_g-hW.54,12:10:36,T2,Team T2,114,2VT4wb3,f83hsz6==
4E7_g-hW.55,12:10:36,T2,Team T2,115,GOQfvcsN,I1YForf1kFT0x=
4E7_g-hW.56,12:10:36,T2,Team T2,115,BNzoy9jMc,I1YFonz6b=
4E7_g-hW.57,12:10:36,T2,Team T2,115,GOQfvcsN,Q6zi=
4E7_g-hW.58,12:10:36,T2,Team T2,115,BNzoy9jMc,I1YFomiidP
4E7_g-hW.59,12:10:36,T2,Team T2,115,uLxcr3n2cAO,I1YFophVXKMQIlos==
4E7_g-hW.60,12:10:36,T2,Team T2,115,uLxcr3n2cAO,Q7Qiinv==
4E7_g-hW.61,12:10:36,T2,Team T2,115,GOQfvcsN,QPT==
4E7_g-hW.62,12:10:36,T2,Team T2,115,uLxcr3n2cAO,QSSqzY==
4E7_g-hW.63,12:10:36,T2,Team T2,115,BNzoy9jMc,I1YFomEP3O
4E7_g-hW.64,12:10:36,T2,Team T2,115,GOQfvcsN,QDx=
4E7_g-hW.65,12:10:36,T2,Team T2,116,HEczwM8ZH7J,3Ly==
4E7_g-hW.66,12:10:36,T2,Team T2,116,THvCAVdK,VUD3t8eH==
4E7_g-hW.67,12:10:36,T2,Team T2,116,HEczwM8ZH7J,31wVHCr7=
4E7_g-hW.68,12:10:36,T2,Team T2,116,IHtOqDj,VUD3m4xdT82Glq0Y
4E7_g-hW.69,12:10:36,T2,Team T2,117,1z98IBzqs,8NyryQPrn_XYY2_h1=
4E7_g-hW.70,12:10:36,T2,Team T2,117,1z98IBzqs,8NyryL4qmtFTZkfa9xVc==
4E7_g-hW.71,12:10:36,T2,Team T2,117,1z98IBzqs,8NyryNIpAH0Z7f_e==
4E7_g-hW.72,12:10:36,T2,Team T2,117,Ux7WBvDGsoE,gLaaQ
4E7_g-hW.73,12:10:36,T2,Team T2,118,8t3yk5z,lGdPg4EKUURYE
4E7_g-hW.74,12:10:36,T2,Team T2,118,jt5munto,tpOkggttjF5QL
4E7_g-hW.75,12:10:36,T2,Team T2,118,8t3yk5z,lGdPgjPDqSC==
4E7_g-hW.76,12:10:36,T2,Team T2,118,8t3yk5z,lGdPgsCNoDZLth6==
4E7_g-hW.77,12:10:36,T2,Team T2,118,esOvxkknd,lGdPnulrrOFUWaxNHaLl==
4E7_g-hW.78,12:10:36,T2,Team T2,119,rlJSC3PkY,yz8dse1GWoPqdnv3Qyh6==
4E7_g-hW.79,12:10:36,T2,Team T2,119,rlJSC3PkY,yz8dsi6uTtCY2BMU=
4E7_g-hW.80,12:10:36,T2,Team T2,119,rlJSC3PkY,yz8dsdWu0kQep=
4E7_g-hW.81,12:10:36,T2,Team T2,119,rlJSC3PkY,yz8dsd2o==
4E7_g-hW.82,12:10:36,T2,Team T2,119,rlJSC3PkY,yz8dseTv2hG6vv20=
4E7_g-hW.83,12:10:36,T2,Team T2,119,kjHGvXTAYcu,GaL5m_UnOxN==
4E7_g-hW.84,12:10:36,T2,Team T2,119,kjHGvXTAYcu,GuZ1UUXQSxRp1
4E7_g-hW.85,12:10:36,T2,Team T2,119,rlJSC3PkY,yz8dshQGctz41mv==
4E7_g-hW.86,12:10:36,T2,Team T2,119,rlJSC3PkY,yz8dslPoRqF05=
4E7_g-hW.87,12:10:36,T2,Team T2,120,IGo5ROob,SLge=
4E7_g-hW.88,12:10:36,T2,Team T2,120,wD52NFjqKas,KTxqK3fcYECn2mPjx=
4E7_g-hW.89,12:10:36,T2,Team T2,120,IGo5ROob,SQem=
4E7_g-hW.90,12:10:36,T2,Team T2,120,xGmhHwu,KTxqDBx==
4E7_g-hW.91,12:10:36,T2,Team T2,120,IGo5ROob,KTxqKV_BsmrkGF
4E7_g-hW.92,12:10:36,T2,Team T2,120,wD52NFjqKas,SLjpPCx==
4E7_g-hW.93,12:10:36,T2,Team T2,120,IGo5ROob,Sxl==
4E7_g-hW.94,12:10:36,T2,Team T2,121,JwKpCoOnvHn,5qQGsBNdp
4E7_g-hW.95,12:10:36,T2,Team T2,121,Vz3sGxT8,XMcOzKYhg=
4E7_g-hW.96,12:10:36,T2,Team T2,121,Vz3sGxT8,XMcOzIYoHOAzW=
4E7_g-hW.97,12:10:36,T2,Team T2,122,8sYPLgE5,aF7cEpSv6WhA==
4E7_g-hW.98,12:10:36,T2,Team T2,122,XsW1BYK,aF7cxiH==
4E7_g-hW.99,12:10:36,T2,Team T2,122,XsW1BYK,aF7cxXM8i4CD41n==
4E7_g-hW.100,12:10:36,T2,Team T2,123,l5DWQZ9M,v6u2T0s6QxbNc
4E7_g-hW.101,12:10:36,T2,Team T2,123,92kTMQ411fd,niMkJaX2bHtXO=
4E7_g-hW.102,12:10:36,T2,Team T2,123,92kTMQ411fd,v9zdUUi==
4E7_g-hW.103,12:10:36,T2,Team T2,123,92kTMQ411fd,vdH73_q2RflZHwM==
4E7_g-hW.104,12:10:36,T2,Team T2,123,l5DWQZ9M,niMkJae2OehOM_4EABC==
4E7_g-hW.105,12:10:36,T2,Team T2,123,92kTMQ411fd,v6xcEZXQY==
4E7_g-hW.106,12:10:36,T2,Team T2,123,l5DWQZ9M,v0k8VKpiU
4E7_g-hW.107,12:10:36,T2,Team T2,123,l5DWQZ9M,vdHdCKnZhbwZ=
4E7_g-hW.108,12:10:36,T2,Team T2,123,g4m5TW0L1,niMkJ7iMbsucWo
4E7_g-hW.109,12:10:36,T2,Team T2,123,l5DWQZ9M,niMkJ9iONuETRd1B==
4E7_g-hW.110,12:10:36,T2,Team T2,124,yYijFIUJ,I_gmK
4E7_g-hW.111,12:10:36,T2,Team T2,124,yYijFIUJ,AbrIyUX_T=
4E7_g-hW.112,12:10:36,T2,Team T2,124,nYgvvq0,AbrIrH0JD
4E7_g-hW.113,12:10:36,T2,Team T2,124,yYijFIUJ,AbrIyTX3GLPHvRQa8Qd==
4E7_g-hW.114,12:10:36,T2,Team T2,125,LRdGKrpG,VOUCysmU
4E7_g-hW.115,12:10:36,T2,Team T2,125,LRdGKrpG,VObD0BrWh
4E7_g-hW.116,12:10:36,T2,Team T2,125,GQWPNogFx,N4m6DAnU_fUWe93fNl
4E7_g-hW.117,12:10:36,T2,Team T2,125,LRdGKrpG,N4m6DEiFB309k=
4E7_g-hW.118,12:10:36,T2,Team T2,125,zOUDGikVx3N,N4m6DDrEj8YU0=
4E7_g-hW.119,12:10:36,T2,Team T2,125,zOUDGikVx3N,N4m6DFlXo=
4E7_g-hW.120,12:10:36,T2,Team T2,125,GQWPNogFx,N4m6DymMA748cH4eX
4E7_g-hW.121,12:10:36,T2,Team T2,125,LRdGKrpG,VGVDztBDkxMa7Q2==
4E7_g-hW.122,12:10:36,T2,Team T2,125,GQWPNogFx,N4m6DCjLn9j9cQ
4E7_g-hW.123,12:10:36,T2,Team T2,125,GQWPNogFx,N4m6DBgYefKdgP
4E7_g-hW.124,12:10:36,T2,Team T2,126,MHz0L15SikI,8W0bHjjV8IP5Pex==
4E7_g-hW.125,12:10:36,T2,Team T2,126,TJBcS71Ci,0X1uIlvEdqGlT=
4E7_g-hW.126,12:10:36,T2,Team T2,126,TJBcS71Ci,0X1uIk4VZgH9xVyIfdrc==
4E7_g-hW.127,12:10:36,T2,Team T2,126,YKS3PaaD,8w1hO6==
4E7_g-hW.128,12:10:36,T2,Team T2,126,NKQfFSg,0X1uB87G=
4E7_g-hW.129,12:10:36,T2,Team T2,127,6CwzHQwz3,dQWSx1VzK=
4E7_g-hW.130,12:10:36,T2,Team T2,127,6CwzHQwz3,dQWSx1ND==
4E7_g-hW.131,12:10:36,T2,Team T2,127,bDNqETFA,lTwIxDKL1hMd=
4E7_g-hW.132,12:10:36,T2,Team T2,127,6CwzHQwz3,dQWSx5GAjRZvesnje=
4E7_g-hW.133,12:10:36,T2,Team T2,127,bDNqETFA,lIAuN
4E7_g-hW.134,12:10:36,T2,Team T2,127,6CwzHQwz3,dQWSx1WQR1FmcOltJgI==
4E7_g-hW.135,12:10:36,T2,Team T2,127,ZAunAKAP3RD,lCSTPAux
4E7_g-hW.136,12:10:36,T2,Team T2,127,6CwzHQwz3,dQWSx6L101ZkxlecU7LH==
4E7_g-hW.137,12:10:36,T2,Team T2,127,bDNqETFA,lNu==
4E7_g-hW.138,12:10:36,T2,Team T2,128,owsxJCqx,yF9I=
4E7_g-hW.139,12:10:36,T2,Team T2,128,ct9uFtlMO8y,yzxJLzwE_xR==
4E7_g-hW.140,12:10:36,T2,Team T2,128,owsxJCqx,yyfCKygEPqR==
4E7_g-hW.141,12:10:36,T2,Team T2,128,jvbGMzhwO,qJB0CMxS4dAo==
4E7_g-hW.142,12:10:36,T2,Team T2,128,dwqJzkw,qJB0vmz==
4E7_g-hW.143,12:10:36,T2,Team T2,129,wo63RiMdz,DCwoHs8FLpCrsg2mw=
4E7_g-hW.144,12:10:36,T2,Team T2,129,BpnUOlVe,LAC5IsVCkJw==
4E7_g-hW.145,12:10:36,T2,Team T2,129,wo63RiMdz,DCwoHA2qtryFYdyY_
4E7_g-hW.146,12:10:36,T2,Team T2,129,wo63RiMdz,DCwoHwTh==
4E7_g-hW.147,12:10:36,T2,Team T2,129,wo63RiMdz,DCwoHAUjqEzRA32h_
4E7_g-hW.148,12:10:36,T2,Team T2,129,wo63RiMdz,DCwoHuYqspLRGfi18L
4E7_g-hW.149,12:10:36,T2,Team T2,129,pm4RKcQtzpt,LDcQB9RuBMw==
4E7_g-hW.150,12:10:36,T2,Team T2,130,CJJIG1r,PWVRC0tfoXN9uZ3YhZ==
4E7_g-hW.151,12:10:36,T2,Team T2,130,CJJIG1r,PWVRCoxnlYBbt
4E7_g-hW.152,12:10:36,T2,Team T2,131,0mqTV2Q1,apk6IMLnXdzQ6
4E7_g-hW.153,12:10:36,T2,Team T2,131,Oj7QRTLg6Um,aDoVJ
4E7_g-hW.154,12:10:36,T2,Team T2,131,Oj7QRTLg6Um,anD0Jhas
4E7_g-hW.155,12:10:36,T2,Team T2,132,1c2XWCwdRrh,njraQDo3F_k==
4E7_g-hW.156,12:10:36,T2,Team T2,132,dfl00LBY,ni35b
4E7_g-hW.157,12:10:36,T2,Team T2,132,2fjcQtH,fsvnMGu==
4E7_g-hW.158,12:10:36,T2,Team T2,132,1c2XWCwdRrh,fsvnT0v9A=
4E7_g-hW.159,12:10:36,T2,Team T2,133,q80nPu6V,A9Ll9phmSNdi=
4E7_g-hW.160,12:10:36,T2,Team T2,133,e5HkLl1aCIc,AoH==
4E7_g-hW.161,12:10:36,T2,Team T2,133,l7JwSrXUC,slaLIB58==
4E7_g-hW.162,12:10:36,T2,Team T2,133,l7JwSrXUC,slaLID5TrJiHt=
4E7_g-hW.163,12:10:36,T2,Team T2,133,e5HkLl1aCIc,slaLIFfjvFagmY
4E7_g-hW.164,12:10:36,T2,Team T2,133,q80nPu6V,slaLIJ35uFDbmbGUN=
4E7_g-hW.165,12:10:36,T2,Team T2,133,e5HkLl1aCIc,A1cnZElg=
4E7_g-hW.166,12:10:36,T2,Team T2,133,e5HkLl1aCIc,AeNG7s4luIlBbLF==
4E7_g-hW.167,12:10:36,T2,Team T2,133,e5HkLl1aCIc,AV3==
4E7_g-hW.168,12:10:36,T2,Team T2,134,T1VKUdRS,Ve59Nq8b==
4E7_g-hW.169,12:10:36,T2,Team T2,134,HYCHQ4M7nZ7,3XY==
4E7_g-hW.170,12:10:36,T2,Team T2,134,T1VKUdRS,3aI==
4E7_g-hW.171,12:10:36,T2,Team T2,134,HYCHQ4M7nZ7,3TGYUV0Qt_pwU
4E7_g-hW.172,12:10:36,T2,Team T2,134,I1TWKVX,Ve59GgL0tXhHd
4E7_g-hW.173,12:10:36,T2,Team T2,135,1Tjg2Tdy8,87KxS3fL6E0uACHQNm
4E7_g-hW.174,12:10:36,T2,Team T2,135,URh4VNhO8wM,gWK55_f==
4E7_g-hW.175,12:10:36,T2,Team T2,135,6UA7ZWmz,ganoOJrH0ZYNz6z==
4E7_g-hW.176,12:10:36,T2,Team T2,135,1Tjg2Tdy8,87KxS4uDZTTysEF==
4E7_g-hW.177,12:10:36,T2,Team T2,136,8NdGEnd,l0pVAAcB=
4E7_g-hW.178,12:10:36,T2,Team T2,138,JzPYY77q,TLwWZStHuT==
4E7_g-hW.179,12:10:36,T2,Team T2,138,yzNaOPd,LMZrK1jusyTXz6B78u4==
4E7_g-hW.180,12:10:36,T2,Team T2,140,Xw6TVgo,aJj2Rswn17NBM
4E7_g-hW.181,12:10:36,T2,Team T2,140,8w8H5yid,aJj2YKCtbjRyX=
4E7_g-hW.182,12:10:36,T2,Team T2,140,WtPE1pdsW6q,i_V==
4E7_g-hW.183,12:10:36,T2,Team T2,140,WtPE1pdsW6q,iMW6=
4E7_g-hW.184,12:10:36,T2,Team T2,140,8w8H5yid,aJj2YFrBHkPMJ=
4E7_g-hW.185,12:10:36,T2,Team T2,140,WtPE1pdsW6q,im5DkGyg=
4E7_g-hW.186,12:10:36,T2,Team T2,140,WtPE1pdsW6q,aJj2YNEkPmoxNoK8=
4E7_g-hW.187,12:10:36,T2,Team T2,140,8w8H5yid,izeY8CoqWbD=
4E7_g-hW.188,12:10:36,T2,Team T2,140,WtPE1pdsW6q,aJj2YFfHDdAATp
4E7_g-hW.189,12:10:36,T2,Team T2,141,9mu168I9Hnl,vqvkgiGetuy==
4E7_g-hW.190,12:10:36,T2,Team T2,141,gowddeETH,nCYq3o82HFrKhR
4E7_g-hW.191,12:10:36,T2,Team T2,141,9mu168I9Hnl,nCYq3uJoSBLOjQakA=
4E7_g-hW.192,12:10:36,T2,Team T2,141,9mu168I9Hnl,nCYq3v0mJGQFpL5dG=
4E7_g-hW.193,12:10:36,T2,Team T2,141,lpN4ahNU,nCYq3pEYJjuSIScfIm0==
4E7_g-hW.194,12:10:36,T2,Team T2,141,lpN4ahNU,nCYq3t5d==
4E7_g-hW.195,12:10:36,T2,Team T2,141,lpN4ahNU,vjT10lQ==
4E7_g-hW.196,12:10:36,T2,Team T2,142,niGDPIo,AvTOL2aXhIKBcdH==
4E7_g-hW.197,12:10:36,T2,Team T2,142,yiIrZ0iR,AvTOSdi7wCwFjcwMgc
4E7_g-hW.198,12:10:36,T2,Team T2,142,mfpoVRd6sEg,InXDPHdUhTlv01H==
4E7_g-hW.199,12:10:36,T2,Team T2,142,niGDPIo,AvTOLH5by
4E7_g-hW.200,12:10:36,T2,Team T2,142,mfpoVRd6sEg,AvTOScB1yAsy7=
4E7_g-hW.201,12:10:36,T2,Team T2,142,yiIrZ0iR,I8p==
4E7_g-hW.202,12:10:36,T2,Team T2,142,yiIrZ0iR,AvTOSeEmyK
4E7_g-hW.203,12:10:36,T2,Team T2,143,z84L0AY3Xbb,NoycXUXVTcaL==
4E7_g-hW.204,12:10:36,T2,Team T2,143,LbnO4J3O,NoycXYX9StbCBo_iYYkj==
4E7_g-hW.205,12:10:36,T2,Team T2,143,z84L0AY3Xbb,V7fd3x2Q6lhAyv==
4E7_g-hW.206,12:10:36,T2,Team T2,143,LbnO4J3O,VjsR=
4E7_g-hW.207,12:10:36,T2,Team T2,143,z84L0AY3Xbb,VshQc
4E7_g-hW.208,12:10:36,T2,Team T2,143,LbnO4J3O,VduTYOUOG
4E7_g-hW.209,12:10:36,T2,Team T2,143,z84L0AY3Xbb,Vke4SCTkKqeCO
4E7_g-hW.210,12:10:36,T2,Team T2,143,z84L0AY3Xbb,Vf_iQNX21
4E7_g-hW.211,12:10:36,T2,Team T2,144,Y4ib9syL,0htA2GS3ME
4E7_g-hW.212,12:10:36,T2,Team T2,144,T31kcppKI,0htA2BHWBSp==
4E7_g-hW.213,12:10:36,T2,Team T2,144,T31kcppKI,0htA2CGI==
4E7_g-hW.214,12:10:36,T2,Team T2,144,M1Z85jt0Is6,8S6m=
4E7_g-hW.215,12:10:36,T2,Team T2,144,M1Z85jt0Is6,88Z==
4E7_g-hW.216,12:10:36,T2,Team T2,144,N4gnZaE,0htAVay6=
4E7_g-hW.217,12:10:36,T2,Team T2,144,Y4ib9syL,8iwcceCfzKqI=
4E7_g-hW.218,12:10:36,T2,Team T2,145,bXXyYbjI,l4SALdldzL4==
4E7_g-hW.219,12:10:36,T2,Team T2,146,jPlO6RFEe,q3N6W5COh=
4E7_g-hW.220,12:10:36,T2,Team T2,146,jPlO6RFEe,q3N6W5aN5eRZF1PuL=
4E7_g-hW.221,12:10:36,T2,Team T2,146,cNjCZLJUegG,yGjR4TSJbyW6_QB==
4E7_g-hW.222,12:10:36,T2,Team T2,146,oQCF3UOF,q3N6W7LMmh5j022JT=
4E7_g-hW.223,12:10:36,T2,Team T2,146,oQCF3UOF,y_w4gURIj
4E7_g-hW.224,12:10:36,T2,Team T2,146,jPlO6RFEe,q3N6W3DI==
4E7_g-hW.225,12:10:36,T2,Team T2,146,jPlO6RFEe,q3N6W49Q4gO5I5MEVG
4E7_g-hW.226,12:10:36,T2,Team T2,146,dQARTCU,q3N6POB5_EV0E2==
4E7_g-hW.227,12:10:36,T2,Team T2,147,wIgbbAqBZ,DWIu1PxXQFPd==
4E7_g-hW.228,12:10:36,T2,Team T2,147,wIgbbAqBZ,DWIu1KrAWHMfpiB6w=
4E7_g-hW.229,12:10:36,T2,Team T2,147,BJx28DzC,DWIu1RqX2xTaG7jb==
4E7_g-hW.230,12:10:36,T2,Team T2,147,pGeZ4uuRZxB,Lzo_3CNF=
4E7_g-hW.231,12:10:36,T2,Team T2,147,pGeZ4uuRZxB,L0y32FyGRy5cy
4E7_g-hW.232,12:10:36,T2,Team T2,147,wIgbbAqBZ,DWIu1LnV7yG8tupb==
4E7_g-hW.233,12:10:36,T2,Team T2,147,pGeZ4uuRZxB,LIBYaQq8QLyd=
4E7_g-hW.234,12:10:36,T2,Team T2,147,pGeZ4uuRZxB,Lyjba
4E7_g-hW.235,12:10:36,T2,Team T2,147,BJx28DzC,LL==
4E7_g-hW.236,12:10:36,T2,Team T2,147,pGeZ4uuRZxB,LSMerKmB=
4E7_g-hW.237,12:10:36,T2,Team T2,148,JBVy0jViK,QPnSQw9IQMFoUORza_
4E7_g-hW.238,12:10:36,T2,Team T2,148,DCaBN4a,QPnSJ57==
4E7_g-hW.239,12:10:36,T2,Team T2,148,JBVy0jViK,QPnSQAUus3Jsd=
4E7_g-hW.240,12:10:36,T2,Team T2,148,JBVy0jViK,QPnSQzgxLU
4E7_g-hW.241,12:10:36,T2,Team T2,149,WeQV52Gfv,3sigVfVxuOD8STfH==
4E7_g-hW.242,12:10:36,T2,Team T2,149,PcOJYWKvvlr,bmRf=
4E7_g-hW.243,12:10:36,T2,Team T2,149,1f7M25Pg,bs5NP2WE
4E7_g-hW.244,12:10:36,T2,Team T2,150,2ztkUv5,fMHtQG6snyL3
4E7_g-hW.245,12:10:36,T2,Team T2,150,1wc50EUlhjp,fMHtXZc55EUQo=
4E7_g-hW.246,12:10:36,T2,Team T2,150,dzv84NZ6,nAwB=
4E7_g-hW.247,12:10:36,T2,Team T2,150,1wc50EUlhjp,nJdbmPa3=
4E7_g-hW.248,12:10:36,T2,Team T2,150,dzv84NZ6,ntykaCS==
4E7_g-hW.249,12:10:36,T2,Team T2,150,dzv84NZ6,fMHtXZ5dZys15O5Hxu
4E7_g-hW.250,12:10:36,T2,Team T2,151,qsav9MK3,Ag1YYDBj0
4E7_g-hW.251,12:10:36,T2,Team T2,151,epRs5DFi2Qk,sFmR21L79fvN87
4E7_g-hW.252,12:10:36,T2,Team T2,151,epRs5DFi2Qk,Ar1rsEy0TlD==
4E7_g-hW.253,12:10:36,T2,Team T2,151,epRs5DFi2Qk,As0zg_xkJ
4E7_g-hW.254,12:10:36,T2,Team T2,152,riMPamafN7f,Fyhf7KBeJl
4E7_g-hW.255,12:10:36,T2,Team T2,152,ykO1hs6ZN,Fyhf7Ck6xnpTHnnyD1qp==
4E7_g-hW.256,12:10:36,T2,Team T2,152,Dl5Sevf0,NsZkoyvb=
4E7_g-hW.257,12:10:36,T2,Team T2,152,Dl5Sevf0,NjVXor5iY7c==
4E7_g-hW.258,12:10:36,T2,Team T2,152,riMPamafN7f,Nk8X=
4E7_g-hW.259,12:10:36,T2,Team T2,152,Dl5Sevf0,NmR22y69=
4E7_g-hW.260,12:10:36,T2,Team T2,152,Dl5Sevf0,N72==
4E7_g-hW.261,12:10:36,T2,Team T2,152,sl344dl,Fyhf0hejxzzQIce==
4E7_g-hW.262,12:10:36,T2,Team T2,153,UbrcZ5Vcyoa,g0zJXZetmokZn==
4E7_g-hW.263,12:10:36,T2,Team T2,153,6eKf3e0X,gpKcbbX4mxd==
4E7_g-hW.264,12:10:36,T2,Team T2,153,6eKf3e0X,8rWDWoUa==
4E7_g-hW.265,12:10:36,T2,Team T2,153,6eKf3e0X,g8Pxdc9==
4E7_g-hW.266,12:10:36,T2,Team T2,153,6eKf3e0X,glQzZW3==
4E7_g-hW.267,12:10:36,T2,Team T2,153,UbrcZ5Vcyoa,glKEjjZ4hlw3lDT==
4E7_g-hW.268,12:10:36,T2,Team T2,154,87DOYFB,lkR1UWL9javh8
4E7_g-hW.269,12:10:36,T2,Team T2,154,87DOYFB,lkR1U4ENrXohNi_V=
4E7_g-hW.270,12:10:36,T2,Team T2,154,87DOYFB,lkR1UIy==
4E7_g-hW.271,12:10:36,T2,Team T2,155,w0kJdGgB,G6sU=
4E7_g-hW.272,12:10:36,T2,Team T2,155,w0kJdGgB,ydw96Vp2Pc
4E7_g-hW.273,12:10:36,T2,Team T2,155,kX1G9xbQ4cK,ydw96VzC2vNwq6OzkgX==
4E7_g-hW.274,12:10:36,T2,Team T2,155,kX1G9xbQ4cK,Gfw34Qa_Ya5q=
4E7_g-hW.275,12:10:36,T2,Team T2,156,yTdiS7R,L6rxOgU==
4E7_g-hW.276,12:10:36,T2,Team T2,157,RvDCa5nuA,YJ6V0jrtnkxoIB
4E7_g-hW.277,12:10:36,T2,Team T2,157,RvDCa5nuA,YJ6V0kl_n_yvRMKpJ=
4E7_g-hW.278,12:10:36,T2,Team T2,157,RvDCa5nuA,YJ6V0jHO==
4E7_g-hW.279,12:10:36,T2,Team T2,157,RvDCa5nuA,YJ6V0hkI==
4E7_g-hW.280,12:10:36,T2,Team T2,157,RvDCa5nuA,YJ6V0lHxhW6mLTDsRhkA==
4E7_g-hW.281,12:10:36,T2,Team T2,157,RvDCa5nuA,YJ6V0iHABW
4E7_g-hW.282,12:10:36,T2,Team T2,157,WwUt78wv,6karl6p==
4E7_g-hW.283,12:10:36,T2,Team T2,157,WwUt78wv,6zDJa1wGs0IB5vZ==
4E7_g-hW.284,12:10:36,T2,Team T2,157,KtBq3ZrKA0A,6C3qU
4E7_g-hW.285,12:10:36,T2,Team T2,157,WwUt78wv,6rB==
4E7_g-hW.286,12:10:36,T2,Team T2,158,9pzQcR1s,jxGYkFVB=
4E7_g-hW.287,12:10:36,T2,Team T2,158,XmgN8IWHlhv,jjDZ=
4E7_g-hW.288,12:10:36,T2,Team T2,158,Ypx22z7,bCLjYD4==
4E7_g-hW.289,12:10:36,T2,Team T2,158,9pzQcR1s,jpiUl
4E7_g-hW.290,12:10:36,T2,Team T2,158,Ypx22z7,bCLjYWeAffsOr8u==
4E7_g-hW.291,12:10:36,T2,Team T2,158,XmgN8IWHlhv,bCLj568CjmRZzhjD==
4E7_g-hW.292,12:10:36,T2,Team T2,159,hhdm4xDo6,ovGHUKPBcuMLd=
4E7_g-hW.293,12:10:36,T2,Team T2,160,yCSzjiWZ,IN0Yq9KpB1o0=
4E7_g-hW.294,12:10:36,T2,Team T2,160,nCQL902,AP5U5lZWJXDrRn7HG
4E7_g-hW.295,12:10:36,T2,Team T2,160,mzzwf9ReSMo,AP5Ucq5nPZNs8nJw==
4E7_g-hW.296,12:10:36,T2,Team T2,160,mzzwf9ReSMo,AP5UctV4D
4E7_g-hW.297,12:10:36,T2,Team T2,161,zseTkSCbD3j,VCIZxfU=
4E7_g-hW.298,12:10:36,T2,Team T2,161,zseTkSCbD3j,NIKiheKeqvttK=
4E7_g-hW.299,12:10:36,T2,Team T2,161,zseTkSCbD3j,Vrg2dH==
4E7_g-hW.300,12:10:36,T2,Team T2,161,LvxWo1HW,NIKihfI7K=
4E7_g-hW.301,12:10:36,T2,Team T2,161,zseTkSCbD3j,NIKihaDVtl
4E7_g-hW.302,12:10:36,T2,Team T2,161,LvxWo1HW,NIKihaJou4xp==
4E7_g-hW.303,12:10:36,T2,Team T2,161,zseTkSCbD3j,VpH6nHHVIrCz=
4E7_g-hW.304,12:10:36,T2,Team T2,161,zseTkSCbD3j,NIKiheDTThDIqtj1fYu==
4E7_g-hW.305,12:10:36,T2,Team T2,162,Noqv3si,0BFGZw109YpQa
4E7_g-hW.306,12:10:36,T2,Team T2,162,Noqv3si,0BFGZBh994wD4b2oJJ9==
4E7_g-hW.307,12:10:36,T2,Team T2,163,bh7qitXQ,dukObF0QRYnyyBsFHv
4E7_g-hW.308,12:10:36,T2,Team T2,163,ZeOnekS59R9,dukObH77nUgfMC
4E7_g-hW.309,12:10:36,T2,Team T2,163,bh7qitXQ,lB0mhH05R
4E7_g-hW.310,12:10:36,T2,Team T2,163,bh7qitXQ,lj3FajPPST8zXnw==
4E7_g-hW.311,12:10:36,T2,Team T2,163,ZeOnekS59R9,dukObGM702BJSn
4E7_g-hW.312,12:10:36,T2,Team T2,163,bh7qitXQ,dukObETZe17oxovP==
4E7_g-hW.313,12:10:36,T2,Team T2,163,ZeOnekS59R9,lodwxhiU51uvT
4E7_g-hW.314,12:10:36,T2,Team T2,163,ZeOnekS59R9,lb5ywBK==
4E7_g-hW.315,12:10:36,T2,Team T2,163,ZeOnekS59R9,l_7pw9LN=
4E7_g-hW.316,12:10:36,T2,Team T2,164,da0ZdUy,qnfc9Yh3CBavn
4E7_g-hW.317,12:10:36,T2,Team T2,164,da0ZdUy,qnfc97NY1faHHv6oU
4E7_g-hW.318,12:10:36,T2,Team T2,165,p0o78M8ZFFJ,Lbxh8I_1s
4E7_g-hW.319,12:10:36,T2,Team T2,165,B3HacVdK,L9udh7cWT
4E7_g-hW.320,12:10:36,T2,Team T2,165,B3HacVdK,L0Rod0jJvYHNd
4E7_g-hW.321,12:10:36,T2,Team T2,165,p0o78M8ZFFJ,L6qbuLeMAZM==
4E7_g-hW.322,12:10:36,T2,Team T2,165,B3HacVdK,DgUA5auRnOQ98GBtuT0==
4E7_g-hW.323,12:10:36,T2,Team T2,165,p0o78M8ZFFJ,LWE==
4E7_g-hW.324,12:10:36,T2,Team T2,165,w2qjfS4JF,DgUA56nTPELB==
4E7_g-hW.325,12:10:36,T2,Team T2,165,B3HacVdK,L2M5092TFDL_XOw==
4E7_g-hW.326,12:10:36,T2,Team T2,165,p0o78M8ZFFJ,DgUA581N==
4E7_g-hW.327,12:10:36,T2,Team T2,165,B3HacVdK,DgUA5aoN==
4E7_g-hW.328,12:10:36,T2,Team T2,166,DGAJ7mO,QTPY3Iv3imXWM
4E7_g-hW.329,12:10:36,T2,Team T2,167,PwYRieoDVtz,3MumfCIwCSKVxecG54
4E7_g-hW.330,12:10:36,T2,Team T2,167,PwYRieoDVtz,btr8r3BsSvM==
4E7_g-hW.331,12:10:36,T2,Team T2,167,PwYRieoDVtz,3MumfCtHUxILo=
4E7_g-hW.332,12:10:36,T2,Team T2,167,PwYRieoDVtz,bSxUfbkwPU16y
4E7_g-hW.333,12:10:36,T2,Team T2,167,Wy03pkknV,3MumfxIvHUB4iqslQY05==
4E7_g-hW.334,12:10:36,T2,Team T2,167,PwYRieoDVtz,bm1XhdPxFuS==
4E7_g-hW.335,12:10:36,T2,Team T2,168,eschb6Yl,ogiI1SgwDdFXWvL==
4E7_g-hW.336,12:10:36,T2,Team T2,168,2pTe7XTAGKu,oDT==
4E7_g-hW.337,12:10:36,T2,Team T2,168,2pTe7XTAGKu,ouhxl7YJJ
4E7_g-hW.338,12:10:36,T2,Team T2,168,9rVqe3PkG,gFpK4jinGRB1XL00==
4E7_g-hW.339,12:10:36,T2,Team T2,168,3sat1O4,gFpKXbQC=
4E7_g-hW.340,12:10:36,T2,Team T2,168,2pTe7XTAGKu,oeVFXjWu=
4E7_g-hW.341,12:10:36,T2,Team T2,168,9rVqe3PkG,gFpK4f2RqI
4E7_g-hW.342,12:10:36,T2,Team T2,168,2pTe7XTAGKu,oxZ==
4E7_g-hW.343,12:10:36,T2,Team T2,169,mkAxjMAhr,ty4S9X1wdZywFGDJQo
4E7_g-hW.344,12:10:36,T2,Team T2,169,fiylcGExr1p,Bozo7EZfw1FcBKw==
4E7_g-hW.345,12:10:36,T2,Team T2,169,fiylcGExr1p,BbU==
4E7_g-hW.346,12:10:36,T2,Team T2,169,fiylcGExr1p,BwXn=
4E7_g-hW.347,12:10:36,T2,Team T2,169,rlRogPJi,BcZqiIS==
4E7_g-hW.348,12:10:36,T2,Team T2,169,fiylcGExr1p,BgDudSVhvZEt=
4E7_g-hW.349,12:10:36,T2,Team T2,169,rlRogPJi,BqZwyCXvt6E3=
4E7_g-hW.350,12:10:36,T2,Team T2,169,fiylcGExr1p,Bfyu9NzJqbHj=
4E7_g-hW.351,12:10:36,T2,Team T2,169,mkAxjMAhr,ty4S93Fih9KkU=
4E7_g-hW.352,12:10:36,T2,Team T2,169,mkAxjMAhr,ty4S9YSHqhvn2=
4E7_g-hW.353,12:10:36,T2,Team T2,170,DFf0yxT8,NYW8ue3g6tk==
4E7_g-hW.354,12:10:36,T2,Team T2,170,rCWXuoOndfn,FStlrKU5VAyH==
4E7_g-hW.355,12:10:36,T2,Team T2,170,rCWXuoOndfn,NNu2ms2==
4E7_g-hW.356,12:10:36,T2,Team T2,170,DFf0yxT8,FStlrFIuthzr==
4E7_g-hW.357,12:10:36,T2,Team T2,170,rCWXuoOndfn,FStlrHR86=
4E7_g-hW.358,12:10:36,T2,Team T2,170,DFf0yxT8,FStlrHHq5JQpoLFFQe
4E7_g-hW.359,12:10:36,T2,Team T2,170,DFf0yxT8,NNWeKxfs1bk==
4E7_g-hW.360,12:10:36,T2,Team T2,170,sFdcofZ,FStlkgTC3twL=
4E7_g-hW.361,12:10:36,T2,Team T2,171,QyanngE5,SLoJgpwv4PnyeVKlv5le==
4E7_g-hW.362,12:10:36,T2,Team T2,171,QyanngE5,SLoJgvQx1=
4E7_g-hW.363,12:10:36,T2,Team T2,172,8rNGiHf,lE3ReUcgHkaJC7lL=
4E7_g-hW.364,12:10:36,T2,Team T2,172,jrPusZ92,tiBwi
4E7_g-hW.365,12:10:36,T2,Team T2,172,7owroQ4hJ3d,tMw==
4E7_g-hW.366,12:10:36,T2,Team T2,172,7owroQ4hJ3d,tlJKqIim
4E7_g-hW.367,12:10:36,T2,Team T2,172,7owroQ4hJ3d,tjSWh3piRmbURmy==
4E7_g-hW.368,12:10:36,T2,Team T2,172,7owroQ4hJ3d,toAtDZ9Z=
4E7_g-hW.369,12:10:36,T2,Team T2,172,eqyDvW01J,lE3Rl77cRh
4E7_g-hW.370,12:10:36,T2,Team T2,172,eqyDvW01J,lE3Rl6j0Voc3scgW5s
4E7_g-hW.371,12:10:36,T2,Team T2,172,7owroQ4hJ3d,tiIt=
4E7_g-hW.372,12:10:36,T2,Team T2,172,7owroQ4hJ3d,lE3RlbW8SgxXy=
4E7_g-hW.373,12:10:36,T2,Team T2,173,khbOtzPYuk8,G9flnFR3s
4E7_g-hW.374,12:10:36,T2,Team T2,173,khbOtzPYuk8,yxIfqUUfdqb3iU2fo8
4E7_g-hW.375,12:10:36,T2,Team T2,173,wkuRxIUJ,yxIfqVKLjoqYrQZ2==
4E7_g-hW.376,12:10:36,T2,Team T2,173,wkuRxIUJ,GAk4BWORcr7=
4E7_g-hW.377,12:10:36,T2,Team T2,173,wkuRxIUJ,GBg3JFb=
4E7_g-hW.378,12:10:36,T2,Team T2,174,xU6biikVfB3,TUklsfvElB11S
4E7_g-hW.379,12:10:36,T2,Team T2,174,yXnqc9v,LaDD8erD=
4E7_g-hW.380,12:10:36,T2,Team T2,174,xU6biikVfB3,T76==
4E7_g-hW.381,12:10:36,T2,Team T2,174,yXnqc9v,LaDD8iAXkQvT4iHxI
4E7_g-hW.382,12:10:36,T2,Team T2,174,EW8npogFf,LaDDfAmGdz
4E7_g-hW.383,12:10:36,T2,Team T2,174,EW8npogFf,LaDDfAn8XX_lTVxDw=
4E7_g-hW.384,12:10:36,T2,Team T2,174,EW8npogFf,LaDDfAfDW6m3==
4E7_g-hW.385,12:10:36,T2,Team T2,175,KNLyn15S08Y,6ZQz_TkD3qd8r
4E7_g-hW.386,12:10:36,T2,Team T2,175,KNLyn15S08Y,Y3i1kp9QIt
4E7_g-hW.387,12:10:36,T2,Team T2,175,WQ4BraaD,Y3i1kp4A==
4E7_g-hW.388,12:10:36,T2,Team T2,175,KNLyn15S08Y,Y3i1km01QbpY==
4E7_g-hW.389,12:10:36,T2,Team T2,175,RPNKu71C0,Y3i1kl1ZMorjFkVbZN
4E7_g-hW.390,12:10:36,T2,Team T2,175,KNLyn15S08Y,6C3wo
4E7_g-hW.391,12:10:36,T2,Team T2,175,RPNKu71C0,Y3i1kkhAZt9awhH9T=
4E7_g-hW.392,12:10:36,T2,Team T2,175,RPNKu71C0,Y3i1kip5Lo
4E7_g-hW.393,12:10:36,T2,Team T2,176,XGGVsKAPLpD,jFLgM
4E7_g-hW.394,12:10:36,T2,Team T2,176,9JZYwTFA,j3P6kAF_O
4E7_g-hW.395,12:10:36,T2,Team T2,176,4II7zQwzL,bWdpp2zx==
4E7_g-hW.396,12:10:36,T2,Team T2,176,4II7zQwzL,bWdpp1KDWJ
4E7_g-hW.397,12:10:36,T2,Team T2,176,XGGVsKAPLpD,jJWdA31yQLCl=
4E7_g-hW.398,12:10:36,T2,Team T2,176,YJXamBL,bWdpizIz=
4E7_g-hW.399,12:10:36,T2,Team T2,176,9JZYwTFA,jSZpDHGJJAZf9ms==
4E7_g-hW.400,12:10:36,T2,Team T2,176,9JZYwTFA,j_6hoTDB=
4E7_g-hW.401,12:10:36,T2,Team T2,176,9JZYwTFA,jRdar
4E7_g-hW.402,12:10:36,T2,Team T2,177,hBnuozhww,oPSNeOIwvLQuUx2XlW2u==
4E7_g-hW.403,12:10:36,T2,Team T2,177,azlihtlMwGy,wrBB9
4E7_g-hW.404,12:10:36,T2,Team T2,177,hBnuozhww,oPSNeJkxpXHHXR8R0IZu==
4E7_g-hW.405,12:10:36,T2,Team T2,177,hBnuozhww,oPSNePwZKOxDPu==
4E7_g-hW.406,12:10:36,T2,Team T2,177,azlihtlMwGy,wGFtDGJxqTL==
4E7_g-hW.407,12:10:36,T2,Team T2,177,hBnuozhww,oPSNeJBQBKwsRJ8OiZbK==
4E7_g-hW.408,12:10:36,T2,Team T2,177,hBnuozhww,oPSNeOFQ==
4E7_g-hW.409,12:10:36,T2,Team T2,177,mCEllCqx,wCzs7EpA=
4E7_g-hW.410,12:10:36,T2,Team T2,177,mCEllCqx,oPSNeRsPKXxJN=
4E7_g-hW.411,12:10:36,T2,Team T2,178,uuiBtiMth,BINVjzZx==
4E7_g-hW.412,12:10:36,T2,Team T2,178,uuiBtiMth,BINVjuXK9kEf==
4E7_g-hW.413,12:10:36,T2,Team T2,178,uuiBtiMth,BINVjuTEoAPgJjVd==
4E7_g-hW.414,12:10:36,T2,Team T2,178,uuiBtiMth,BINVjtSKbgJhzWP7==
4E7_g-hW.415,12:10:36,T2,Team T2,178,uuiBtiMth,BINVjuTH3BXikbM8W=
4E7_g-hW.416,12:10:36,T2,Team T2,178,zvzsqlVu,JvLonxhP=
4E7_g-hW.417,12:10:36,T2,Team T2,178,uuiBtiMth,BINVjz7w99KrD8Xd==
4E7_g-hW.418,12:10:36,T2,Team T2,178,nsgpmcQJhdt,JzLKpfO==
4E7_g-hW.419,12:10:36,T2,Team T2,178,ovxEg31,BINVc3MR=
4E7_g-hW.420,12:10:36,T2,Team T2,179,HnXYy1xq2,OBsjodQt8D
4E7_g-hW.421,12:10:36,T2,Team T2,179,HnXYy1xq2,OBsjofJNWNyJ0j
4E7_g-hW.422,12:10:36,T2,Team T2,179,MoePv4Gr,Wg0Q=
4E7_g-hW.423,12:10:36,T2,Team T2,180,MFjotTLgOIm,81nzu3IZOYxoY
4E7_g-hW.424,12:10:36,T2,Team T2,180,NIADnKW,0VRMjRW4=
4E7_g-hW.425,12:10:36,T2,Team T2,180,YICrx2Q1,8LDTH4G5vK==
4E7_g-hW.426,12:10:36,T2,Team T2,180,MFjotTLgOIm,0VRMqdM4==
4E7_g-hW.427,12:10:36,T2,Team T2,180,YICrx2Q1,8LsJB
4E7_g-hW.428,12:10:36,T2,Team T2,180,YICrx2Q1,0VRMqfG6xTm4KhW6==
4E7_g-hW.429,12:10:36,T2,Team T2,180,MFjotTLgOIm,8xwFz
4E7_g-hW.430,12:10:36,T2,Team T2,180,YICrx2Q1,8NJKlPLj0Vto=
4E7_g-hW.431,12:10:36,T2,Team T2,180,MFjotTLgOIm,80Qy=
4E7_g-hW.432,12:10:36,T2,Team T2,181,ZyevyCwdzZh,dOMUvWK4irHn=
4E7_g-hW.433,12:10:36,T2,Team T2,181,ZyevyCwdzZh,lIFSo
4E7_g-hW.434,12:10:36,T2,Team T2,181,bBxyCLBY,lEe==
4E7_g-hW.435,12:10:36,T2,Team T2,181,bBxyCLBY,lpMALHE==
4E7_g-hW.436,12:10:36,T2,Team T2,181,ZyevyCwdzZh,lDeyXFp_yXo3sRA==
4E7_g-hW.437,12:10:36,T2,Team T2,181,ZyevyCwdzZh,lBkDITo==
4E7_g-hW.438,12:10:36,T2,Team T2,182,oucVHu6V,yEl4Grpe3c==
4E7_g-hW.439,12:10:36,T2,Team T2,182,dua7xcc,qHrity11c_Bh14MS=
4E7_g-hW.440,12:10:36,T2,Team T2,183,w6QrzaIR5,DkmGplWZ9c4==
4E7_g-hW.441,12:10:36,T2,Team T2,183,B77iwdRS,LecABf==
4E7_g-hW.442,12:10:36,T2,Team T2,183,p4Ofs4M75N7,Lh8CH9Pn=
4E7_g-hW.443,12:10:36,T2,Team T2,183,B77iwdRS,L57FB9F8346l=
4E7_g-hW.444,12:10:36,T2,Team T2,183,B77iwdRS,DkmGpqKlPWCiR5pz==
4E7_g-hW.445,12:10:36,T2,Team T2,183,B77iwdRS,DkmGpsGf5OwlQhyQQYjN==
4E7_g-hW.446,12:10:36,T2,Team T2,183,p4Ofs4M75N7,LaRxN95286gt=
4E7_g-hW.447,12:10:36,T2,Team T2,183,p4Ofs4M75N7,La4rGjR4SKk==
4E7_g-hW.448,12:10:36,T2,Team T2,183,w6QrzaIR5,DkmGpmF5==
4E7_g-hW.449,12:10:36,T2,Team T2,184,JZvOETdOQ,Qd14u6m21z3_mC
4E7_g-hW.450,12:10:36,T2,Team T2,184,D0KRrEs,Qd14n5ogK0nCezZ==
4E7_g-hW.451,12:10:36,T2,Team T2,185,1Tr2GF7M,bOiYErUOy==
4E7_g-hW.452,12:10:36,T2,Team T2,185,WSabJCYLB,36GszPiixKhH==
4E7_g-hW.453,12:10:36,T2,Team T2,185,WSabJCYLB,36GszP23rB
4E7_g-hW.454,12:10:36,T2,Team T2,185,PQ8ZCw21BlX,bSs6X
4E7_g-hW.455,12:10:36,T2,Team T2,185,WSabJCYLB,36GszQ5diidJg=
4E7_g-hW.456,12:10:36,T2,Team T2,185,1Tr2GF7M,becjMHU==
4E7_g-hW.457,12:10:36,T2,Team T2,185,PQ8ZCw21BlX,36GszU5S_F9n7
4E7_g-hW.458,12:10:36,T2,Team T2,185,PQ8ZCw21BlX,bUHmyJ0==
4E7_g-hW.459,12:10:36,T2,Team T2,185,PQ8ZCw21BlX,bTBmTIYUBw9ob
4E7_g-hW.460,12:10:36,T2,Team T2,186,eMm9voCt,oSna_5VOkO==
4E7_g-hW.461,12:10:36,T2,Team T2,186,2J36rfxImSC,oN4hykJEkhzE_Xl==
4E7_g-hW.462,12:10:36,T2,Team T2,186,eMm9voCt,oBCbAqXxj
4E7_g-hW.463,12:10:36,T2,Team T2,186,9L5iyltsm,gZBAozSupa3w==
4E7_g-hW.464,12:10:36,T2,Team T2,186,eMm9voCt,gZBAoBtwbb
4E7_g-hW.465,12:10:36,T2,Team T2,186,3Mkll6I,gZBAhbNyd6P=
4E7_g-hW.466,12:10:36,T2,Team T2,187,mEKFD4Yp7,tSgYtjat==
4E7_g-hW.467,12:10:36,T2,Team T2,187,mEKFD4Yp7,tSgYtjkFdz
4E7_g-hW.468,12:10:36,T2,Team T2,187,mEKFD4Yp7,tSgYtj0Lef
4E7_g-hW.469,12:10:36,T2,Team T2,187,mEKFD4Yp7,tSgYtkiUTo3Ro=
4E7_g-hW.470,12:10:36,T2,Team T2,187,mEKFD4Yp7,tSgYtglTOc2S6a
4E7_g-hW.471,12:10:36,T2,Team T2,187,rF1wA77q,Bt8Hs
4E7_g-hW.472,12:10:36,T2,Team T2,187,rF1wA77q,BWPIHdU==
4E7_g-hW.473,12:10:36,T2,Team T2,187,mEKFD4Yp7,tSgYtknqQqOR7SDT==
4E7_g-hW.474,12:10:36,T2,Team T2,187,rF1wA77q,tSgYtmkF5__UE=
4E7_g-hW.475,12:10:36,T2,Team T2,187,rF1wA77q,BCY==
4E7_g-hW.476,12:10:36,T2,Team T2,188,tyU5vyY,GLbmrX4pXJFD5G==
4E7_g-hW.477,12:10:36,T2,Team T2,188,EyWTFQSn,GLbmy53GRCCURTmDf=
4E7_g-hW.478,12:10:36,T2,Team T2,188,EyWTFQSn,Oy79xM2kNJGY=
4E7_g-hW.479,12:10:36,T2,Team T2,189,FoidqqizDXn,1AnEr
4E7_g-hW.480,12:10:36,T2,Team T2,189,RrBguznk,1IDer
4E7_g-hW.481,12:10:36,T2,Team T2,189,RrBguznk,1LAfG
4E7_g-hW.482,12:10:36,T2,Team T2,189,MqkpxwejD,TEQKnKvHwqpXN4UL==
4E7_g-hW.483,12:10:36,T2,Team T2,189,RrBguznk,1vDztkpF=
4E7_g-hW.484,12:10:36,T2,Team T2,189,MqkpxwejD,TEQKnLtwr8
4E7_g-hW.485,12:10:36,T2,Team T2,189,MqkpxwejD,TEQKnMajtTGa9JSVywa==
4E7_g-hW.486,12:10:36,T2,Team T2,189,FoidqqizDXn,1tEysq_AHXk==
4E7_g-hW.487,12:10:36,T2,Team T2,189,MqkpxwejD,TEQKnHmvJZJRaF
4E7_g-hW.488,12:10:36,T2,Team T2,190,SLXOCZT,5YfXyYTk_n4laDC==
4E7_g-hW.489,12:10:36,T2,Team T2,190,3LZCMhNa,dDSOZkPjdSITm
4E7_g-hW.490,12:10:36,T2,Team T2,190,RIGzI8IppVB,5YfXFoXcqdLFu=
4E7_g-hW.491,12:10:36,T2,Team T2,190,3LZCMhNa,dIM==
4E7_g-hW.492,12:10:36,T2,Team T2,191,klBWxRd6asg,yBalubt4Z=
4E7_g-hW.493,12:10:36,T2,Team T2,191,rnD8EX9Qa,yBalu7754ytQ91cU==
4E7_g-hW.494,12:10:36,T2,Team T2,191,klBWxRd6asg,yBalu9zjUsfQim5S61Xo==
4E7_g-hW.495,12:10:36,T2,Team T2,191,woUZB0iR,GxKXIGvdY_gU0
4E7_g-hW.496,12:10:36,T2,Team T2,191,woUZB0iR,yBalue83X=
4E7_g-hW.497,12:10:36,T2,Team T2,191,klBWxRd6asg,yBaluf96dV
4E7_g-hW.498,12:10:36,T2,Team T2,191,woUZB0iR,yBalufbi7Ffw==
4E7_g-hW.499,12:10:36,T2,Team T2,191,klBWxRd6asg,yBalufrQfHs5N2
4E7_g-hW.500,12:10:36,T2,Team T2,191,woUZB0iR,GzF9vIuY=
4E7_g-hW.501,12:10:36,T2,Team T2,191,woUZB0iR,Gq2_u4cO2oz==
4E7_g-hW.502,12:10:36,T2,Team T2,192,xegjCAY3VJb,TrhmUCgf=
4E7_g-hW.503,12:10:36,T2,Team T2,192,JhzmGJ3O,TskGZwd9OSfMC
4E7_g-hW.504,12:10:36,T2,Team T2,192,yhxywr9,LuPJsDYOZHjH=
4E7_g-hW.505,12:10:36,T2,Team T2,194,X0Q3w2eXbx1,bgpvtobMZGxbJITb2T
4E7_g-hW.506,12:10:36,T2,Team T2,194,42SfD8aHb,bgpvtlpVYIePGH
4E7_g-hW.507,12:10:36,T2,Team T2,194,Y37iqTp,bgpvm46==
4E7_g-hW.508,12:10:36,T2,Team T2,195,aTvaBLJUWOW,wVNpsEX==
4E7_g-hW.509,12:10:36,T2,Team T2,195,aTvaBLJUWOW,o94Dy8ZWIYTZJZ9Eae
4E7_g-hW.510,12:10:36,T2,Team T2,195,aTvaBLJUWOW,wPThUUC3YUf==
4E7_g-hW.511,12:10:36,T2,Team T2,195,mWOdFUOF,o94Dy6LFa6j4==
4E7_g-hW.512,12:10:36,T2,Team T2,195,hVxmIRFEW,o94Dy2LRS0oI==
4E7_g-hW.513,12:10:36,T2,Team T2,196,oPHMAlF,B2Z1wloWM8YawuC==
4E7_g-hW.514,12:10:36,T2,Team T2,196,uOsJNAqBH,B2Z1DKHOpiDn97CWh1
4E7_g-hW.515,12:10:36,T2,Team T2,197,HH76CjVys,OVEpsz2ZpHTu5=
4E7_g-hW.516,12:10:36,T2,Team T2,197,MIoXzm4z,W26hQfXyxJXkT
4E7_g-hW.517,12:10:36,T2,Team T2,197,AF5UvdZOsCw,WAf=
4E7_g-hW.518,12:10:36,T2,Team T2,197,HH76CjVys,OVEpstURf=
4E7_g-hW.519,12:10:36,T2,Team T2,197,MIoXzm4z,WKchD
4E7_g-hW.520,12:10:36,T2,Team T2,198,UA2tH2Gfd,1OzNxiNxa=
4E7_g-hW.521,12:10:36,T2,Team T2,198,UA2tH2Gfd,1OzNxebz71yORaTH==
4E7_g-hW.522,12:10:36,T2,Team T2,198,UA2tH2Gfd,1OzNxdRh7PpzK=
4E7_g-hW.523,12:10:36,T2,Team T2,198,UA2tH2Gfd,1OzNxiati=
4E7_g-hW.524,12:10:36,T2,Team T2,198,ZBjkE5Pg,9xhfu
4E7_g-hW.525,12:10:36,T2,Team T2,198,OBhwuNV,1OzNqaZqh6E_J
4E7_g-hW.526,12:10:36,T2,Team T2,199,7tHQMLbcY,eHebC2Gg==
4E7_g-hW.527,12:10:36,T2,Team T2,199,0rFEFFfsYam,miP5OSrg9rz==
4E7_g-hW.528,12:10:36,T2,Team T2,199,7tHQMLbcY,eHebC3olMfBr7=
4E7_g-hW.529,12:10:36,T2,Team T2,199,7tHQMLbcY,eHebC29z5zNB4g_d10
4E7_g-hW.530,12:10:36,T2,Team T2,199,cuYHJOkd,moISMCkHdhnrcan==
4E7_g-hW.531,12:10:36,T2,Team T2,199,0rFEFFfsYam,mkZVNBvy=
4E7_g-hW.532,12:10:36,T2,Team T2,0,LOG_STOPPED,On JOSEPHJ-MYHP at 2015-10-16T19:10:36.710Z
