11V3nJ-1.1,11:32:02,T4,Team T4,0,LOG_STARTED,On JOSEPHJ-MYHP at 2015-10-16T18:32:02.306Z
11V3nJ-1.2,11:32:02,T4,Team T4,100,N6PfdAdz,PjWA6J2Hgevs2q
11V3nJ-1.3,11:32:02,T4,Team T4,100,N6PfdAdz,PjWA6L85pZAtcGcmqITF==
11V3nJ-1.4,11:32:02,T4,Team T4,100,C6Nr3ij,PjWAZqkU8j1==
11V3nJ-1.5,11:32:02,T4,Team T4,100,N6PfdAdz,PjWA6OaY4j5m8kaq1=
11V3nJ-1.6,11:32:02,T4,Team T4,101,qd7zzSHy,AdaNH
11V3nJ-1.7,11:32:02,T4,Team T4,101,eaOwvJCN6JS,sqeVs2UISV028JG8E=
11V3nJ-1.8,11:32:02,T4,Team T4,101,lcQICPyx6,sqeVsZDMS0Uif5
11V3nJ-1.9,11:32:02,T4,Team T4,101,qd7zzSHy,A19KJSK==
11V3nJ-1.10,11:32:02,T4,Team T4,101,lcQICPyx6,sqeVsZGBb13iiW0Q==
11V3nJ-1.11,11:32:02,T4,Team T4,101,qd7zzSHy,sqeVs7IR8T
11V3nJ-1.12,11:32:02,T4,Team T4,101,eaOwvJCN6JS,A4ZVFXTYa
11V3nJ-1.13,11:32:02,T4,Team T4,101,qd7zzSHy,sqeVs3LL==
11V3nJ-1.14,11:32:02,T4,Team T4,101,eaOwvJCN6JS,sqeVs3XyXQ
11V3nJ-1.15,11:32:02,T4,Team T4,101,qd7zzSHy,AoXSu
11V3nJ-1.16,11:32:02,T4,Team T4,102,4PVpsaG3,e7WyNRAeydOLX
11V3nJ-1.17,11:32:02,T4,Team T4,102,SMCmo1BiP8G,622MllB7Pt
11V3nJ-1.18,11:32:02,T4,Team T4,102,SMCmo1BiP8G,eKDkegLjJDLuT
11V3nJ-1.19,11:32:02,T4,Team T4,102,4PVpsaG3,622MlpGgye2J8R
11V3nJ-1.20,11:32:02,T4,Team T4,103,wTUcgk4Mz1u,SWhqphqPK
11V3nJ-1.21,11:32:02,T4,Team T4,103,IWdfkt9x,SQ5kt
11V3nJ-1.22,11:32:02,T4,Team T4,103,wTUcgk4Mz1u,SVp_o90Dq
11V3nJ-1.23,11:32:02,T4,Team T4,103,IWdfkt9x,Sd5fvteNu
11V3nJ-1.24,11:32:02,T4,Team T4,103,DVWonq0wz,K9kDdCs2i=
11V3nJ-1.25,11:32:02,T4,Team T4,103,DVWonq0wz,K9kDdBuBy5F7TgGRMm
11V3nJ-1.26,11:32:02,T4,Team T4,104,90c2DC3hjVi,vad0vAekxfhjQ
11V3nJ-1.27,11:32:02,T4,Team T4,104,90c2DC3hjVi,ngCuA0Z6kjn2M4dwr=
11V3nJ-1.28,11:32:02,T4,Team T4,104,a3thxte,ngCutQ8me8r9Ualep
11V3nJ-1.29,11:32:02,T4,Team T4,104,g2eeKIZ1j,ngCuAV9f86fWRa8f==
11V3nJ-1.30,11:32:02,T4,Team T4,104,90c2DC3hjVi,v7ug=
11V3nJ-1.31,11:32:02,T4,Team T4,104,g2eeKIZ1j,ngCuAT8l==
11V3nJ-1.32,11:32:02,T4,Team T4,104,l3v5HL82,vdylEZ3n61B==
11V3nJ-1.33,11:32:02,T4,Team T4,104,90c2DC3hjVi,ngCuA0ohe9yp4a7wbb4H==
11V3nJ-1.34,11:32:02,T4,Team T4,105,ZajUz3Bx,9W9Rn2JxRuBA
11V3nJ-1.35,11:32:02,T4,Team T4,105,ZajUz3Bx,1nqksfKZZtmDP=
11V3nJ-1.36,11:32:02,T4,Team T4,105,N70RvUwM2k7,9g58P2IE_
11V3nJ-1.37,11:32:02,T4,Team T4,105,U923C0sw2,1nqksbBA==
11V3nJ-1.38,11:32:02,T4,Team T4,105,U923C0sw2,1nqksdpMPrduqaCE3=
11V3nJ-1.39,11:32:02,T4,Team T4,105,U923C0sw2,1nqkseuwKBrrGbz==
11V3nJ-1.40,11:32:02,T4,Team T4,106,CiBesmA2,MjJIjmD==
11V3nJ-1.41,11:32:02,T4,Team T4,106,qfibodvhMdp,EvIFlAsivbE7=
11V3nJ-1.42,11:32:02,T4,Team T4,106,qfibodvhMdp,EvIFlzGduyA1uv8ta=
11V3nJ-1.43,11:32:02,T4,Team T4,106,CiBesmA2,MpEhndu1KbzfESc==
11V3nJ-1.44,11:32:02,T4,Team T4,106,CiBesmA2,EvIFlAEkNnnkDLWra=
11V3nJ-1.45,11:32:02,T4,Team T4,106,qfibodvhMdp,EvIFlBn2N9uTJF470=
11V3nJ-1.46,11:32:02,T4,Team T4,106,xhknvjr1M,EvIFlxNowoB7==
11V3nJ-1.47,11:32:02,T4,Team T4,106,CiBesmA2,MyGzsdy00
11V3nJ-1.48,11:32:02,T4,Team T4,107,gpp4PE31,qnqtQF_o=
11V3nJ-1.49,11:32:02,T4,Team T4,107,bo8dSBU0v,iCwwIMkkk8DGAZBzrE
11V3nJ-1.50,11:32:02,T4,Team T4,107,gpp4PE31,iCwwISbiflsvl9
11V3nJ-1.51,11:32:02,T4,Team T4,108,IwF6xE8,VJOntCe_rUY==
11V3nJ-1.52,11:32:02,T4,Team T4,108,IwF6xE8,VJOntI4xlYse=
11V3nJ-1.53,11:32:02,T4,Team T4,108,Ovq3KTTvf,VJOnA9kv1NYu==
11V3nJ-1.54,11:32:02,T4,Team T4,109,YDeTDbmZY,5RCetlr2Yo1W==
11V3nJ-1.55,11:32:02,T4,Team T4,109,RBcHw5qfYpP,dLeGT9u3cm98iI==
11V3nJ-1.56,11:32:02,T4,Team T4,109,YDeTDbmZY,5RCetsuiFxONy07j==
11V3nJ-1.57,11:32:02,T4,Team T4,109,YDeTDbmZY,5RCettn0QK6Bh=
11V3nJ-1.58,11:32:02,T4,Team T4,109,RBcHw5qfYpP,dwhWp9qcQJZ0
11V3nJ-1.59,11:32:02,T4,Team T4,109,RBcHw5qfYpP,dtsX=
11V3nJ-1.60,11:32:02,T4,Team T4,109,3EvKAev0,dzeUqqk=
11V3nJ-1.61,11:32:02,T4,Team T4,109,3EvKAev0,dzmMBbH8a
11V3nJ-1.62,11:32:02,T4,Team T4,109,RBcHw5qfYpP,dNfHqkA1=
11V3nJ-1.63,11:32:02,T4,Team T4,109,YDeTDbmZY,5RCetpklKHULFWU4CV
11V3nJ-1.64,11:32:02,T4,Team T4,110,76RMsT8jpe9,t3R0_
11V3nJ-1.65,11:32:02,T4,Team T4,110,76RMsT8jpe9,tW8RE6nhtjk=
11V3nJ-1.66,11:32:02,T4,Team T4,110,76RMsT8jpe9,lmiapfwkFuegfzBYM2
11V3nJ-1.67,11:32:02,T4,Team T4,110,j9aPw2d4,lmiapap2sglijDA7SQ==
11V3nJ-1.68,11:32:02,T4,Team T4,110,76RMsT8jpe9,lmiapd5etaqxcK
11V3nJ-1.69,11:32:02,T4,Team T4,112,olXrdtAiS1f,Krj==
11V3nJ-1.70,11:32:02,T4,Team T4,112,poeG7kL,CBoR3sFyY6qwYYxboPW==
11V3nJ-1.71,11:32:02,T4,Team T4,113,evykEV82,ojfKPW2cHMn_x1X==
11V3nJ-1.72,11:32:02,T4,Team T4,113,evykEV82,olhBBU7bqAk=
11V3nJ-1.73,11:32:02,T4,Team T4,113,2sfhAM3hBq3,oExwAUi1FGrm
11V3nJ-1.74,11:32:02,T4,Team T4,114,RCmawd8x,TPuzprXHo_5tSjgBob
11V3nJ-1.75,11:32:02,T4,Team T4,114,MB5jzaZwl,TPuzplgPuH6pzSiM89u==
11V3nJ-1.76,11:32:02,T4,Team T4,114,RCmawd8x,1qhys9==
11V3nJ-1.77,11:32:02,T4,Team T4,114,RCmawd8x,1E4EJZnA=
11V3nJ-1.78,11:32:02,T4,Team T4,114,RCmawd8x,TPuzpr0E2=
11V3nJ-1.79,11:32:02,T4,Team T4,114,MB5jzaZwl,TPuzpmX1oF
11V3nJ-1.80,11:32:02,T4,Team T4,114,RCmawd8x,1D_nyTd=
11V3nJ-1.81,11:32:02,T4,Team T4,115,qJnDsss14,xXMUiFuf==
11V3nJ-1.82,11:32:02,T4,Team T4,115,jHlrlmwh4dF,xXMUiIJ3UlWw==
11V3nJ-1.83,11:32:02,T4,Team T4,115,qJnDsss14,xXMUiFo1QtZotf38T3Js==
11V3nJ-1.84,11:32:02,T4,Team T4,115,jHlrlmwh4dF,xXMUiIzdMbOyOcMoL=
11V3nJ-1.85,11:32:02,T4,Team T4,115,vKEupvB2,FPHy
11V3nJ-1.86,11:32:02,T4,Team T4,115,jHlrlmwh4dF,FOB==
11V3nJ-1.87,11:32:02,T4,Team T4,115,jHlrlmwh4dF,FJEyu_o==
11V3nJ-1.88,11:32:02,T4,Team T4,116,9RWkLOAw,jPJoQBAOK3VWurs==
11V3nJ-1.89,11:32:02,T4,Team T4,116,4QFtOLrvO,b44LEWGYF=
11V3nJ-1.90,11:32:02,T4,Team T4,116,4QFtOLrvO,b44LEVwD2yZ4==
11V3nJ-1.91,11:32:02,T4,Team T4,116,XODhHFvLOCX,jSLqONKGx
11V3nJ-1.92,11:32:02,T4,Team T4,116,XODhHFvLOCX,b44LE2uxwWhO==
11V3nJ-1.93,11:32:02,T4,Team T4,116,YRUwBwG,b44LxYWJ3Pa==
11V3nJ-1.94,11:32:02,T4,Team T4,116,YRUwBwG,b44LxIuT_VU4FvqlfR6==
11V3nJ-1.95,11:32:02,T4,Team T4,117,HXtjH3U0y,ObSCxhirDwXlKIkQ2V5w==
11V3nJ-1.96,11:32:02,T4,Team T4,117,HXtjH3U0y,ObSCxho0n1IppPuCkC
11V3nJ-1.97,11:32:02,T4,Team T4,117,HXtjH3U0y,ObSCxgSfHE
11V3nJ-1.98,11:32:02,T4,Team T4,117,AVr7AXYgywL,WYNgROSphBO==
11V3nJ-1.99,11:32:02,T4,Team T4,117,MYKaE631,WN_8Bb84zHSw=
11V3nJ-1.100,11:32:02,T4,Team T4,117,MYKaE631,WfZiyTaeDySq=
11V3nJ-1.101,11:32:02,T4,Team T4,117,AVr7AXYgywL,W8Su_eQ5xP3vsF==
11V3nJ-1.102,11:32:02,T4,Team T4,117,HXtjH3U0y,ObSCxhY4==
11V3nJ-1.103,11:32:02,T4,Team T4,117,AVr7AXYgywL,WUrsubXg=
11V3nJ-1.104,11:32:02,T4,Team T4,118,e2JWsfXLLpA,Ag6pAe3yFvN==
11V3nJ-1.105,11:32:02,T4,Team T4,118,l4L8zlTvL,siaspA5t==
11V3nJ-1.106,11:32:02,T4,Team T4,118,q52Zwo2w,AWJlrC9N=
11V3nJ-1.107,11:32:02,T4,Team T4,119,RExMPyqgvOo,dN1V_Gsi=
11V3nJ-1.108,11:32:02,T4,Team T4,119,YGzYWEm0v,5UYjMUG4==
11V3nJ-1.109,11:32:02,T4,Team T4,119,RExMPyqgvOo,dE518
11V3nJ-1.110,11:32:02,T4,Team T4,119,YGzYWEm0v,5UYjMVP7wXpy==
11V3nJ-1.111,11:32:02,T4,Team T4,119,YGzYWEm0v,5UYjMQp4==
11V3nJ-1.112,11:32:02,T4,Team T4,120,jIuUl0dy,lVDfee7KbaU82s
11V3nJ-1.113,11:32:02,T4,Team T4,120,jIuUl0dy,tvzQbMnXoeVvLt==
11V3nJ-1.114,11:32:02,T4,Team T4,120,7FbRhR8Nr8I,t3KSmc2EnoF==
11V3nJ-1.115,11:32:02,T4,Team T4,120,7FbRhR8Nr8I,lVDfeeqQnB_2OrGgeD
11V3nJ-1.116,11:32:02,T4,Team T4,120,7FbRhR8Nr8I,tSgTc0myliRi3
11V3nJ-1.117,11:32:02,T4,Team T4,120,8Is6bIj,lVDf749MznSp=
11V3nJ-1.118,11:32:02,T4,Team T4,121,LMtHa9BiFx0,73GY6dH1z
11V3nJ-1.119,11:32:02,T4,Team T4,122,wWjJDxwxo,DaJXtIuBpy5DWEpo==
11V3nJ-1.120,11:32:02,T4,Team T4,122,pUhxwrANoqO,LPzQA
11V3nJ-1.121,11:32:02,T4,Team T4,122,BXAAAAFy,LTxCvxs==
11V3nJ-1.122,11:32:02,T4,Team T4,122,pUhxwrANoqO,L1Izq
11V3nJ-1.123,11:32:02,T4,Team T4,123,21AnpK3i8jC,on_l=
11V3nJ-1.124,11:32:02,T4,Team T4,123,e4TqtT83,oh6GFV87ogKk=
11V3nJ-1.125,11:32:02,T4,Team T4,124,HbFWbTd,UoQ97faPGSpKB1G==
11V3nJ-1.126,11:32:02,T4,Team T4,124,G8oHh22MRJq,UoQ9eoVKPTxtD9xYDtpg==
11V3nJ-1.127,11:32:02,T4,Team T4,124,SbHKlb7x,2wA6
11V3nJ-1.128,11:32:02,T4,Team T4,124,SbHKlb7x,2nDZ=
11V3nJ-1.129,11:32:02,T4,Team T4,124,SbHKlb7x,29sT=
11V3nJ-1.130,11:32:02,T4,Team T4,124,G8oHh22MRJq,2ktUu0_LFRRk=
11V3nJ-1.131,11:32:02,T4,Team T4,125,qiIILqr1B,xw8ZBBNpLGu6==
11V3nJ-1.132,11:32:02,T4,Team T4,125,qiIILqr1B,xw8ZBCo2kPA_L
11V3nJ-1.133,11:32:02,T4,Team T4,125,qiIILqr1B,xw8ZBCG3mB
11V3nJ-1.134,11:32:02,T4,Team T4,126,XnYmxDugkv2,jIkFB
11V3nJ-1.135,11:32:02,T4,Team T4,126,XnYmxDugkv2,jJspo1r67xe0J
11V3nJ-1.136,11:32:02,T4,Team T4,126,4p0yEJq0k,bDqQuWt2iU0YKp8A==
11V3nJ-1.137,11:32:02,T4,Team T4,126,XnYmxDugkv2,jenFwQnYhzja=
11V3nJ-1.138,11:32:02,T4,Team T4,126,9qhpBMz1,jB5xISJpgB8WXe2==
11V3nJ-1.139,11:32:02,T4,Team T4,126,4p0yEJq0k,bDqQuVMl2IedA=
11V3nJ-1.140,11:32:02,T4,Team T4,126,9qhpBMz1,jf4==
11V3nJ-1.141,11:32:02,T4,Team T4,127,Mx5ft43w,OKeHmi0H59GcT=
11V3nJ-1.142,11:32:02,T4,Team T4,127,AuMcpVYL4Vk,OKeHmjZTeeH9yzhgJW
11V3nJ-1.143,11:32:02,T4,Team T4,127,HwOow1Uv4,OKeHmh8uVpocB=
11V3nJ-1.144,11:32:02,T4,Team T4,127,Mx5ft43w,Wj3aCSWzUdh==
11V3nJ-1.145,11:32:02,T4,Team T4,127,AuMcpVYL4Vk,WjeFw8Q==
11V3nJ-1.146,11:32:02,T4,Team T4,127,HwOow1Uv4,OKeHmedZX=
11V3nJ-1.147,11:32:02,T4,Team T4,127,AuMcpVYL4Vk,WvSep61GM7ww=
11V3nJ-1.148,11:32:02,T4,Team T4,127,Mx5ft43w,WxTeEjc==
11V3nJ-1.149,11:32:02,T4,Team T4,128,L9lhG48,YmwyC51eL
11V3nJ-1.150,11:32:02,T4,Team T4,129,odSmEwqKxHW,Kw2Rw
11V3nJ-1.151,11:32:02,T4,Team T4,129,vfUyLCmux,CtkTBRnzL3fL8Mt8==
11V3nJ-1.152,11:32:02,T4,Team T4,129,vfUyLCmux,CtkTBRRALL
11V3nJ-1.153,11:32:02,T4,Team T4,129,AgbpIFvv,Kk0RDloIsM7zpxr==
11V3nJ-1.154,11:32:02,T4,Team T4,130,QhP0Fsdz,0nS==
11V3nJ-1.155,11:32:02,T4,Team T4,130,EewXBj8OXxh,SuZlyAsHM0r5gmHiU=
11V3nJ-1.156,11:32:02,T4,Team T4,130,EewXBj8OXxh,0cLZsm7O7QCs=
11V3nJ-1.157,11:32:02,T4,Team T4,131,onQZAHx3H,vBhcqRR5yBBDauCNA
11V3nJ-1.158,11:32:02,T4,Team T4,131,hlONtBBjHqz,vBhcqZCiGKxK2qhHHPC6==
11V3nJ-1.159,11:32:02,T4,Team T4,131,to7QxKG4,DdYQFE_d=
11V3nJ-1.160,11:32:02,T4,Team T4,132,VtC7mTAhqPn,9J5xjdImwbA==
11V3nJ-1.161,11:32:02,T4,Team T4,132,WwTmgKL,9J5xcXwao
11V3nJ-1.162,11:32:02,T4,Team T4,132,2vEjtZw1q,9J5xj9tl==
11V3nJ-1.163,11:32:02,T4,Team T4,132,7wVaq2F2,hkRfhR_4jYr5UHy==
11V3nJ-1.164,11:32:02,T4,Team T4,132,7wVaq2F2,htEAx5Fn=
11V3nJ-1.165,11:32:02,T4,Team T4,132,VtC7mTAhqPn,9J5xjcygChnY==
11V3nJ-1.166,11:32:02,T4,Team T4,132,VtC7mTAhqPn,9J5xjhIf7Un3TH5pP
11V3nJ-1.167,11:32:02,T4,Team T4,132,7wVaq2F2,9J5xjdB07e
11V3nJ-1.168,11:32:02,T4,Team T4,132,VtC7mTAhqPn,hMUDr2wgc9q==
11V3nJ-1.169,11:32:02,T4,Team T4,133,FCW8PiZwa,MQnnFtZy9Uj19hEy==
11V3nJ-1.170,11:32:02,T4,Team T4,133,KDdZMl8x,MQnnFzZEkHAfS3GJ4uZ==
11V3nJ-1.171,11:32:02,T4,Team T4,133,yAUWIc3MaJb,MQnnFy7wkHHQ4g5DA=
11V3nJ-1.172,11:32:02,T4,Team T4,133,KDdZMl8x,UC2rDg4Qf1==
11V3nJ-1.173,11:32:02,T4,Team T4,133,FCW8PiZwa,MQnnFtkH9VAU5O
11V3nJ-1.174,11:32:02,T4,Team T4,133,KDdZMl8x,MQnnFw9Q==
11V3nJ-1.175,11:32:02,T4,Team T4,133,KDdZMl8x,UNUnC7ive
11V3nJ-1.176,11:32:02,T4,Team T4,133,KDdZMl8x,UP2YCpV==
11V3nJ-1.177,11:32:02,T4,Team T4,133,KDdZMl8x,MQnnFAYJf2o9WcYDE=
11V3nJ-1.178,11:32:02,T4,Team T4,133,KDdZMl8x,UCrg55uQ=
11V3nJ-1.179,11:32:02,T4,Team T4,134,oK1PFD72,yYhhJyb_PLag
11V3nJ-1.180,11:32:02,T4,Team T4,134,cHIMBu2hUCZ,qXbeyScmJ29q4=
11V3nJ-1.181,11:32:02,T4,Team T4,134,cHIMBu2hUCZ,qXbeyQVf==
11V3nJ-1.182,11:32:02,T4,Team T4,134,oK1PFD72,qXbeyQ_4N=
11V3nJ-1.183,11:32:02,T4,Team T4,134,jJKYIAY1U,qXbeyMo0OU8NO=
11V3nJ-1.184,11:32:02,T4,Team T4,134,cHIMBu2hUCZ,qXbeySW4LI7k2E66==
11V3nJ-1.185,11:32:02,T4,Team T4,134,cHIMBu2hUCZ,yMJ1r
11V3nJ-1.186,11:32:02,T4,Team T4,136,AsREXbU1n,HGiWNp76_QWSBD
11V3nJ-1.187,11:32:02,T4,Team T4,136,Ft8vUe32,PfSMRU0cm
11V3nJ-1.188,11:32:02,T4,Team T4,136,Ft8vUe32,HGiWNsdZvcNSyk_9ap
11V3nJ-1.189,11:32:02,T4,Team T4,136,AsREXbU1n,HGiWNnSf==
11V3nJ-1.190,11:32:02,T4,Team T4,136,tqPsQ5YhnUB,Pncu=
11V3nJ-1.191,11:32:02,T4,Team T4,136,ut6HKW9,HGiWGr2Z40_Srz2Z1
11V3nJ-1.192,11:32:02,T4,Team T4,136,tqPsQ5YhnUB,HGiWNsdvg9MGIp0oU2RH==
11V3nJ-1.193,11:32:02,T4,Team T4,136,AsREXbU1n,HGiWNq82u=
11V3nJ-1.194,11:32:02,T4,Team T4,136,ut6HKW9,HGiWG8ca64GTgn==
11V3nJ-1.195,11:32:02,T4,Team T4,137,jAqlMw2w,trFu_vRzRYSqn
11V3nJ-1.196,11:32:02,T4,Team T4,137,ez9uPtTv6,lNANFH3zcf06m=
11V3nJ-1.197,11:32:02,T4,Team T4,137,jAqlMw2w,tMd==
11V3nJ-1.198,11:32:02,T4,Team T4,137,ez9uPtTv6,lNANFFaG5S
11V3nJ-1.199,11:32:02,T4,Team T4,137,ez9uPtTv6,lNANFE3Rj1n5hAuL==
11V3nJ-1.200,11:32:02,T4,Team T4,137,7x7iInXL6OT,tysGSjoR62W==
11V3nJ-1.201,11:32:02,T4,Team T4,137,7x7iInXL6OT,lNANFKSHT=
11V3nJ-1.202,11:32:02,T4,Team T4,137,ez9uPtTv6,lNANFDVQZT0reMFtt=
11V3nJ-1.203,11:32:02,T4,Team T4,137,ez9uPtTv6,lNANFERUZ88mi=
11V3nJ-1.204,11:32:02,T4,Team T4,138,WIIEFOv1,62sJKME==
11V3nJ-1.205,11:32:02,T4,Team T4,139,APwu27u0,KEmI77E6v5Cr
11V3nJ-1.206,11:32:02,T4,Team T4,140,ENR3qL8i0WP,S3lrn6c8YgXg857Ie
11V3nJ-1.207,11:32:02,T4,Team T4,140,FQ8ikCj,S3lrg78aL
11V3nJ-1.208,11:32:02,T4,Team T4,140,QQa6uUd3,0V8djZqc=
11V3nJ-1.209,11:32:02,T4,Team T4,140,QQa6uUd3,S3lrn9m2QoMchf7Qe=
11V3nJ-1.210,11:32:02,T4,Team T4,140,ENR3qL8i0WP,0WWhhNv7LZbsh47==
11V3nJ-1.211,11:32:02,T4,Team T4,140,ENR3qL8i0WP,S3lrn62qaWX9x1
11V3nJ-1.212,11:32:02,T4,Team T4,140,QQa6uUd3,0JS3=
11V3nJ-1.213,11:32:02,T4,Team T4,140,ENR3qL8i0WP,S3lrn7hmWhWsxb08s=
11V3nJ-1.214,11:32:02,T4,Team T4,140,ENR3qL8i0WP,S3lrn486==
11V3nJ-1.215,11:32:02,T4,Team T4,140,ENR3qL8i0WP,09WpjVc4UhdZffL==
11V3nJ-1.216,11:32:02,T4,Team T4,141,uXspmcGy,E2uNx5NJrSH==
11V3nJ-1.217,11:32:02,T4,Team T4,141,iU9mi3BNJPE,waDLfpLQROSKm=
11V3nJ-1.218,11:32:02,T4,Team T4,141,iU9mi3BNJPE,EbFmnhRKw7B==
11V3nJ-1.219,11:32:02,T4,Team T4,141,iU9mi3BNJPE,waDLfoRIK7PAgkep=
11V3nJ-1.220,11:32:02,T4,Team T4,141,uXspmcGy,waDLfkARwf
11V3nJ-1.221,11:32:02,T4,Team T4,141,uXspmcGy,EQBCC61LJ1UA=
11V3nJ-1.222,11:32:02,T4,Team T4,141,iU9mi3BNJPE,waDLfoM1ziRJl_vb==
11V3nJ-1.223,11:32:02,T4,Team T4,141,iU9mi3BNJPE,waDLfpzIYiJw=
11V3nJ-1.224,11:32:02,T4,Team T4,141,iU9mi3BNJPE,waDLfqSwu8NGZHFg9xYR==
11V3nJ-1.225,11:32:02,T4,Team T4,141,uXspmcGy,waDLfq_zPUFMYwfm0Y
11V3nJ-1.226,11:32:02,T4,Team T4,142,24ZoMs02t,9irCCD21oVsRTM
11V3nJ-1.227,11:32:02,T4,Team T4,142,75gfJv93,9irCCF98oZrUxRrXf=
11V3nJ-1.228,11:32:02,T4,Team T4,142,75gfJv93,hfq_If8yeadg=
11V3nJ-1.229,11:32:02,T4,Team T4,142,75gfJv93,9irCCIvg==
11V3nJ-1.230,11:32:02,T4,Team T4,142,24ZoMs02t,9irCCCdjadd3HQx2ez
11V3nJ-1.231,11:32:02,T4,Team T4,142,75gfJv93,hUvn0o1uDIqUIHt==
11V3nJ-1.232,11:32:02,T4,Team T4,142,75gfJv93,h22hDBZ4p5oW=
11V3nJ-1.233,11:32:02,T4,Team T4,142,V2XcFm4itIW,h2j==
11V3nJ-1.234,11:32:02,T4,Team T4,143,GbheFKZxc,NpJtvU0BU94CC241tbrL==
11V3nJ-1.235,11:32:02,T4,Team T4,143,z9f2yE3Nc8K,NpJtv23E19Lh0_G_w321==
11V3nJ-1.236,11:32:02,T4,Team T4,143,Lcy5CN8y,VcE6=
11V3nJ-1.237,11:32:02,T4,Team T4,143,z9f2yE3Nc8K,Vfv==
11V3nJ-1.238,11:32:02,T4,Team T4,144,djk7kNH,qwxkgYz0KlCntYzRbRI==
11V3nJ-1.239,11:32:02,T4,Team T4,144,ojmVu5B3,ync_w
11V3nJ-1.240,11:32:02,T4,Team T4,144,djk7kNH,qwxkgPvmZiB==
11V3nJ-1.241,11:32:02,T4,Team T4,144,cg3SqWwiW1y,yukdxUK==
11V3nJ-1.242,11:32:02,T4,Team T4,145,2VELRnA1,48PbKzI566CRCNTW==
11V3nJ-1.243,11:32:02,T4,Team T4,145,2VELRnA1,cKr==
11V3nJ-1.244,11:32:02,T4,Team T4,146,F2sAJG3w,HfD1CTiSNlueJibrUjJI==
11V3nJ-1.245,11:32:02,T4,Team T4,146,tZ9xFxYLTka,PVlA4VSN
11V3nJ-1.246,11:32:02,T4,Team T4,146,tZ9xFxYLTka,PYhT=
11V3nJ-1.247,11:32:02,T4,Team T4,146,A1bJMDUvT,HfD1CRev8DgyV6uX59==
11V3nJ-1.248,11:32:02,T4,Team T4,146,A1bJMDUvT,HfD1CS1xEjhgQ2yUMX
11V3nJ-1.249,11:32:02,T4,Team T4,146,F2sAJG3w,POlGRwdCK
11V3nJ-1.250,11:32:02,T4,Team T4,146,tZ9xFxYLTka,PUB3=
11V3nJ-1.251,11:32:02,T4,Team T4,146,A1bJMDUvT,HfD1CQQ_SBqBH=
11V3nJ-1.252,11:32:02,T4,Team T4,147,P9KUCY21,Z9IoKNP0nnPp=
11V3nJ-1.253,11:32:02,T4,Team T4,147,K8t3FVT0D,RmVmv888Fp
11V3nJ-1.254,11:32:02,T4,Team T4,147,K8t3FVT0D,RmVmva8Zo=
11V3nJ-1.255,11:32:02,T4,Team T4,147,P9KUCY21,ZoS9MI5==
11V3nJ-1.256,11:32:02,T4,Team T4,147,K8t3FVT0D,RmVmvaXgxf
11V3nJ-1.257,11:32:02,T4,Team T4,148,oghT1dmvm,vuJdRqvt==
11V3nJ-1.258,11:32:02,T4,Team T4,148,oghT1dmvm,vuJdRpHGsmdxkVkO==
11V3nJ-1.259,11:32:02,T4,Team T4,148,oghT1dmvm,vuJdRoPLjdpDRG
11V3nJ-1.260,11:32:02,T4,Team T4,148,oghT1dmvm,vuJdRpuZ7k
11V3nJ-1.261,11:32:02,T4,Team T4,148,thyKYgvw,DwjS_an0p8LLIL2==
11V3nJ-1.262,11:32:02,T4,Team T4,148,hefHU7qLm6g,DdfPimEF=
11V3nJ-1.263,11:32:02,T4,Team T4,148,oghT1dmvm,vuJdRtFz6cpzMC8U==
11V3nJ-1.264,11:32:02,T4,Team T4,148,hefHU7qLm6g,DprH=
11V3nJ-1.265,11:32:02,T4,Team T4,148,ihwWOYB,vuJdKlJHg_tSzUqff
11V3nJ-1.266,11:32:02,T4,Team T4,150,mpvFjSH4,oCH0c5x4mLQL30U7_4
11V3nJ-1.267,11:32:02,T4,Team T4,150,amcCfJCjwPo,wwsNiVA==
11V3nJ-1.268,11:32:02,T4,Team T4,150,amcCfJCjwPo,oCH0cZC7FSpM==
11V3nJ-1.269,11:32:02,T4,Team T4,150,mpvFjSH4,wHs==
11V3nJ-1.270,11:32:02,T4,Team T4,151,Ou0sC1Bifec,aGtCO7R_W
11V3nJ-1.271,11:32:02,T4,Team T4,151,0xjvGaG3,aDiHT
11V3nJ-1.272,11:32:02,T4,Team T4,151,Ou0sC1Bifec,aIbHzVyaa
11V3nJ-1.273,11:32:02,T4,Team T4,151,Ou0sC1Bifec,2KvRzpA0==
11V3nJ-1.274,11:32:02,T4,Team T4,151,Ou0sC1Bifec,aotGQSRx
11V3nJ-1.275,11:32:02,T4,Team T4,151,Ou0sC1Bifec,2KvRziQjfvAFMa43A=
11V3nJ-1.276,11:32:02,T4,Team T4,151,Ou0sC1Bifec,2KvRznLh8GeLXm
11V3nJ-1.277,11:32:02,T4,Team T4,151,0xjvGaG3,am3uudGk=
11V3nJ-1.278,11:32:02,T4,Team T4,151,0xjvGaG3,aH5CFUU6kptBP90==
11V3nJ-1.279,11:32:02,T4,Team T4,152,EEBlyt9x,OCmluceMI4yYP
11V3nJ-1.280,11:32:02,T4,Team T4,152,sBiiuk4MZ7u,GRNIrDf_Q5wbP_HsDq0F==
11V3nJ-1.281,11:32:02,T4,Team T4,152,zDkuBq0wZ,GRNIrAju==
11V3nJ-1.282,11:32:02,T4,Team T4,152,EEBlyt9x,OZzG=
11V3nJ-1.283,11:32:02,T4,Team T4,152,sBiiuk4MZ7u,OtzFo90u4
11V3nJ-1.284,11:32:02,T4,Team T4,152,sBiiuk4MZ7u,GRNIrGhzLb
11V3nJ-1.285,11:32:02,T4,Team T4,152,tEzxobf,GRNIkocGUfrZMnu7C
11V3nJ-1.286,11:32:02,T4,Team T4,153,hfTbrL82,r1EnJTZnxdv==
11V3nJ-1.287,11:32:02,T4,Team T4,154,VmH0N3Bx,5dotGgCWltgh=
11V3nJ-1.288,11:32:02,T4,Team T4,154,JjoXJUwMsq7,XzTpGerJGmax==
11V3nJ-1.289,11:32:02,T4,Team T4,154,Qlq9Q0sws,XzTpGcTu==
11V3nJ-1.290,11:32:02,T4,Team T4,154,VmH0N3Bx,5xI0V6uJbnhGE
11V3nJ-1.291,11:32:02,T4,Team T4,154,Qlq9Q0sws,XzTpGdDE9y6A1tNutrr==
11V3nJ-1.292,11:32:02,T4,Team T4,154,VmH0N3Bx,5pFfTPRPn_sl=
11V3nJ-1.293,11:32:02,T4,Team T4,154,JjoXJUwMsq7,5lWVM2ULs
11V3nJ-1.294,11:32:02,T4,Team T4,154,VmH0N3Bx,5grZTaEKtFiCN
11V3nJ-1.295,11:32:02,T4,Team T4,154,JjoXJUwMsq7,5awsA
11V3nJ-1.296,11:32:02,T4,Team T4,155,mrGhCdvhcjV,ItMAC_n==
11V3nJ-1.297,11:32:02,T4,Team T4,155,mrGhCdvhcjV,AHbKzBPeTA2PAG1lK=
11V3nJ-1.298,11:32:02,T4,Team T4,155,ttItJjr1c,AHbKzvA5==
11V3nJ-1.299,11:32:02,T4,Team T4,156,1BLmpm9,eOZBlDaI=
11V3nJ-1.300,11:32:02,T4,Team T4,156,1BLmpm9,eOZBlQW==
11V3nJ-1.301,11:32:02,T4,Team T4,158,hNANK5qfovP,DLDVIhRX=
11V3nJ-1.302,11:32:02,T4,Team T4,158,oPCZRbmZo,v35jHlF7BQ7MtUjqoVuI==
11V3nJ-1.303,11:32:02,T4,Team T4,158,oPCZRbmZo,v35jHmMijN
11V3nJ-1.304,11:32:02,T4,Team T4,158,hNANK5qfovP,D2W==
11V3nJ-1.305,11:32:02,T4,Team T4,158,tQTQOev0,DICPKnrvbXlW=
11V3nJ-1.306,11:32:02,T4,Team T4,158,hNANK5qfovP,DEK78qE==
11V3nJ-1.307,11:32:02,T4,Team T4,158,hNANK5qfovP,DMBjH2A1t
11V3nJ-1.308,11:32:02,T4,Team T4,158,hNANK5qfovP,DGQ==
11V3nJ-1.309,11:32:02,T4,Team T4,158,oPCZRbmZo,v35jHrCccHTy==
11V3nJ-1.310,11:32:02,T4,Team T4,159,1WUOJulu8,8an9zIB1bBBb2hqPE=
11V3nJ-1.311,11:32:02,T4,Team T4,160,cYOXs2M,pb36o_DH=
11V3nJ-1.312,11:32:02,T4,Team T4,161,O3lxrtAii7L,2jRWoKzsrrJj==
11V3nJ-1.313,11:32:02,T4,Team T4,161,O3lxrtAii7L,2jRWoMwimzJtU74u==
11V3nJ-1.314,11:32:02,T4,Team T4,161,O3lxrtAii7L,aesSlsHwnbKx=
11V3nJ-1.315,11:32:02,T4,Team T4,161,V5nJyzw2i,2jRWoJI32c
11V3nJ-1.316,11:32:02,T4,Team T4,162,sEDnkM3N1w3,OI7TcD1QWTm==
11V3nJ-1.317,11:32:02,T4,Team T4,162,EHWqoV8y,GU9Nh8Vv==
11V3nJ-1.318,11:32:02,T4,Team T4,162,sEDnkM3N1w3,O2IRj5gOV
11V3nJ-1.319,11:32:02,T4,Team T4,162,zGFzrSZx1,GU9Nh3gBRz
11V3nJ-1.320,11:32:02,T4,Team T4,163,5LrdG43iLqR,j1XEDnc0OL3zO=
11V3nJ-1.321,11:32:02,T4,Team T4,163,hOKgKd83,r9Cc21m1IL1h=
11V3nJ-1.322,11:32:02,T4,Team T4,163,5LrdG43iLqR,j1XEDpugYz8kXS
11V3nJ-1.323,11:32:02,T4,Team T4,163,hOKgKd83,j1XEDqi0==
11V3nJ-1.324,11:32:02,T4,Team T4,163,5LrdG43iLqR,rCUl=
11V3nJ-1.325,11:32:02,T4,Team T4,163,cNtpNaZ2L,j1XEDmZyHtZfMEaqMpm==
11V3nJ-1.326,11:32:02,T4,Team T4,164,VW2ADvB2,5YiTFvUkdrU7t
11V3nJ-1.327,11:32:02,T4,Team T4,164,JTJxzmwhujF,5RJ==
11V3nJ-1.328,11:32:02,T4,Team T4,164,KW0MtdH,X9fZp_B5vzQQl
11V3nJ-1.329,11:32:02,T4,Team T4,164,VW2ADvB2,X9fZwI_pkrSKwt
11V3nJ-1.330,11:32:02,T4,Team T4,164,JTJxzmwhujF,X9fZwJMjgtTFhxH04paU==
11V3nJ-1.331,11:32:02,T4,Team T4,164,JTJxzmwhujF,X9fZwJD0pLF1opOeWr
11V3nJ-1.332,11:32:02,T4,Team T4,164,JTJxzmwhujF,5RNYxnrq_wQU
11V3nJ-1.333,11:32:02,T4,Team T4,164,JTJxzmwhujF,54eIr
11V3nJ-1.334,11:32:02,T4,Team T4,164,JTJxzmwhujF,55RxGqo9=
11V3nJ-1.335,11:32:02,T4,Team T4,165,z3kqvOAw,J4vB=
11V3nJ-1.336,11:32:02,T4,Team T4,165,n01nrFvLeIt,J0gxrvvOtSMVJTi==
11V3nJ-1.337,11:32:02,T4,Team T4,165,z3kqvOAw,BgxQo2QUddzG==
11V3nJ-1.338,11:32:02,T4,Team T4,165,u23zyLrve,BgxQoVnxh=
11V3nJ-1.339,11:32:02,T4,Team T4,165,n01nrFvLeIt,J0jPxICD=
11V3nJ-1.340,11:32:02,T4,Team T4,165,n01nrFvLeIt,JW1CIGrU5LEU=
11V3nJ-1.341,11:32:02,T4,Team T4,165,z3kqvOAw,BgxQo2tzWRMXdz1xvmZE==
11V3nJ-1.342,11:32:02,T4,Team T4,165,n01nrFvLeIt,BgxQo2BEZ=
11V3nJ-1.343,11:32:02,T4,Team T4,166,Ia8gS631,KnlHLkh7P=
11V3nJ-1.344,11:32:02,T4,Team T4,166,D9RpV3U0Y,KnlHLfY98GAcplrR17
11V3nJ-1.345,11:32:02,T4,Team T4,166,Ia8gS631,KnlHLl869=
11V3nJ-1.346,11:32:02,T4,Team T4,166,w7PdOXYgYCh,KnlHLjVmUV
11V3nJ-1.347,11:32:02,T4,Team T4,166,D9RpV3U0Y,KnlHLf5_Vywkd=
11V3nJ-1.348,11:32:02,T4,Team T4,166,D9RpV3U0Y,KnlHLd9bYGlplSHd80
11V3nJ-1.349,11:32:02,T4,Team T4,166,D9RpV3U0Y,KnlHLgYlVWyrqm
11V3nJ-1.350,11:32:02,T4,Team T4,166,Ia8gS631,Sd5oIbWc=
11V3nJ-1.351,11:32:02,T4,Team T4,167,ae72GfXLHv6,wganIlYWvLkI=
11V3nJ-1.352,11:32:02,T4,Team T4,167,mhq5Ko2w,ouDxDDgVv0
11V3nJ-1.353,11:32:02,T4,Team T4,167,mhq5Ko2w,w9fq=
11V3nJ-1.354,11:32:02,T4,Team T4,167,ae72GfXLHv6,w6k3Qn5SJ
11V3nJ-1.355,11:32:02,T4,Team T4,167,hg9eNlTvH,ouDxDy_zxrACkf
11V3nJ-1.356,11:32:02,T4,Team T4,167,ae72GfXLHv6,w59hZq7YpKp==
11V3nJ-1.357,11:32:02,T4,Team T4,167,ae72GfXLHv6,wmu5Uff=
11V3nJ-1.358,11:32:02,T4,Team T4,167,hg9eNlTvH,ouDxDBXWTy7Ia=
11V3nJ-1.359,11:32:02,T4,Team T4,168,Opc7tpB,1CropLA850Ddp
11V3nJ-1.360,11:32:02,T4,Team T4,168,Opc7tpB,1CropACdFdEXiK8KEIk==
11V3nJ-1.361,11:32:02,T4,Team T4,168,Opc7tpB,1Cropwz3K0Tk9C==
11V3nJ-1.362,11:32:02,T4,Team T4,169,rtdIWQpLEOc,Nwg6ZLOP=
11V3nJ-1.363,11:32:02,T4,Team T4,169,DwwL0Zuw,NknQcUKAF
11V3nJ-1.364,11:32:02,T4,Team T4,169,rtdIWQpLEOc,NzJ4RI_O
11V3nJ-1.365,11:32:02,T4,Team T4,169,yvfU3WlvE,FJJfT8C2rLEZgAos==
11V3nJ-1.366,11:32:02,T4,Team T4,170,HYRNo9BiBDw,37eSs7JxN
11V3nJ-1.367,11:32:02,T4,Team T4,170,HYRNo9BiBDw,3cd==
11V3nJ-1.368,11:32:02,T4,Team T4,170,T1aQsiG3,VeoblswewPQK5=
11V3nJ-1.369,11:32:02,T4,Team T4,170,HYRNo9BiBDw,Veoblsz8EGKRdEY0q0
11V3nJ-1.370,11:32:02,T4,Team T4,170,T1aQsiG3,VeoblwYdBzzBb4SydY
11V3nJ-1.371,11:32:02,T4,Team T4,172,aghwHT83,ctvTA4o2JpNO==
11V3nJ-1.372,11:32:02,T4,Team T4,172,aghwHT83,kxgYxYa4CJQWw
11V3nJ-1.373,11:32:02,T4,Team T4,172,5f0FKQZ2y,ctvTA0ryNqN3s=
11V3nJ-1.374,11:32:02,T4,Team T4,172,ZgfIxBe,ctvTt7ZdyRz9_yRrU
11V3nJ-1.375,11:32:02,T4,Team T4,172,aghwHT83,k2fILA2quoSLO
11V3nJ-1.376,11:32:02,T4,Team T4,173,CkMNv22MhPq,Yr_S_6XQ_aCw=
11V3nJ-1.377,11:32:02,T4,Team T4,173,On5Qzb7x,YjgVt
11V3nJ-1.378,11:32:02,T4,Team T4,173,JmOZC8Ywh,QAjesioPmMwoHIre==
11V3nJ-1.379,11:32:02,T4,Team T4,173,CkMNv22MhPq,QAjesngu==
11V3nJ-1.380,11:32:02,T4,Team T4,173,CkMNv22MhPq,QAjesq_TlV
11V3nJ-1.381,11:32:02,T4,Team T4,173,CkMNv22MhPq,QAjesqaxw7BCrv
11V3nJ-1.382,11:32:02,T4,Team T4,173,On5Qzb7x,QAjeslYv1auezPqS==
11V3nJ-1.383,11:32:02,T4,Team T4,173,On5Qzb7x,QAjeslgT9VKqFt
11V3nJ-1.384,11:32:02,T4,Team T4,173,JmOZC8Ywh,QAjesiZzY=
11V3nJ-1.385,11:32:02,T4,Team T4,173,CkMNv22MhPq,Yn2==
11V3nJ-1.386,11:32:02,T4,Team T4,174,fs4CSkvh1Ie,BFoZT
11V3nJ-1.387,11:32:02,T4,Team T4,174,fs4CSkvh1Ie,tIB4PF_sOI
11V3nJ-1.388,11:32:02,T4,Team T4,174,mu6OZqr11,tIB4PCzeN
11V3nJ-1.389,11:32:02,T4,Team T4,174,fs4CSkvh1Ie,BopTJp_2LK==
11V3nJ-1.390,11:32:02,T4,Team T4,174,rvnFWtA2,BuaS2gD==
11V3nJ-1.391,11:32:02,T4,Team T4,174,fs4CSkvh1Ie,BhiI=
11V3nJ-1.392,11:32:02,T4,Team T4,174,fs4CSkvh1Ie,BCo=
11V3nJ-1.393,11:32:02,T4,Team T4,174,fs4CSkvh1Ie,tIB4PFI4VQc3u=
11V3nJ-1.394,11:32:02,T4,Team T4,174,fs4CSkvh1Ie,BLaHZzn==
11V3nJ-1.395,11:32:02,T4,Team T4,174,fs4CSkvh1Ie,Bvk==
11V3nJ-1.396,11:32:02,T4,Team T4,175,0BoESJqwK,7PTVIVIK==
11V3nJ-1.397,11:32:02,T4,Team T4,175,0BoESJqwK,7PTVIXxuMFl4==
11V3nJ-1.398,11:32:02,T4,Team T4,175,5CFvPMzx,7PTVIYJTQJ_a==
11V3nJ-1.399,11:32:02,T4,Team T4,175,TzmsLDuMKB2,7PTVIZGK==
11V3nJ-1.400,11:32:02,T4,Team T4,175,0BoESJqwK,7PTVIXLDWBcmE=
11V3nJ-1.401,11:32:02,T4,Team T4,175,TzmsLDuMKB2,fLs==
11V3nJ-1.402,11:32:02,T4,Team T4,176,wGaiDVYLu1Q,SUrm=
11V3nJ-1.403,11:32:02,T4,Team T4,176,wGaiDVYLu1Q,KWHMAiXz==
11V3nJ-1.404,11:32:02,T4,Team T4,176,xJrxxM9,KWHMtV5vn8T==
11V3nJ-1.405,11:32:02,T4,Team T4,177,aOs80dXgdUE,o4ZDXB6if6OCSw5IBc
11V3nJ-1.406,11:32:02,T4,Team T4,177,hQuk7jT0d,o4ZDXude4Y3zwiUe2=
11V3nJ-1.407,11:32:02,T4,Team T4,177,mRLb4m21,w0yjTk0sh
11V3nJ-1.408,11:32:02,T4,Team T4,177,mRLb4m21,wYvjT6fje
11V3nJ-1.409,11:32:02,T4,Team T4,178,0YzvWFvv,2bNYPUns==
11V3nJ-1.410,11:32:02,T4,Team T4,179,yyAuSUlZH,FM5PIarfor
11V3nJ-1.411,11:32:02,T4,Team T4,179,yyAuSUlZH,FM5PI7k9qm6R6g
11V3nJ-1.412,11:32:02,T4,Team T4,179,yyAuSUlZH,FM5PIcrh_d
11V3nJ-1.413,11:32:02,T4,Team T4,179,yyAuSUlZH,FM5PIaq3==
11V3nJ-1.414,11:32:02,T4,Team T4,179,yyAuSUlZH,FM5PI5NwtuK52pYbJz
11V3nJ-1.415,11:32:02,T4,Team T4,179,yyAuSUlZH,FM5PIcN9C=
11V3nJ-1.416,11:32:02,T4,Team T4,179,rwyiLOpfHdK,NtFgV2IkBGX==
11V3nJ-1.417,11:32:02,T4,Team T4,180,IAt8BsM,VNKhxSz5Xy8==
11V3nJ-1.418,11:32:02,T4,Team T4,180,TAvWLKG4,VNKhEVWjQ=
11V3nJ-1.419,11:32:02,T4,Team T4,181,xIjME2Fy,Hx6==
11V3nJ-1.420,11:32:02,T4,Team T4,181,lF0JATANQVT,zVy8xdNSxWZOCVrF==
11V3nJ-1.421,11:32:02,T4,Team T4,181,sH2VHZwxQ,zVy8x9HYGjb4YevC1=
11V3nJ-1.422,11:32:02,T4,Team T4,182,aPB5wl8x,c2QspxZvLiFi==
11V3nJ-1.423,11:32:02,T4,Team T4,182,YMi2sc3MAPH,c2QspyWA==
11V3nJ-1.424,11:32:02,T4,Team T4,182,aPB5wl8x,k8plzlevEL==
11V3nJ-1.425,11:32:02,T4,Team T4,183,CT6SPu2hkIZ,Q9EjMRWZ==
11V3nJ-1.426,11:32:02,T4,Team T4,184,g1oIHMvM37N,CXu3URFKT8SRZ
11V3nJ-1.427,11:32:02,T4,Team T4,184,s4HLLVAx,CdBJDMAHKsK==
11V3nJ-1.428,11:32:02,T4,Team T4,184,s4HLLVAx,C3KTY6LCT9ONTqz==
11V3nJ-1.429,11:32:02,T4,Team T4,184,g1oIHMvM37N,Cdr2V3BLSmb0L
11V3nJ-1.430,11:32:02,T4,Team T4,184,g1oIHMvM37N,uhWaE8wO0=
11V3nJ-1.431,11:32:02,T4,Team T4,184,s4HLLVAx,CUrKGYF_L
11V3nJ-1.432,11:32:02,T4,Team T4,184,n3qUOSrw3,uhWaE5zGSrMOW_opg=
11V3nJ-1.433,11:32:02,T4,Team T4,184,g1oIHMvM37N,CSPLCKtA=
11V3nJ-1.434,11:32:02,T4,Team T4,184,g1oIHMvM37N,uhWaE7pGS9fQ==
11V3nJ-1.435,11:32:02,T4,Team T4,184,h4FXBDG,uhWaxVqUcx25QCj==
11V3nJ-1.436,11:32:02,T4,Team T4,185,wafKHbU1N,DoL1xp__Kg
11V3nJ-1.437,11:32:02,T4,Team T4,185,BbwBEe32,DoL1xsUoQYS9FtP6==
11V3nJ-1.438,11:32:02,T4,Team T4,185,wafKHbU1N,DoL1xoff==
11V3nJ-1.439,11:32:02,T4,Team T4,186,fiOr0w2w,pBzJbLRz=
11V3nJ-1.440,11:32:02,T4,Team T4,187,Sq6KTOv1,2xU1NLzfXzwzj
11V3nJ-1.441,11:32:02,T4,Team T4,187,Sq6KTOv1,2A39XEv9X
11V3nJ-1.442,11:32:02,T4,Team T4,187,Sq6KTOv1,2m7RTVFw=
11V3nJ-1.443,11:32:02,T4,Team T4,187,GnNHPFqggjd,2v08Mux6ZCw==
11V3nJ-1.444,11:32:02,T4,Team T4,187,Sq6KTOv1,UDlcM2n1YtJv==
11V3nJ-1.445,11:32:02,T4,Team T4,188,r0DJP4lvZ,ye93FlAE5hHR3=
11V3nJ-1.446,11:32:02,T4,Team T4,188,w1UAM7uw,G4_JCcQK1nO==
11V3nJ-1.447,11:32:02,T4,Team T4,188,r0DJP4lvZ,ye93FfxEOyAdd=
11V3nJ-1.448,11:32:02,T4,Team T4,188,r0DJP4lvZ,ye93FhwA6=
11V3nJ-1.449,11:32:02,T4,Team T4,188,r0DJP4lvZ,ye93Fjx0RAUadmyvoXV4==
11V3nJ-1.450,11:32:02,T4,Team T4,188,r0DJP4lvZ,ye93FgDWO=
11V3nJ-1.451,11:32:02,T4,Team T4,188,r0DJP4lvZ,ye93FgyRIhCW7sAAiHca==
11V3nJ-1.452,11:32:02,T4,Team T4,188,l1SMCPA,ye93ykrYb
11V3nJ-1.453,11:32:02,T4,Team T4,189,X5Tn4gTKJCj,jrfLU7dwF1w==
11V3nJ-1.454,11:32:02,T4,Team T4,189,47VzbmPuJ,blrU1EdCxXvvfWHED=
11V3nJ-1.455,11:32:02,T4,Team T4,189,98cq8pYv,jU9==
11V3nJ-1.456,11:32:02,T4,Team T4,190,e6xsw3BN9VE,sm6QtnIB==
11V3nJ-1.457,11:32:02,T4,Team T4,190,q9QvAcGy,AXZSspzUgkZz5xq==
11V3nJ-1.458,11:32:02,T4,Team T4,190,q9QvAcGy,sm6QtnDI0YKLWSB6Tf_p==
11V3nJ-1.459,11:32:02,T4,Team T4,190,e6xsw3BN9VE,A2Tw=
11V3nJ-1.460,11:32:02,T4,Team T4,190,q9QvAcGy,sm6QtrNv==
11V3nJ-1.461,11:32:02,T4,Team T4,190,q9QvAcGy,AZNrv
11V3nJ-1.462,11:32:02,T4,Team T4,190,q9QvAcGy,AiXvIkST4cZAi
11V3nJ-1.463,11:32:02,T4,Team T4,190,e6xsw3BN9VE,sm6QtkRKecNw==
11V3nJ-1.464,11:32:02,T4,Team T4,190,e6xsw3BN9VE,AjXBGjO3=
11V3nJ-1.465,11:32:02,T4,Team T4,190,e6xsw3BN9VE,sm6QtnyFdV9zQ=
11V3nJ-1.466,11:32:02,T4,Team T4,191,Relipm4iTks,5uUHmGo2TgM3jQMB1J
11V3nJ-1.467,11:32:02,T4,Team T4,191,Ygnuws02T,5uUHmCWrCzv26=
11V3nJ-1.468,11:32:02,T4,Team T4,191,Relipm4iTks,dolkztW=
11V3nJ-1.469,11:32:02,T4,Team T4,191,3hEltv93,5uUHmI37Hgv==
11V3nJ-1.470,11:32:02,T4,Team T4,191,Relipm4iTks,5uUHmGqaZ__VLf5qb=
11V3nJ-1.471,11:32:02,T4,Team T4,191,Relipm4iTks,5uUHmE07MA
11V3nJ-1.472,11:32:02,T4,Team T4,191,Relipm4iTks,dlNPhcfhX
11V3nJ-1.473,11:32:02,T4,Team T4,191,Relipm4iTks,5uUHmF01HD
11V3nJ-1.474,11:32:02,T4,Team T4,191,Ygnuws02T,5uUHmC4gMgtSc5yx1f
11V3nJ-1.475,11:32:02,T4,Team T4,192,vlD8ME3NCeg,JBcyJWrPlcloMs
11V3nJ-1.476,11:32:02,T4,Team T4,192,HoWbQN8y,JBcyJYhSN=
11V3nJ-1.477,11:32:02,T4,Team T4,192,woUnGve,JBcyC0cySyt==
11V3nJ-1.478,11:32:02,T4,Team T4,192,vlD8ME3NCeg,JBcyJYnB==
11V3nJ-1.479,11:32:02,T4,Team T4,192,vlD8ME3NCeg,RfXiPEbxvtpa9
11V3nJ-1.480,11:32:02,T4,Team T4,192,woUnGve,JBcyCS9Az
11V3nJ-1.481,11:32:02,T4,Team T4,192,HoWbQN8y,JBcyJWaIxxElP=
11V3nJ-1.482,11:32:02,T4,Team T4,192,HoWbQN8y,RrFB7zeCPat==
11V3nJ-1.483,11:32:02,T4,Team T4,193,8srYEWwim7y,mI0pBkAkh8vplnnDyFP7==
11V3nJ-1.484,11:32:02,T4,Team T4,193,kvK1I5B3,mI0pBkt7fsA8gq
11V3nJ-1.485,11:32:02,T4,Team T4,193,8srYEWwim7y,uFT20NLiiqQ6e
11V3nJ-1.486,11:32:02,T4,Team T4,193,8srYEWwim7y,mI0pBhLp7sIDe=
11V3nJ-1.487,11:32:02,T4,Team T4,193,kvK1I5B3,uvQhVaL6a
11V3nJ-1.488,11:32:02,T4,Team T4,193,kvK1I5B3,uKr==
11V3nJ-1.489,11:32:02,T4,Team T4,193,8srYEWwim7y,mI0pBhDob7V_en3nk=
11V3nJ-1.490,11:32:02,T4,Team T4,193,kvK1I5B3,umQbULXp9==
11V3nJ-1.491,11:32:02,T4,Team T4,193,kvK1I5B3,uoU7U2Fy=
11V3nJ-1.492,11:32:02,T4,Team T4,194,MAJOxevM5wm,8MKTJqKu=
11V3nJ-1.493,11:32:02,T4,Team T4,195,pHxDTxYLjqa,L4DR=
11V3nJ-1.494,11:32:02,T4,Team T4,195,wJzP0DUvj,DX66QRaxjms2kz5_d=
11V3nJ-1.495,11:32:02,T4,Team T4,195,BKQGXG3w,DX66QVkLcqs9j_0ikUXU==
11V3nJ-1.496,11:32:02,T4,Team T4,195,wJzP0DUvj,DX66QOoz8wpZnren6Y
11V3nJ-1.497,11:32:02,T4,Team T4,196,fl80QY21,pm9aE
11V3nJ-1.498,11:32:02,T4,Team T4,196,3iPXMPXg3jY,ptP==
11V3nJ-1.499,11:32:02,T4,Team T4,196,fl80QY21,pulZ=
11V3nJ-1.500,11:32:02,T4,Team T4,196,4l6cGG8,hyorCNh0TiZwATv==
11V3nJ-1.501,11:32:02,T4,Team T4,197,TtWQIgvw,3gUaC
11V3nJ-1.502,11:32:02,T4,Team T4,197,OsFZLdmvM,VGciBqDL_EKH=
11V3nJ-1.503,11:32:02,T4,Team T4,197,TtWQIgvw,3LX3=
11V3nJ-1.504,11:32:02,T4,Team T4,197,OsFZLdmvM,VGciBtPt==
11V3nJ-1.505,11:32:02,T4,Team T4,197,HqDNE7qLMIM,3ERdL
11V3nJ-1.506,11:32:02,T4,Team T4,197,TtWQIgvw,VGciBuzzyTVJa=
11V3nJ-1.507,11:32:02,T4,Team T4,197,TtWQIgvw,3y1OIksJ=
11V3nJ-1.508,11:32:02,T4,Team T4,197,TtWQIgvw,3EE835nRYZJR=
11V3nJ-1.509,11:32:02,T4,Team T4,197,HqDNE7qLMIM,3DWPHovyW9Pxd68==
11V3nJ-1.510,11:32:02,T4,Team T4,198,rzYP8wl0w,yNv9YKFntI_Pa9I9x1kC==
11V3nJ-1.511,11:32:02,T4,Team T4,198,rzYP8wl0w,yNv9YNEjvUvO==
11V3nJ-1.512,11:32:02,T4,Team T4,198,rzYP8wl0w,yNv9YGq2t=
11V3nJ-1.513,11:32:02,T4,Team T4,198,rzYP8wl0w,yNv9YJt6wJ_io
11V3nJ-1.514,11:32:02,T4,Team T4,198,rzYP8wl0w,yNv9YGxwhO94csqRw=
11V3nJ-1.515,11:32:02,T4,Team T4,198,kxWD1qpgwB4,Gyn36
11V3nJ-1.516,11:32:02,T4,Team T4,198,rzYP8wl0w,yNv9YGv2m_dPi=
11V3nJ-1.517,11:32:02,T4,Team T4,198,kxWD1qpgwB4,GFoCm
11V3nJ-1.518,11:32:02,T4,Team T4,199,5GgF0OOuf,cUN0QYKNpOcDeU
11V3nJ-1.519,11:32:02,T4,Team T4,199,5GgF0OOuf,cUN0Q3LA4rWDu_V4==
11V3nJ-1.520,11:32:02,T4,Team T4,199,5GgF0OOuf,cUN0Q16Z7DVw==
11V3nJ-1.521,11:32:02,T4,Team T4,0,LOG_STOPPED,On JOSEPHJ-MYHP at 2015-10-16T18:32:02.317Z
