DXwHlSqG.1,12:10:36,T4,Team T4,0,LOG_STARTED,On JOSEPHJ-MYHP at 2015-10-16T19:10:36.728Z
DXwHlSqG.2,12:10:36,T4,Team T4,100,HySl7uQ,UL1u3AEa=
DXwHlSqG.3,12:10:36,T4,Team T4,101,5rzg6vfq,fJwjXf2siZ2
DXwHlSqG.4,12:10:36,T4,Team T4,101,Togd2maFlZH,7EGCZEbIdrXP==
DXwHlSqG.5,12:10:36,T4,Team T4,101,Togd2maFlZH,fAnIdsj
DXwHlSqG.6,12:10:36,T4,Team T4,101,Togd2maFlZH,7EGCZD3HkiIi2G4yL
DXwHlSqG.7,12:10:36,T4,Team T4,101,Togd2maFlZH,flMgen4M790gp
DXwHlSqG.8,12:10:36,T4,Team T4,101,5rzg6vfq,f_C==
DXwHlSqG.9,12:10:36,T4,Team T4,101,5rzg6vfq,fdC==
DXwHlSqG.10,12:10:36,T4,Team T4,101,Togd2maFlZH,7EGCZD6CoWMV==
DXwHlSqG.11,12:10:36,T4,Team T4,102,i4uDbe0n,khB04rbkVY7cX6Q7AP
DXwHlSqG.12,12:10:36,T4,Team T4,102,61bA75VC6wC,s6gVe4OEdRLeXYz==
DXwHlSqG.13,12:10:36,T4,Team T4,102,i4uDbe0n,s5d2i95AlKzu=
DXwHlSqG.14,12:10:36,T4,Team T4,102,i4uDbe0n,khB04riG==
DXwHlSqG.15,12:10:36,T4,Team T4,102,61bA75VC6wC,khB04qQwPJQc3OK0rCX==
DXwHlSqG.16,12:10:36,T4,Team T4,102,61bA75VC6wC,sRhKlsSyeVF4=
DXwHlSqG.17,12:10:36,T4,Team T4,102,i4uDbe0n,khB04rPAjCCr1=
DXwHlSqG.18,12:10:36,T4,Team T4,102,d3dMebRm6,khB04m6NUIBoFQN7D6
DXwHlSqG.19,12:10:36,T4,Team T4,102,61bA75VC6wC,sRm4csVqOEGab
DXwHlSqG.20,12:10:36,T4,Team T4,102,61bA75VC6wC,s8lVotb=
DXwHlSqG.21,12:10:36,T4,Team T4,103,jUQXcOqzRNx,FMd0g6y_A7LhEme==
DXwHlSqG.22,12:10:36,T4,Team T4,103,vX90gXvk,xago9bxhK_Th==
DXwHlSqG.23,12:10:36,T4,Team T4,103,vX90gXvk,xago9bGPL0yxud0oC=
DXwHlSqG.24,12:10:36,T4,Team T4,103,jUQXcOqzRNx,F8X7=
DXwHlSqG.25,12:10:36,T4,Team T4,103,qWS9jUmjR,xago96jp5eGBo0
DXwHlSqG.26,12:10:36,T4,Team T4,103,vX90gXvk,FW39rHxL=
DXwHlSqG.27,12:10:36,T4,Team T4,103,qWS9jUmjR,xago96sGVZJx=
DXwHlSqG.28,12:10:36,T4,Team T4,103,qWS9jUmjR,xago94mhycKr==
DXwHlSqG.29,12:10:36,T4,Team T4,104,xQMzVom,K3VMREapp
DXwHlSqG.30,12:10:36,T4,Team T4,105,VJJKapLe,5LMT=
DXwHlSqG.31,12:10:36,T4,Team T4,105,QIsTdmCdn,XWQa3wWh==
DXwHlSqG.32,12:10:36,T4,Team T4,105,VJJKapLe,5IxRjCQAgQNDWL==
DXwHlSqG.33,12:10:36,T4,Team T4,105,VJJKapLe,5RO_klEAgT==
DXwHlSqG.34,12:10:36,T4,Team T4,105,JGqH6gGtnBn,5BG==
DXwHlSqG.35,12:10:36,T4,Team T4,105,VJJKapLe,5SKFldGz=
DXwHlSqG.36,12:10:36,T4,Team T4,106,Wz5ObZrq8S2,i_jbqTtzZP3=
DXwHlSqG.37,12:10:36,T4,Team T4,106,3B70i5na8,aPvi8ix8fX7yNqIVVQ
DXwHlSqG.38,12:10:36,T4,Team T4,106,Wz5ObZrq8S2,aPvi8nEff=
DXwHlSqG.39,12:10:36,T4,Team T4,106,Wz5ObZrq8S2,iRgVhOj==
DXwHlSqG.40,12:10:36,T4,Team T4,106,Wz5ObZrq8S2,iCtP4Yj==
DXwHlSqG.41,12:10:36,T4,Team T4,107,gu2n7OSRT,nIqGXZ4cSD1_oeb3yo
DXwHlSqG.42,12:10:36,T4,Team T4,107,gu2n7OSRT,nIqGX2fl5zgSi=
DXwHlSqG.43,12:10:36,T4,Team T4,107,gu2n7OSRT,nIqGXZPWIdZPtaal=
DXwHlSqG.44,12:10:36,T4,Team T4,107,9s0b0IW7T9X,v_eBY
DXwHlSqG.45,12:10:36,T4,Team T4,107,9s0b0IW7T9X,vKudXCg0Z
DXwHlSqG.46,12:10:36,T4,Team T4,107,9s0b0IW7T9X,vykxZDbTFx1D=
DXwHlSqG.47,12:10:36,T4,Team T4,107,gu2n7OSRT,nIqGX19TQ5fOs=
DXwHlSqG.48,12:10:36,T4,Team T4,108,mlFy5rH4EGS,Ie1O7mMbm636=
DXwHlSqG.49,12:10:36,T4,Team T4,108,noWNZiS,AB54VEWNK
DXwHlSqG.50,12:10:36,T4,Team T4,109,WgC7hg8Lp,3u0s7thV6e84L4jHNt
DXwHlSqG.51,12:10:36,T4,Team T4,109,PeAVaac1pXN,b8G==
DXwHlSqG.52,12:10:36,T4,Team T4,109,WgC7hg8Lp,3u0s7rt3e=
DXwHlSqG.53,12:10:36,T4,Team T4,109,WgC7hg8Lp,3u0s7xkPCTgguRrFas
DXwHlSqG.54,12:10:36,T4,Team T4,109,PeAVaac1pXN,bvW4c7fP7X6==
DXwHlSqG.55,12:10:36,T4,Team T4,109,WgC7hg8Lp,3u0s7qkZ==
DXwHlSqG.56,12:10:36,T4,Team T4,109,1hTYejhM,blUYb0a==
DXwHlSqG.57,12:10:36,T4,Team T4,110,1iYhcSCRbb1,n87B63TM9x2sa
DXwHlSqG.58,12:10:36,T4,Team T4,110,1iYhcSCRbb1,nr2ztSBJ=
DXwHlSqG.59,12:10:36,T4,Team T4,110,dlhkg1HC,fypF9gu3pqcCh2uIyw59==
DXwHlSqG.60,12:10:36,T4,Team T4,110,1iYhcSCRbb1,fypF9a0z==
DXwHlSqG.61,12:10:36,T4,Team T4,110,1iYhcSCRbb1,nEeokUCC2gxxX
DXwHlSqG.62,12:10:36,T4,Team T4,110,dlhkg1HC,na3B=
DXwHlSqG.63,12:10:36,T4,Team T4,110,dlhkg1HC,fypF9bIE5glAZ
DXwHlSqG.64,12:10:36,T4,Team T4,111,ebDEhB7OWsG,sr43eShXL=
DXwHlSqG.65,12:10:36,T4,Team T4,111,qeWHlKcz,AiVQ=
DXwHlSqG.66,12:10:36,T4,Team T4,111,qeWHlKcz,AsLbCrx4=
DXwHlSqG.67,12:10:36,T4,Team T4,111,ldFQoH3yW,sr43eR7D5N6Gthv6==
DXwHlSqG.68,12:10:36,T4,Team T4,111,ldFQoH3yW,sr43eRyAZoYjAgOUn=
DXwHlSqG.69,12:10:36,T4,Team T4,111,qeWHlKcz,sr43eV3HFu7gqnOZm0
DXwHlSqG.70,12:10:36,T4,Team T4,112,y6AdtqOvH,FkZrjB_LKMED==
DXwHlSqG.71,12:10:36,T4,Team T4,112,y6AdtqOvH,FkZrjBQVX0Iswk8HOqi7==
DXwHlSqG.72,12:10:36,T4,Team T4,112,s7Pggb3,FkZrcdQ2s
DXwHlSqG.73,12:10:36,T4,Team T4,112,D7R4qtXw,FkZrjDXDQJ0xG=
DXwHlSqG.74,12:10:36,T4,Team T4,112,s7Pggb3,FkZrchRD_SCAos9oO
DXwHlSqG.75,12:10:36,T4,Team T4,112,r4y1mkSLHJB,N1X7xx6==
DXwHlSqG.76,12:10:36,T4,Team T4,112,r4y1mkSLHJB,FkZrjGgPs3SJ==
DXwHlSqG.77,12:10:36,T4,Team T4,113,EXdob3nssgw,0St==
DXwHlSqG.78,12:10:36,T4,Team T4,113,Q0wrfcsd,0_j==
DXwHlSqG.79,12:10:36,T4,Team T4,113,EXdob3nssgw,SdEP8oxnvGFW9QMI==
DXwHlSqG.80,12:10:36,T4,Team T4,114,3TrOkVda,56zdd90n==
DXwHlSqG.81,12:10:36,T4,Team T4,114,RQ8LgM8pdxr,56zdd9ad==
DXwHlSqG.82,12:10:36,T4,Team T4,114,RQ8LgM8pdxr,d2p3ATzA52ESKc0==
DXwHlSqG.83,12:10:36,T4,Team T4,116,hCsfaeojJl1,DOCv2nH7Jtw=
DXwHlSqG.84,12:10:36,T4,Team T4,116,iFJu45z,vSTJ0hk1=
DXwHlSqG.85,12:10:36,T4,Team T4,117,BxpOm3P0u,ILO7cfb8cN5axR0m==
DXwHlSqG.86,12:10:36,T4,Team T4,117,GyGFj6Y1,QDuKq5NmjZeeFyR==
DXwHlSqG.87,12:10:36,T4,Team T4,117,BxpOm3P0u,ILO7cfYuf75m==
DXwHlSqG.88,12:10:36,T4,Team T4,117,BxpOm3P0u,ILO7cdLbcYTg==
DXwHlSqG.89,12:10:36,T4,Team T4,117,uvnCfXTguCW,QJD==
DXwHlSqG.90,12:10:36,T4,Team T4,117,GyGFj6Y1,QAJ==
DXwHlSqG.91,12:10:36,T4,Team T4,117,GyGFj6Y1,QkGGr74nBGXfO
DXwHlSqG.92,12:10:36,T4,Team T4,117,BxpOm3P0u,ILO7ch26sW
DXwHlSqG.93,12:10:36,T4,Team T4,117,BxpOm3P0u,ILO7cgW1qJ9lVD0qnj_8==
DXwHlSqG.94,12:10:36,T4,Team T4,118,Ho2ZkGEdZTR,3L98p
DXwHlSqG.95,12:10:36,T4,Team T4,118,Ho2ZkGEdZTR,3dhYgNw06b==
DXwHlSqG.96,12:10:36,T4,Team T4,119,U1Xm9p9aKqM,g9qmipwV0tVCZk1==
DXwHlSqG.97,12:10:36,T4,Team T4,119,13Zygv5UK,8hoT6G69rFSh3=
DXwHlSqG.98,12:10:36,T4,Team T4,119,13Zygv5UK,8hoT6N12v=
DXwHlSqG.99,12:10:36,T4,Team T4,119,64gpdyeV,gUkz3EbdzAUoSe==
DXwHlSqG.100,12:10:36,T4,Team T4,119,U1Xm9p9aKqM,ga8Ewpi3MEeqU
DXwHlSqG.101,12:10:36,T4,Team T4,119,13Zygv5UK,8hoT6LdS==
DXwHlSqG.102,12:10:36,T4,Team T4,120,6llIrnzKMo0,sIO6=
DXwHlSqG.103,12:10:36,T4,Team T4,120,7oCXleK,kBN6hjJLEp2X0xGKUgZ==
DXwHlSqG.104,12:10:36,T4,Team T4,121,vhj8Af9s,xusutsuKb5MPq_jEHH
DXwHlSqG.105,12:10:36,T4,Team T4,122,w7VslPPE2cA,KnnSicMzUc
DXwHlSqG.106,12:10:36,T4,Team T4,123,Q2C1xEglN,Xg2gnQBvwKD1==
DXwHlSqG.107,12:10:36,T4,Team T4,123,J0APqykBNtv,5d0QrVcA1ABo
DXwHlSqG.108,12:10:36,T4,Team T4,123,J0APqykBNtv,Xg2gnVCDBvCdxmjN2
DXwHlSqG.109,12:10:36,T4,Team T4,123,Q2C1xEglN,Xg2gnQrDOTRh==
DXwHlSqG.110,12:10:36,T4,Team T4,123,V3TSuHpm,Xg2gnS_xGw
DXwHlSqG.111,12:10:36,T4,Team T4,123,V3TSuHpm,5j8jgEIJ=
DXwHlSqG.112,12:10:36,T4,Team T4,123,J0APqykBNtv,5mD9qpgz0wIty
DXwHlSqG.113,12:10:36,T4,Team T4,123,Q2C1xEglN,Xg2gnOKnFKG3JY46A=
DXwHlSqG.114,12:10:36,T4,Team T4,124,WTvWvh5yy0q,i2NZzeoi=
DXwHlSqG.115,12:10:36,T4,Team T4,124,3Vx8Cn1iy,a9XosxkJyXtc==
DXwHlSqG.116,12:10:36,T4,Team T4,124,WTvWvh5yy0q,iR05GntsEluu1
DXwHlSqG.117,12:10:36,T4,Team T4,124,WTvWvh5yy0q,a9XosBXw_Yvrn=
DXwHlSqG.118,12:10:36,T4,Team T4,124,8WOZzqaj,i9v2=
DXwHlSqG.119,12:10:36,T4,Team T4,124,3Vx8Cn1iy,a9XosAsmj4Mc==
DXwHlSqG.120,12:10:36,T4,Team T4,124,XWMbp8g,a9Xolt3C=
DXwHlSqG.121,12:10:36,T4,Team T4,124,WTvWvh5yy0q,i2T7pfpPE0Tisyx==
DXwHlSqG.122,12:10:36,T4,Team T4,125,gOcvr6wfj,n2CMhjCrqmvqI=
DXwHlSqG.123,12:10:36,T4,Team T4,125,gOcvr6wfj,n2CMhjXkjwtFSQiDa=
DXwHlSqG.124,12:10:36,T4,Team T4,125,9Majk0Avjhl,v2phJds==
DXwHlSqG.125,12:10:36,T4,Team T4,125,9Majk0Avjhl,n2CMhlMxa=
DXwHlSqG.126,12:10:36,T4,Team T4,125,gOcvr6wfj,n2CMhjGC9hqQK=
DXwHlSqG.127,12:10:36,T4,Team T4,127,zyK3usQ9P5V,VtQ==
DXwHlSqG.128,12:10:36,T4,Team T4,127,GAMfByMTP,NOcyrLbYSi
DXwHlSqG.129,12:10:36,T4,Team T4,127,LB36yBVU,VPK6ukO1BmY==
DXwHlSqG.130,12:10:36,T4,Team T4,127,LB36yBVU,NOcyrQ27x64D==
DXwHlSqG.131,12:10:36,T4,Team T4,127,LB36yBVU,VHPnwzS=
DXwHlSqG.132,12:10:36,T4,Team T4,127,LB36yBVU,VR1n_
DXwHlSqG.133,12:10:36,T4,Team T4,128,eeItnkGR,oszGu8HRrFT==
DXwHlSqG.134,12:10:36,T4,Team T4,128,3eGFd2M,grRW9aDQtzgC=
DXwHlSqG.135,12:10:36,T4,Team T4,128,eeItnkGR,okSynoK7OHT==
DXwHlSqG.136,12:10:36,T4,Team T4,128,9drCqhxQA,grRWgrz1wOQX6w2cH=
DXwHlSqG.137,12:10:36,T4,Team T4,129,m6mJv02Nl,tkM4lig4yN
DXwHlSqG.138,12:10:36,T4,Team T4,129,f4kxoU63lDL,Bmyz=
DXwHlSqG.139,12:10:36,T4,Team T4,129,m6mJv02Nl,tkM4lef1==
DXwHlSqG.140,12:10:36,T4,Team T4,130,roI9qCwT7RZ,FEbxn0BEbYkbb3hkXMKJ==
DXwHlSqG.141,12:10:36,T4,Team T4,130,roI9qCwT7RZ,NpTqE
DXwHlSqG.142,12:10:36,T4,Team T4,130,roI9qCwT7RZ,FEbxnVqEcWs97U50a0
DXwHlSqG.143,12:10:36,T4,Team T4,130,Dr1cuLBE,FEbxnZEF8Od7==
DXwHlSqG.144,12:10:36,T4,Team T4,130,Dr1cuLBE,FEbxnWpXc=
DXwHlSqG.145,12:10:36,T4,Team T4,130,Dr1cuLBE,FEbxn0FGP67pS_4N==
DXwHlSqG.146,12:10:36,T4,Team T4,130,roI9qCwT7RZ,FEbxnUvIVhle3W
DXwHlSqG.147,12:10:36,T4,Team T4,130,Dr1cuLBE,FEbxnWyH5ZsjRabN==
DXwHlSqG.148,12:10:36,T4,Team T4,130,Dr1cuLBE,NAXghLR2R92==
DXwHlSqG.149,12:10:36,T4,Team T4,130,roI9qCwT7RZ,NeSBmIJSQmb5=
DXwHlSqG.150,12:10:36,T4,Team T4,131,QkGzzu6B,0dpG=
DXwHlSqG.151,12:10:36,T4,Team T4,131,QkGzzu6B,0dA_ArZ==
DXwHlSqG.152,12:10:36,T4,Team T4,131,Ehnwvl1QS8E,0qvIyqWFG6=
DXwHlSqG.153,12:10:36,T4,Team T4,131,QkGzzu6B,SxQVsHfJBrDsCxWe==
DXwHlSqG.154,12:10:36,T4,Team T4,131,Ehnwvl1QS8E,0tt==
DXwHlSqG.155,12:10:36,T4,Team T4,132,RaiDA4MxDFz,d_r8w5YgCDW=
DXwHlSqG.156,12:10:36,T4,Team T4,132,SdzSuVX,5qL3q3JIrKCOzlfH=
DXwHlSqG.157,12:10:36,T4,Team T4,132,3dBGEdRi,5qL3xnTDI
DXwHlSqG.158,12:10:36,T4,Team T4,132,3dBGEdRi,drzQycR_sHC==
DXwHlSqG.159,12:10:36,T4,Team T4,132,RaiDA4MxDFz,dxmEG17ywGQsq
DXwHlSqG.160,12:10:36,T4,Team T4,132,RaiDA4MxDFz,dcnWuVXhMS4=
DXwHlSqG.161,12:10:36,T4,Team T4,132,3dBGEdRi,diEH=
DXwHlSqG.162,12:10:36,T4,Team T4,133,g6g3tWmf,ijqrm9FtbjyE7t
DXwHlSqG.163,12:10:36,T4,Team T4,133,g6g3tWmf,ijqrm9jernVoh=
DXwHlSqG.164,12:10:36,T4,Team T4,133,g6g3tWmf,qp2kD9CchfMoRw5==
DXwHlSqG.165,12:10:36,T4,Team T4,133,b5ZcwTdeo,ijqrm5sLnc_v3Iam==
DXwHlSqG.166,12:10:36,T4,Team T4,133,g6g3tWmf,qYw3DDsktYJm=
DXwHlSqG.167,12:10:36,T4,Team T4,133,g6g3tWmf,ijqrm8tvyWDH_CYEX4
DXwHlSqG.168,12:10:36,T4,Team T4,133,g6g3tWmf,ijqrm7DLBgMI9Lb==
DXwHlSqG.169,12:10:36,T4,Team T4,133,g6g3tWmf,qed==
DXwHlSqG.170,12:10:36,T4,Team T4,133,g6g3tWmf,ijqrm9Bhz7Ov6H9k4KSQ==
DXwHlSqG.171,12:10:36,T4,Team T4,133,b5ZcwTdeo,ijqrm3qi==
DXwHlSqG.172,12:10:36,T4,Team T4,134,oYUzBCYb9,vclPrOhugbzNq=
DXwHlSqG.173,12:10:36,T4,Team T4,134,tZbqyF7c,D9UGCG1j8ezOm==
DXwHlSqG.174,12:10:36,T4,Team T4,134,hWSnuw2r9dp,D1==
DXwHlSqG.175,12:10:36,T4,Team T4,134,hWSnuw2r9dp,DRe==
DXwHlSqG.176,12:10:36,T4,Team T4,134,hWSnuw2r9dp,DLgntqkee
DXwHlSqG.177,12:10:36,T4,Team T4,134,tZbqyF7c,vclPrR_f7moHOXND==
DXwHlSqG.178,12:10:36,T4,Team T4,134,hWSnuw2r9dp,D31GH
DXwHlSqG.179,12:10:36,T4,Team T4,134,hWSnuw2r9dp,DQkrl
DXwHlSqG.180,12:10:36,T4,Team T4,134,hWSnuw2r9dp,Dbdr=
DXwHlSqG.181,12:10:36,T4,Team T4,134,tZbqyF7c,D1qFvGcshGm==
DXwHlSqG.182,12:10:36,T4,Team T4,135,GSQNDoC9,I50dwBDjVWAPrBWbj=
DXwHlSqG.183,12:10:36,T4,Team T4,135,uPxKzfxoUKk,Q4D==
DXwHlSqG.184,12:10:36,T4,Team T4,136,Ouujv4Y5F,VIVBljccVwgS7N
DXwHlSqG.185,12:10:36,T4,Team T4,136,Ouujv4Y5F,VIVBleiou8pVeGzyQ=
DXwHlSqG.186,12:10:36,T4,Team T4,136,Hss7oY2lF1f,3_JoM13fxhzO6
DXwHlSqG.187,12:10:36,T4,Team T4,136,Hss7oY2lF1f,3l1zHScar
DXwHlSqG.188,12:10:36,T4,Team T4,136,Ouujv4Y5F,VIVBlgfp==
DXwHlSqG.189,12:10:36,T4,Team T4,136,IvJmiPd,VIVBecjnE
DXwHlSqG.190,12:10:36,T4,Team T4,137,1n9GANJ2q,8BAZqZ0drNaTBSn5j
DXwHlSqG.191,12:10:36,T4,Team T4,137,6oqxxQS3,gb8LoH1==
DXwHlSqG.192,12:10:36,T4,Team T4,137,6oqxxQS3,gegMS
DXwHlSqG.193,12:10:36,T4,Team T4,137,6oqxxQS3,gxzGJGFa=
DXwHlSqG.194,12:10:36,T4,Team T4,137,6oqxxQS3,gktApGYlju26ML5==
DXwHlSqG.195,12:10:36,T4,Team T4,137,Ul7utHNiqiU,8BAZq57owCUYR2
DXwHlSqG.196,12:10:36,T4,Team T4,137,Ul7utHNiqiU,gDAPuJSvjo3=
DXwHlSqG.197,12:10:36,T4,Team T4,137,1n9GANJ2q,8BAZq3Gpd=
DXwHlSqG.198,12:10:36,T4,Team T4,137,1n9GANJ2q,8BAZqZL9xtcZ40
DXwHlSqG.199,12:10:36,T4,Team T4,137,1n9GANJ2q,8BAZqYRoCffW3PUZtM
DXwHlSqG.200,12:10:36,T4,Team T4,138,egONFweZb,luf7vJi5gXbb==
DXwHlSqG.201,12:10:36,T4,Team T4,138,egONFweZb,luf7vLh5dM95Gczi4=
DXwHlSqG.202,12:10:36,T4,Team T4,138,7eMByqifbPP,tecXL_tYo0h3nN==
DXwHlSqG.203,12:10:36,T4,Team T4,138,7eMByqifbPP,toRAPMcn=
DXwHlSqG.204,12:10:36,T4,Team T4,138,jh5ECzn0,tgRAGEj3aS73cHG==
DXwHlSqG.205,12:10:36,T4,Team T4,138,jh5ECzn0,tqbByB==
DXwHlSqG.206,12:10:36,T4,Team T4,138,jh5ECzn0,t9jSGuE=
DXwHlSqG.207,12:10:36,T4,Team T4,139,r9JaufZGW,ynavkv2SWmYaOg
DXwHlSqG.208,12:10:36,T4,Team T4,139,r9JaufZGW,ynavkvbST=
DXwHlSqG.209,12:10:36,T4,Team T4,139,r9JaufZGW,ynavks8XR=
DXwHlSqG.210,12:10:36,T4,Team T4,139,wa01ri8H,G8JfGrZbH7H==
DXwHlSqG.211,12:10:36,T4,Team T4,139,k7HYn93WW6K,GYXii4V==
DXwHlSqG.212,12:10:36,T4,Team T4,139,r9JaufZGW,ynavkukVN=
DXwHlSqG.213,12:10:36,T4,Team T4,140,xumPzIE,KHzYvSIYGpbykmXjryJ==
DXwHlSqG.214,12:10:36,T4,Team T4,140,wr5AFRtMIkY,SlhIEOo3xAqBx
DXwHlSqG.215,12:10:36,T4,Team T4,140,xumPzIE,KHzYvIFWyCcW=
DXwHlSqG.216,12:10:36,T4,Team T4,140,IuoDJ0yx,KHzYCaCPtv5QoBXy9=
DXwHlSqG.217,12:10:36,T4,Team T4,140,wr5AFRtMIkY,Spm1CdtGY
DXwHlSqG.218,12:10:36,T4,Team T4,140,IuoDJ0yx,SowJZ_FUuAeVD
DXwHlSqG.219,12:10:36,T4,Team T4,140,IuoDJ0yx,KHzYCblQHybVsC
DXwHlSqG.220,12:10:36,T4,Team T4,140,wr5AFRtMIkY,KHzYCdEzvO
DXwHlSqG.221,12:10:36,T4,Team T4,140,IuoDJ0yx,SBlG32==
DXwHlSqG.222,12:10:36,T4,Team T4,140,IuoDJ0yx,KHzYCcIuskiGikaGkORS==
DXwHlSqG.223,12:10:36,T4,Team T4,141,Vn3KOJ3u,5caeFz4EoDQ==
DXwHlSqG.224,12:10:36,T4,Team T4,141,JkKHKAYJtBT,XAe6HSSFq=
DXwHlSqG.225,12:10:36,T4,Team T4,141,JkKHKAYJtBT,5aK==
DXwHlSqG.226,12:10:36,T4,Team T4,141,Vn3KOJ3u,5jWM_RdKG4W==
DXwHlSqG.227,12:10:36,T4,Team T4,141,JkKHKAYJtBT,5sQ==
DXwHlSqG.228,12:10:36,T4,Team T4,141,JkKHKAYJtBT,XAe6HY4QqL8UjG708=
DXwHlSqG.229,12:10:36,T4,Team T4,141,Vn3KOJ3u,XAe6HR_xz6bCYUtB==
DXwHlSqG.230,12:10:36,T4,Team T4,142,WdF4zjtGeSy,ilGzrjtDWZ4ZQ
DXwHlSqG.231,12:10:36,T4,Team T4,142,8gY7Dsyr,isWjr
DXwHlSqG.232,12:10:36,T4,Team T4,142,3fHgGppqe,at9uwAlu==
DXwHlSqG.233,12:10:36,T4,Team T4,143,96krE2eDZpt,vuSFwhaH=
DXwHlSqG.234,12:10:36,T4,Team T4,143,96krE2eDZpt,nmOSBmtH==
DXwHlSqG.235,12:10:36,T4,Team T4,143,96krE2eDZpt,vXAHAh6Q4GU=
DXwHlSqG.236,12:10:36,T4,Team T4,143,96krE2eDZpt,nmOSBmip6Iq5MbpIjH
DXwHlSqG.237,12:10:36,T4,Team T4,143,96krE2eDZpt,nmOSBntmPQNbx0FC_4
DXwHlSqG.238,12:10:36,T4,Team T4,143,96krE2eDZpt,nmOSBokC4p
DXwHlSqG.239,12:10:36,T4,Team T4,144,n2w3DCU,AfJgzTXjsMqklqd==
DXwHlSqG.240,12:10:36,T4,Team T4,144,n2w3DCU,AfJgzOUI=
DXwHlSqG.241,12:10:36,T4,Team T4,144,t1h0QRFkK,AfJgG49xA0D8l=
DXwHlSqG.242,12:10:36,T4,Team T4,144,n2w3DCU,AfJgzJM_y
DXwHlSqG.243,12:10:36,T4,Team T4,144,mZfOJLJAKGo,ITslE
DXwHlSqG.244,12:10:36,T4,Team T4,144,mZfOJLJAKGo,I2q6V
DXwHlSqG.245,12:10:36,T4,Team T4,145,LFdeCDz2,VHno
DXwHlSqG.246,12:10:36,T4,Team T4,145,GEWnFAq1f,NSoEvKEn60i2_ApB==
DXwHlSqG.247,12:10:36,T4,Team T4,146,MvPyDdZe0ue,8Ak1U9R==
DXwHlSqG.248,12:10:36,T4,Team T4,146,MvPyDdZe0ue,8rVKN9b_b
DXwHlSqG.249,12:10:36,T4,Team T4,146,Yy8BHm4Z,8xfL2
DXwHlSqG.250,12:10:36,T4,Team T4,146,Yy8BHm4Z,8A5FW9k2H
DXwHlSqG.251,12:10:36,T4,Team T4,147,fouFIWKbLLT,BuDDTe6Yzb3C4eC==
DXwHlSqG.252,12:10:36,T4,Team T4,147,fouFIWKbLLT,BrA==
DXwHlSqG.253,12:10:36,T4,Team T4,147,mqwRP2GVL,tEYaFhYoI00h5qzX==
DXwHlSqG.254,12:10:36,T4,Team T4,147,mqwRP2GVL,tEYaFfJ_VJc==
DXwHlSqG.255,12:10:36,T4,Team T4,147,rrNIM5PW,BFLH=
DXwHlSqG.256,12:10:36,T4,Team T4,148,zjreELbSw,GxTyu09Sqv6AUp6sk9
DXwHlSqG.257,12:10:36,T4,Team T4,148,shp2xFf8w2O,O8ykFIl8yw7M=
DXwHlSqG.258,12:10:36,T4,Team T4,148,shp2xFf8w2O,OdIorNp8t==
DXwHlSqG.259,12:10:36,T4,Team T4,148,tkGhrwq,GxTynPu8d85M0
DXwHlSqG.260,12:10:36,T4,Team T4,148,zjreELbSw,GxTyu2sokZ0ox=
DXwHlSqG.261,12:10:36,T4,Team T4,148,shp2xFf8w2O,OaH6IDt==
DXwHlSqG.262,12:10:36,T4,Team T4,149,Fa4pCo05hzJ,15_PRpS==
DXwHlSqG.263,12:10:36,T4,Team T4,149,Fa4pCo05hzJ,1rtVGC1YiKG==
DXwHlSqG.264,12:10:36,T4,Team T4,149,Mc6BJuWPh,TqyWzE84bDHK_UHf=
DXwHlSqG.265,12:10:36,T4,Team T4,149,Mc6BJuWPh,TqyWzEee8vJxaHJ8fUCp==
DXwHlSqG.266,12:10:36,T4,Team T4,149,Fa4pCo05hzJ,1dtRsqT7aJ2==
DXwHlSqG.267,12:10:36,T4,Team T4,150,RusLUmaV3xX,5KX9RDnFNR
DXwHlSqG.268,12:10:36,T4,Team T4,150,3xLOYvfG,5KX9RFeX0K
DXwHlSqG.269,12:10:36,T4,Team T4,150,3xLOYvfG,5KX9RKrSQy
DXwHlSqG.270,12:10:36,T4,Team T4,150,RusLUmaV3xX,dyYWZbf4gwf2lOo==
DXwHlSqG.271,12:10:36,T4,Team T4,150,RusLUmaV3xX,dwt7Mpob=
DXwHlSqG.272,12:10:36,T4,Team T4,150,3xLOYvfG,dIRKME7YLSm7
DXwHlSqG.273,12:10:36,T4,Team T4,150,RusLUmaV3xX,dHIMgc9RUz==
DXwHlSqG.274,12:10:36,T4,Team T4,150,3xLOYvfG,dsYL=
DXwHlSqG.275,12:10:36,T4,Team T4,150,3xLOYvfG,5KX9RK4UMta9i4sNozoH==
DXwHlSqG.276,12:10:36,T4,Team T4,150,3xLOYvfG,5KX9REbD==
DXwHlSqG.277,12:10:36,T4,Team T4,151,gqGbNe0n,qhqo7hZJJ
DXwHlSqG.278,12:10:36,T4,Team T4,151,gqGbNe0n,iDSxGtmA==
DXwHlSqG.279,12:10:36,T4,Team T4,151,gqGbNe0n,q_BsU
DXwHlSqG.280,12:10:36,T4,Team T4,151,4nn8J5VCO4S,qsD==
DXwHlSqG.281,12:10:36,T4,Team T4,151,4nn8J5VCO4S,iDSxGqayLo6qxb
DXwHlSqG.282,12:10:36,T4,Team T4,151,bppkQbRmO,iDSxGl6vy5dYWada4g
DXwHlSqG.283,12:10:36,T4,Team T4,152,tjlySXvk,Du3ZL
DXwHlSqG.284,12:10:36,T4,Team T4,152,oi4HVUmjz,vwxVL4ABjDRobjPQz3
DXwHlSqG.285,12:10:36,T4,Team T4,152,tjlySXvk,DD3ZWJkAJmGwF
DXwHlSqG.286,12:10:36,T4,Team T4,152,ijjKIFB,vwxVE0EEowEFz
DXwHlSqG.287,12:10:36,T4,Team T4,152,ijjKIFB,vwxVEOEpvETaIexuD
DXwHlSqG.288,12:10:36,T4,Team T4,153,GW0VXGgh,QPH8Puqjn
DXwHlSqG.289,12:10:36,T4,Team T4,154,HMCfIgGt59n,3NC==
DXwHlSqG.290,12:10:36,T4,Team T4,154,OOErPmCd5,V27HFwNHUfojI=
DXwHlSqG.291,12:10:36,T4,Team T4,154,OOErPmCd5,V27HFx_oSnm_w=
DXwHlSqG.292,12:10:36,T4,Team T4,154,TPViMpLe,V27HFDzJRwSBq1Tz5g
DXwHlSqG.293,12:10:36,T4,Team T4,154,OOErPmCd5,V27HFxCqZaE_vTF6Nr
DXwHlSqG.294,12:10:36,T4,Team T4,154,HMCfIgGt59n,V27HFACmc7AvuQN7==
DXwHlSqG.295,12:10:36,T4,Team T4,154,OOErPmCd5,V27HFxBEOjroO=
DXwHlSqG.296,12:10:36,T4,Team T4,154,HMCfIgGt59n,3CRBAsZz=
DXwHlSqG.297,12:10:36,T4,Team T4,155,6IApR8wb,gQtu7hAy=
DXwHlSqG.298,12:10:36,T4,Team T4,155,6IApR8wb,gTjsXRz==
DXwHlSqG.299,12:10:36,T4,Team T4,155,UFhmNZrqQqi,gYx==
DXwHlSqG.300,12:10:36,T4,Team T4,155,6IApR8wb,gEBF5kpk=
DXwHlSqG.301,12:10:36,T4,Team T4,155,6IApR8wb,gPplUdPoSrmu=
DXwHlSqG.302,12:10:36,T4,Team T4,155,UFhmNZrqQqi,8VMPKkACypyCmq5TB=
DXwHlSqG.303,12:10:36,T4,Team T4,156,eAeVZOS7B,lOHdPYc5oHuRbe
DXwHlSqG.304,12:10:36,T4,Team T4,156,7ycJSIWnBHd,tPeR_JO==
DXwHlSqG.305,12:10:36,T4,Team T4,156,jBvMWR18,tTnH7D==
DXwHlSqG.306,12:10:36,T4,Team T4,156,eAeVZOS7B,lOHdP3Qe_NwT=
DXwHlSqG.307,12:10:36,T4,Team T4,156,jBvMWR18,tWtK1x4DFDa==
DXwHlSqG.308,12:10:36,T4,Team T4,156,jBvMWR18,txrZ9D1xo
DXwHlSqG.309,12:10:36,T4,Team T4,156,jBvMWR18,lOHdP559lFgB6lrUXx
DXwHlSqG.310,12:10:36,T4,Team T4,156,eAeVZOS7B,lOHdPZVroOlD8tR
DXwHlSqG.311,12:10:36,T4,Team T4,156,7ycJSIWnBHd,tSc==
DXwHlSqG.312,12:10:36,T4,Team T4,156,8BtYMz7,lOHdIC5oINCS4mE==
DXwHlSqG.313,12:10:36,T4,Team T4,158,EmOFTg8L7,LAhZJqjL_NMVq2zR==
DXwHlSqG.314,12:10:36,T4,Team T4,159,Rft2YZTIS,YtWnOdR2zYFXf=
DXwHlSqG.315,12:10:36,T4,Team T4,159,WgKTV22J,6aG2fUWe=
DXwHlSqG.316,12:10:36,T4,Team T4,159,Rft2YZTIS,YtWnOfVW2NTkRwaJ0QR==
DXwHlSqG.317,12:10:36,T4,Team T4,159,Rft2YZTIS,YtWnO913BMSf0ewk1Yb4==
DXwHlSqG.318,12:10:36,T4,Team T4,159,Rft2YZTIS,YtWnOe74Z=
DXwHlSqG.319,12:10:36,T4,Team T4,160,XA6rNsi,aNlAJKZNoe2yQq2OG9h==
DXwHlSqG.320,12:10:36,T4,Team T4,161,9qKzYkSLphR,nGgYVGe0uF
DXwHlSqG.321,12:10:36,T4,Team T4,161,9qKzYkSLphR,nGgYVBWI6=
DXwHlSqG.322,12:10:36,T4,Team T4,161,9qKzYkSLphR,vrTHdhMzod5Fh_G==
DXwHlSqG.323,12:10:36,T4,Team T4,162,m3pW33nIaOw,I7K2=
DXwHlSqG.324,12:10:36,T4,Team T4,162,m3pW33nIaOw,Ias490EZh5BKU
DXwHlSqG.325,12:10:36,T4,Team T4,162,t5r8a9jsa,AjVm0jyMY2RyDF7PV=
DXwHlSqG.326,12:10:36,T4,Team T4,162,t5r8a9jsa,AjVm0ktw56Nu==
DXwHlSqG.327,12:10:36,T4,Team T4,163,GYmvZS4pV,NcQKP2wI2sAPgPAj==
DXwHlSqG.328,12:10:36,T4,Team T4,163,zWkjSM8FV5r,ViBs3
DXwHlSqG.329,12:10:36,T4,Team T4,163,LZDmWVdq,VdDqb7yt=
DXwHlSqG.330,12:10:36,T4,Team T4,163,GYmvZS4pV,NcQKP2nnabF3IQ
DXwHlSqG.331,12:10:36,T4,Team T4,163,LZDmWVdq,V4_G40bpDzwTBPw==
DXwHlSqG.332,12:10:36,T4,Team T4,164,NSgFRmO,05vSNwMlTBz==
DXwHlSqG.333,12:10:36,T4,Team T4,166,sBzaRXTgcac,GR5EOlXihkj2n3
DXwHlSqG.334,12:10:36,T4,Team T4,167,MwgJ3MAXX,TKK2TYP9Pyri7WbTc331==
DXwHlSqG.335,12:10:36,T4,Team T4,167,MwgJ3MAXX,TKK2T2yXFJiGk233Y7O1==
DXwHlSqG.336,12:10:36,T4,Team T4,167,RxxA0PJY,1EtDZ
DXwHlSqG.337,12:10:36,T4,Team T4,168,Sn9U1p9asYM,6DFqYN3jH=
DXwHlSqG.338,12:10:36,T4,Team T4,168,Zpb68v5Us,6DFqYIkerqKsH=
DXwHlSqG.339,12:10:36,T4,Team T4,168,4qsX5yeV,eqyrWiaUc
DXwHlSqG.340,12:10:36,T4,Team T4,168,Zpb68v5Us,6DFqYFqmqUXmF=
DXwHlSqG.341,12:10:36,T4,Team T4,168,Tqq9Vgk,6DFqRil3bigy0xspJ
DXwHlSqG.342,12:10:36,T4,Team T4,168,Sn9U1p9asYM,eep==
DXwHlSqG.343,12:10:36,T4,Team T4,169,hj7kUhZS,rc3q5h9j=
DXwHlSqG.344,12:10:36,T4,Team T4,169,ciQtXeQRd,jwkONo49t
DXwHlSqG.345,12:10:36,T4,Team T4,169,5gOhQ8U7dfH,rsO==
DXwHlSqG.346,12:10:36,T4,Team T4,169,hj7kUhZS,rvd_P94YflOx
DXwHlSqG.347,12:10:36,T4,Team T4,169,ciQtXeQRd,jwkONpVc8j
DXwHlSqG.348,12:10:36,T4,Team T4,169,ciQtXeQRd,jwkONpO5==
DXwHlSqG.349,12:10:36,T4,Team T4,169,ciQtXeQRd,jwkONs354=
DXwHlSqG.350,12:10:36,T4,Team T4,169,ciQtXeQRd,jwkONqhWflOlESZF==
DXwHlSqG.351,12:10:36,T4,Team T4,170,hkcD864HftV,DsuLk5XM2ra=
DXwHlSqG.352,12:10:36,T4,Team T4,170,hkcD864HftV,vAJ15ntQeCpj7F
DXwHlSqG.353,12:10:36,T4,Team T4,170,hkcD864HftV,vAJ15u8x5RaRMVEmg=
DXwHlSqG.354,12:10:36,T4,Team T4,170,hkcD864HftV,vAJ15tbIbA7U9J
DXwHlSqG.355,12:10:36,T4,Team T4,171,ud70XPPE0KQ,ItEpUaOu6G9230
DXwHlSqG.356,12:10:36,T4,Team T4,171,Ggq31YUp,ItEpUd_o94d6X01yR1
DXwHlSqG.357,12:10:36,T4,Team T4,171,Ggq31YUp,QijgdWL=
DXwHlSqG.358,12:10:36,T4,Team T4,171,ud70XPPE0KQ,Q9n==
DXwHlSqG.359,12:10:36,T4,Team T4,171,Bf9c4VLo0,ItEpU51U0H8785gy=
DXwHlSqG.360,12:10:36,T4,Team T4,171,Ggq31YUp,Q2wj9S4HRTVa0Xj==
DXwHlSqG.361,12:10:36,T4,Team T4,171,ud70XPPE0KQ,Qen==
DXwHlSqG.362,12:10:36,T4,Team T4,171,Ggq31YUp,Qpxk=
DXwHlSqG.363,12:10:36,T4,Team T4,172,I93CWpv,VmjNSwtDy
DXwHlSqG.364,12:10:36,T4,Team T4,172,O8Oz9Eglv,VmjNZPfswpB4EpZ68=
DXwHlSqG.365,12:10:36,T4,Team T4,172,I93CWpv,VmjNSwwHmdUgBqXX=
DXwHlSqG.366,12:10:36,T4,Team T4,172,I93CWpv,VmjNSFy==
DXwHlSqG.367,12:10:36,T4,Team T4,173,UZHu7h5ygyq,giLI7ebhtvBoppj==
DXwHlSqG.368,12:10:36,T4,Team T4,173,620xbqaj,8feV4FZC==
DXwHlSqG.369,12:10:36,T4,Team T4,173,UZHu7h5ygyq,gdOLgl3==
DXwHlSqG.370,12:10:36,T4,Team T4,173,UZHu7h5ygyq,gdZu6bvi8Bn==
DXwHlSqG.371,12:10:36,T4,Team T4,173,11JGen1ig,8feV4x4H8Npj8gfHSs
DXwHlSqG.372,12:10:36,T4,Team T4,173,UZHu7h5ygyq,8feV4EpnpRI3VputT=
DXwHlSqG.373,12:10:36,T4,Team T4,173,UZHu7h5ygyq,geTNj
DXwHlSqG.374,12:10:36,T4,Team T4,173,620xbqaj,g2QDdpbo6ztw=
DXwHlSqG.375,12:10:36,T4,Team T4,173,620xbqaj,8feV4EXg==
DXwHlSqG.376,12:10:36,T4,Team T4,173,11JGen1ig,8feV4xZodGTBWobG==
DXwHlSqG.377,12:10:36,T4,Team T4,174,eUo336wf1,l8TjTiHg7TlnBgR48TAt==
DXwHlSqG.378,12:10:36,T4,Team T4,174,jVFU09Fg,taKaYPs==
DXwHlSqG.379,12:10:36,T4,Team T4,174,jVFU09Fg,tL_d3dumNbFp=
DXwHlSqG.380,12:10:36,T4,Team T4,174,eUo336wf1,l8TjTiPJ43BpX1AVEXPJ==
DXwHlSqG.381,12:10:36,T4,Team T4,174,7SmRW0Av1Pl,l8TjTm0ncQ_dw=
DXwHlSqG.382,12:10:36,T4,Team T4,174,jVFU09Fg,t6D884Lj=
DXwHlSqG.383,12:10:36,T4,Team T4,174,7SmRW0Av1Pl,tLP88
DXwHlSqG.384,12:10:36,T4,Team T4,174,jVFU09Fg,tWzQVZRzJ7_dD
DXwHlSqG.385,12:10:36,T4,Team T4,174,jVFU09Fg,t4EV73vCXWJf=
DXwHlSqG.386,12:10:36,T4,Team T4,175,kL1e1JlsM6g,GMqF_ZJjvztS=
DXwHlSqG.387,12:10:36,T4,Team T4,175,wOkh5Sqd,GP7B9zeExlyE=
DXwHlSqG.388,12:10:36,T4,Team T4,175,wOkh5Sqd,GZ2z0VJeQtx=
DXwHlSqG.389,12:10:36,T4,Team T4,175,rN3q8PhcM,y1yHY1qyF=
DXwHlSqG.390,12:10:36,T4,Team T4,175,rN3q8PhcM,y1yHY2_owrxEmsyHTG
DXwHlSqG.391,12:10:36,T4,Team T4,175,kL1e1JlsM6g,GMAE1HjtGalC=
DXwHlSqG.392,12:10:36,T4,Team T4,175,rN3q8PhcM,y1yHY2LtFmsS8uExOvf==
DXwHlSqG.393,12:10:36,T4,Team T4,175,rN3q8PhcM,y1yHY0gIx9nQpa
DXwHlSqG.394,12:10:36,T4,Team T4,175,rN3q8PhcM,y1yHY2mg==
DXwHlSqG.395,12:10:36,T4,Team T4,176,yHdQ0j1,LUt5WIf6s69E1iLF=
DXwHlSqG.396,12:10:36,T4,Team T4,176,EGYNdyMTx,LUt53JV6hEtoYf
DXwHlSqG.397,12:10:36,T4,Team T4,176,EGYNdyMTx,LUt53N7d==
DXwHlSqG.398,12:10:36,T4,Team T4,176,xEWB6sQ9xDb,LUt53OeWE18F6
DXwHlSqG.399,12:10:36,T4,Team T4,176,xEWB6sQ9xDb,Tt8P8oebI
DXwHlSqG.400,12:10:36,T4,Team T4,176,yHdQ0j1,LUt5Wu8gy_aO9mQwF
DXwHlSqG.401,12:10:36,T4,Team T4,176,JHfEaBVU,TzlJ=
DXwHlSqG.402,12:10:36,T4,Team T4,176,JHfEaBVU,Tw2==
DXwHlSqG.403,12:10:36,T4,Team T4,178,Xqw50U633bL,j_A54O1U_
DXwHlSqG.404,12:10:36,T4,Team T4,178,4syh702N3,bG3BXcg9S9JIrINx3H
DXwHlSqG.405,12:10:36,T4,Team T4,178,4syh702N3,bG3BXc4R1uSRhTZl==
DXwHlSqG.406,12:10:36,T4,Team T4,178,4syh702N3,bG3BXajL0=
DXwHlSqG.407,12:10:36,T4,Team T4,179,h5dEcJNKO,ojIZ210X0ZT==
DXwHlSqG.408,12:10:36,T4,Team T4,179,m6uv9MWL,wYjvhOZ==
DXwHlSqG.409,12:10:36,T4,Team T4,179,h5dEcJNKO,ojIZ2WX6GUQF6f_Pz=
DXwHlSqG.410,12:10:36,T4,Team T4,179,a3bs5DR0OIG,wXoyaEK2BdT==
DXwHlSqG.411,12:10:36,T4,Team T4,180,yqS7bu6B,AD7s4IcTjJglDq7wnZ
DXwHlSqG.412,12:10:36,T4,Team T4,180,mnz47l1QAGU,AD7s4DTWyCYnwvvopP
DXwHlSqG.413,12:10:36,T4,Team T4,180,yqS7bu6B,AD7s4CiE==
DXwHlSqG.414,12:10:36,T4,Team T4,180,yqS7bu6B,IDz==
DXwHlSqG.415,12:10:36,T4,Team T4,180,nqQj1cc,AD7sXyUVq
DXwHlSqG.416,12:10:36,T4,Team T4,180,yqS7bu6B,AD7s4EbXtKqu==
DXwHlSqG.417,12:10:36,T4,Team T4,180,nqQj1cc,AD7sXiXINK7==
DXwHlSqG.418,12:10:36,T4,Team T4,180,nqQj1cc,AD7sXuZ==
DXwHlSqG.419,12:10:36,T4,Team T4,181,GiwDjaIxl,Nw2Q9kJIa
DXwHlSqG.420,12:10:36,T4,Team T4,182,M99yhNhu6uK,0pHYeahlgJ9N4N
DXwHlSqG.421,12:10:36,T4,Team T4,182,M99yhNhu6uK,0pHYe5wLRJdQ==
DXwHlSqG.422,12:10:36,T4,Team T4,182,M99yhNhu6uK,8fk4uGbe=
DXwHlSqG.423,12:10:36,T4,Team T4,182,YcsBlWmf,8jpAwC_jQ
DXwHlSqG.424,12:10:36,T4,Team T4,183,Z24V6w2rRLp,l34b=
DXwHlSqG.425,12:10:36,T4,Team T4,183,b5nYaF7c,diCm3QXf==
DXwHlSqG.426,12:10:36,T4,Team T4,183,Z24V6w2rRLp,diCm3SfFQ6DKma
DXwHlSqG.427,12:10:36,T4,Team T4,183,b5nYaF7c,l3fhuKYdM9_CxJ==
DXwHlSqG.428,12:10:36,T4,Team T4,183,b5nYaF7c,l3eTXwZbT
DXwHlSqG.429,12:10:36,T4,Team T4,183,b5nYaF7c,diCm3RWz=
DXwHlSqG.430,12:10:36,T4,Team T4,183,Z24V6w2rRLp,diCm3P4pQRoFnTMv9fXJ==
DXwHlSqG.431,12:10:36,T4,Team T4,184,jXLuilt8C,qbhK8xOolC
DXwHlSqG.432,12:10:36,T4,Team T4,184,dY0x56I,qbhK1gIeDIFL6Gsb
DXwHlSqG.433,12:10:36,T4,Team T4,184,jXLuilt8C,qbhK8wBcPKCYqmyZp=
DXwHlSqG.434,12:10:36,T4,Team T4,184,oY2lfoC9,yZWKoszFmkvC7zv==
DXwHlSqG.435,12:10:36,T4,Team T4,184,cVJibfxoCik,yQdk5mSnm
DXwHlSqG.436,12:10:36,T4,Team T4,184,jXLuilt8C,qbhK8yvoumBJYkpiuAPS==
DXwHlSqG.437,12:10:36,T4,Team T4,184,cVJibfxoCik,yKP==
DXwHlSqG.438,12:10:36,T4,Team T4,184,jXLuilt8C,qbhK8wvuyhxQ8l
DXwHlSqG.439,12:10:36,T4,Team T4,184,cVJibfxoCik,qbhK8BUo=
DXwHlSqG.440,12:10:36,T4,Team T4,184,oY2lfoC9,y2Klh9pgwHn1s
DXwHlSqG.441,12:10:36,T4,Team T4,185,FOEFgY2lnzf,1LHVrbq4kVAY1
DXwHlSqG.442,12:10:36,T4,Team T4,185,FOEFgY2lnzf,T4c8dljmaTxWU=
DXwHlSqG.443,12:10:36,T4,Team T4,185,FOEFgY2lnzf,18aJ=
DXwHlSqG.444,12:10:36,T4,Team T4,185,FOEFgY2lnzf,1JV1e
DXwHlSqG.445,12:10:36,T4,Team T4,186,SHj25HNi86a,ewMjcOX25pa4=
DXwHlSqG.446,12:10:36,T4,Team T4,186,4KC59QS3,exA5f
DXwHlSqG.447,12:10:36,T4,Team T4,186,ZJlecNJ28,6XRw2Z9k84GfuRz6X=
DXwHlSqG.448,12:10:36,T4,Team T4,186,4KC59QS3,eRD4e51==
DXwHlSqG.449,12:10:36,T4,Team T4,186,ZJlecNJ28,6XRw2YX3ee
DXwHlSqG.450,12:10:36,T4,Team T4,186,ZJlecNJ28,6XRw20Y9kriRYCFeT=
DXwHlSqG.451,12:10:36,T4,Team T4,186,4KC59QS3,eyFe_x9f1
DXwHlSqG.452,12:10:36,T4,Team T4,187,cC0lhweZT,jQwE7Kma9GrW8=
DXwHlSqG.453,12:10:36,T4,Team T4,187,5AY9aqifTn5,jQwE7NhnInAiv
DXwHlSqG.454,12:10:36,T4,Team T4,187,cC0lhweZT,jQwE7Gz0Ko79k3Ox==
DXwHlSqG.455,12:10:36,T4,Team T4,187,5AY9aqifTn5,rpjp=
DXwHlSqG.456,12:10:36,T4,Team T4,187,5AY9aqifTn5,jQwE7NnYYv3gg=
DXwHlSqG.457,12:10:36,T4,Team T4,188,jgaL90e,wtr25nV==
DXwHlSqG.458,12:10:36,T4,Team T4,189,H9RW81DE,RZFT=
DXwHlSqG.459,12:10:36,T4,Team T4,189,C8A5bYuDp,Jm6q1gI86vRkQvNeGlUN==
DXwHlSqG.460,12:10:36,T4,Team T4,189,H9RW81DE,RjV1n
DXwHlSqG.461,12:10:36,T4,Team T4,189,H9RW81DE,R1Wf62qV=
DXwHlSqG.462,12:10:36,T4,Team T4,191,UjRCrjtGWGO,8zq1oBJNY3UXT=
DXwHlSqG.463,12:10:36,T4,Team T4,191,6maFvsyr,8zq1oBDu==
DXwHlSqG.464,12:10:36,T4,Team T4,192,7cwZg2eDHXJ,ls5pdqenH9WY25WsA=
DXwHlSqG.465,12:10:36,T4,Team T4,192,8fNeaTp,ls5p65hFBbPR=
DXwHlSqG.466,12:10:36,T4,Team T4,192,jfP2kbjo,t4C==
DXwHlSqG.467,12:10:36,T4,Team T4,192,jfP2kbjo,ls5pdpvFM22d==
DXwHlSqG.468,12:10:36,T4,Team T4,192,jfP2kbjo,tpRj=
DXwHlSqG.469,12:10:36,T4,Team T4,193,w8KppUOl,yl0Ni6IpiyHNczk1vQ22==
DXwHlSqG.470,12:10:36,T4,Team T4,193,w8KppUOl,yl0Ni9Tjpzv=
DXwHlSqG.471,12:10:36,T4,Team T4,193,k5rmlLJAseo,G9uwHPJuwvr==
DXwHlSqG.472,12:10:36,T4,Team T4,193,k5rmlLJAseo,yl0Ni86kbi
DXwHlSqG.473,12:10:36,T4,Team T4,193,w8KppUOl,yl0Ni6Isp=
DXwHlSqG.474,12:10:36,T4,Team T4,193,w8KppUOl,yl0Ni7WFbqv44cy37=
DXwHlSqG.475,12:10:36,T4,Team T4,193,k5rmlLJAseo,GVY_yH4QBDz9men==
DXwHlSqG.476,12:10:36,T4,Team T4,193,r7tysRFks,yl0Ni2EwtrMQj=
DXwHlSqG.477,12:10:36,T4,Team T4,193,w8KppUOl,G1ISvHTja
DXwHlSqG.478,12:10:36,T4,Team T4,193,r7tysRFks,yl0Ni21wbdw2==
DXwHlSqG.479,12:10:36,T4,Team T4,194,E08VxAqhd,LeFbnKrv0=
DXwHlSqG.480,12:10:36,T4,Team T4,194,xY6JquuxdLj,T_8TBuQfif=
DXwHlSqG.481,12:10:36,T4,Team T4,195,RT3imjVYI,Y7Azcw7er2kaGfzOuh
DXwHlSqG.482,12:10:36,T4,Team T4,195,RT3imjVYI,Y7AzcwYir=
DXwHlSqG.483,12:10:36,T4,Team T4,195,WUk9jm4Z,68cq=
DXwHlSqG.484,12:10:36,T4,Team T4,195,WUk9jm4Z,6LAkaegmD0bk=
DXwHlSqG.485,12:10:36,T4,Team T4,196,4wIpr2GVt,bKfHhcZjk=
DXwHlSqG.486,12:10:36,T4,Team T4,196,XuGdkWKbtj9,jQKz=
DXwHlSqG.487,12:10:36,T4,Team T4,196,YxXseNV,bKfHa2N5xpeqQe0pd
DXwHlSqG.488,12:10:36,T4,Team T4,197,anBApFf8eQ4,wdTMmVc7_
DXwHlSqG.489,12:10:36,T4,Team T4,197,mqUDtOkT,wgEPjytYdk7==
DXwHlSqG.490,12:10:36,T4,Team T4,199,HbXwqdrMK,OpuRgrrTv=
DXwHlSqG.491,12:10:36,T4,Team T4,199,HbXwqdrMK,OpuRgrH_KzUW==
DXwHlSqG.492,12:10:36,T4,Team T4,199,HbXwqdrMK,OpuRgq_aHGVGO4LRIL
DXwHlSqG.493,12:10:36,T4,Team T4,199,A9Vkj7v2KoE,WmZEx
DXwHlSqG.494,12:10:36,T4,Team T4,199,HbXwqdrMK,OpuRgqJjsQ2DT9OsQd
DXwHlSqG.495,12:10:36,T4,Team T4,199,A9Vkj7v2KoE,WihOtW==
DXwHlSqG.496,12:10:36,T4,Team T4,199,HbXwqdrMK,OpuRgsuRR_KRO1xw==
DXwHlSqG.497,12:10:36,T4,Team T4,199,A9Vkj7v2KoE,WoimensWKC1=
DXwHlSqG.498,12:10:36,T4,Team T4,199,McenngAN,W31==
DXwHlSqG.499,12:10:36,T4,Team T4,199,McenngAN,W3dRluD8=
DXwHlSqG.500,12:10:36,T4,Team T4,0,LOG_STOPPED,On JOSEPHJ-MYHP at 2015-10-16T19:10:36.740Z
