amzJvNVT.1,12:10:36,T5,Team T5,0,LOG_STARTED,On JOSEPHJ-MYHP at 2015-10-16T19:10:36.742Z
amzJvNVT.2,12:10:36,T5,Team T5,100,ChnyW5l,PuwHSc9dkZp4ICdif
amzJvNVT.3,12:10:36,T5,Team T5,100,Be6j2eavtP3,XsnBh8yo_4g==
amzJvNVT.4,12:10:36,T5,Team T5,100,Nhpm6nfg,PuwHZCpzmYpd==
amzJvNVT.5,12:10:36,T5,Team T5,101,O71G7XVse6Y,aklS4
amzJvNVT.6,12:10:36,T5,Team T5,101,0akJb60d,aa9XaZZbh
amzJvNVT.7,12:10:36,T5,Team T5,101,V93Se3Rce,2nr54dgGYd
amzJvNVT.8,12:10:36,T5,Team T5,101,0akJb60d,2nr54lSq==
amzJvNVT.9,12:10:36,T5,Team T5,101,O71G7XVse6Y,aqrNsW3g=
amzJvNVT.10,12:10:36,T5,Team T5,101,O71G7XVse6Y,an7Te62k8
amzJvNVT.11,12:10:36,T5,Team T5,101,0akJb60d,aXqXe
amzJvNVT.12,12:10:36,T5,Team T5,101,0akJb60d,2nr54giygsd5nrMi==
amzJvNVT.13,12:10:36,T5,Team T5,102,10G3WGqpZnT,fg6tT3mw_FSqjo
amzJvNVT.14,12:10:36,T5,Team T5,102,10G3WGqpZnT,fg6tT0F7VPZCm4mHerbb==
amzJvNVT.15,12:10:36,T5,Team T5,102,d3Z60Pva,nQ41SHkjb
amzJvNVT.16,12:10:36,T5,Team T5,102,10G3WGqpZnT,fg6tT1Q7WmfwabjT==
amzJvNVT.17,12:10:36,T5,Team T5,102,10G3WGqpZnT,fg6tT4l_UlmL529Ou=
amzJvNVT.18,12:10:36,T5,Team T5,102,10G3WGqpZnT,n8L2O
amzJvNVT.19,12:10:36,T5,Team T5,102,d3Z60Pva,fg6tT2mBKMZng6
amzJvNVT.20,12:10:36,T5,Team T5,102,d3Z60Pva,fg6tT2Bt==
amzJvNVT.21,12:10:36,T5,Team T5,102,10G3WGqpZnT,nRW==
amzJvNVT.22,12:10:36,T5,Team T5,103,lVDC8v76K,s91RYG5sNZ
amzJvNVT.23,12:10:36,T5,Team T5,103,eTBq1pbmKUO,s91RYNkgHVT9Do
amzJvNVT.24,12:10:36,T5,Team T5,104,rMgxQ8Gjvbt,NWDL83C9_tDFQ
amzJvNVT.25,12:10:36,T5,Team T5,104,DPzAUhL4,N0vx0hE==
amzJvNVT.26,12:10:36,T5,Team T5,104,DPzAUhL4,N0qy8cMbedqn=
amzJvNVT.27,12:10:36,T5,Team T5,104,rMgxQ8Gjvbt,NDzT5jC3=
amzJvNVT.28,12:10:36,T5,Team T5,104,rMgxQ8Gjvbt,F2GZNvGsFeZj==
amzJvNVT.29,12:10:36,T5,Team T5,104,yOiJXeC3v,F2GZNrB5chwB=
amzJvNVT.30,12:10:36,T5,Team T5,104,DPzAUhL4,F2GZNuNaihRly=
amzJvNVT.31,12:10:36,T5,Team T5,105,QIeXZ0w1,0Fg99bQ6=
amzJvNVT.32,12:10:36,T5,Team T5,105,FIc9PIC,SVlnLXMgj
amzJvNVT.33,12:10:36,T5,Team T5,105,EFVUVRrggIo,SVlnSfHkXEyuj=
amzJvNVT.34,12:10:36,T5,Team T5,105,FIc9PIC,SVlnLHy36Pyy8
amzJvNVT.35,12:10:36,T5,Team T5,105,QIeXZ0w1,0M685JE2=
amzJvNVT.36,12:10:36,T5,Team T5,105,QIeXZ0w1,0vkr3ZHY4PL=
amzJvNVT.37,12:10:36,T5,Team T5,105,EFVUVRrggIo,0uYifWqjbdr==
amzJvNVT.38,12:10:36,T5,Team T5,106,3B9k4J1I,5OgLXW4Ldf
amzJvNVT.39,12:10:36,T5,Team T5,106,YASt7GSH1,5OgLXU43O=
amzJvNVT.40,12:10:36,T5,Team T5,106,YASt7GSH1,5OgLXQONLiw7YnsbRX_T==
amzJvNVT.41,12:10:36,T5,Team T5,106,RyQh0AWX1Zj,dH3s0K547qmX=
amzJvNVT.42,12:10:36,T5,Team T5,106,RyQh0AWX1Zj,dydt
amzJvNVT.43,12:10:36,T5,Team T5,106,YASt7GSH1,5OgLXUZNOk
amzJvNVT.44,12:10:36,T5,Team T5,107,guOHTsMF,qnSHXaQVuGgSHi==
amzJvNVT.45,12:10:36,T5,Team T5,107,btxQWpDEM,iHV9MAzPv=
amzJvNVT.46,12:10:36,T5,Team T5,107,guOHTsMF,qJSSGk4UxhnIwAP==
amzJvNVT.47,12:10:36,T5,Team T5,107,guOHTsMF,qyL==
amzJvNVT.48,12:10:36,T5,Team T5,108,omsd188Bx,vAQxRmuNIQ6XpFm8Xi
amzJvNVT.49,12:10:36,T5,Team T5,108,hkq1U2cRxN9,DtsnS74==
amzJvNVT.50,12:10:36,T5,Team T5,108,tnJ4YbhC,DvMd7Y6_vhlT4
amzJvNVT.51,12:10:36,T5,Team T5,108,hkq1U2cRxN9,DeMiV
amzJvNVT.52,12:10:36,T5,Team T5,108,hkq1U2cRxN9,DfCbS4c=
amzJvNVT.53,12:10:36,T5,Team T5,110,HkKZVAi,UxU8REgIMv3gcXNe=
amzJvNVT.54,12:10:36,T5,Team T5,111,5dHaaBXm,fZSkdo4twCjC
amzJvNVT.55,12:10:36,T5,Team T5,111,5dHaaBXm,7qPw3O3vLH
amzJvNVT.56,12:10:36,T5,Team T5,111,Tao76sSBPzX,f1BskP3sJEWWi
amzJvNVT.57,12:10:36,T5,Team T5,111,5dHaaBXm,fiy7=
amzJvNVT.58,12:10:36,T5,Team T5,111,Tao76sSBPzX,7qPw3JSpYStrgjuz==
amzJvNVT.59,12:10:36,T5,Team T5,111,Tao76sSBPzX,f_y7vqXtPWkzn
amzJvNVT.60,12:10:36,T5,Team T5,111,Tao76sSBPzX,7qPw3LKDKAVt8=
amzJvNVT.61,12:10:36,T5,Team T5,111,5dHaaBXm,7qPw3P7sO=
amzJvNVT.62,12:10:36,T5,Team T5,112,633ubbniAQS,s9bB89CriSb==
amzJvNVT.63,12:10:36,T5,Team T5,112,i6mxfks3,kjuU8yChP3
amzJvNVT.64,12:10:36,T5,Team T5,113,jWYB0U8flnN,xcp2Xg_XdoORy
amzJvNVT.65,12:10:36,T5,Team T5,113,vZhE43d0,FN4C3Tm==
amzJvNVT.66,12:10:36,T5,Team T5,113,jWYB0U8flnN,Fg9ReYeXyyQ==
amzJvNVT.67,12:10:36,T5,Team T5,113,vZhE43d0,xcp2XgoX==
amzJvNVT.68,12:10:36,T5,Team T5,113,vZhE43d0,F25Gp269oLK==
amzJvNVT.69,12:10:36,T5,Team T5,113,jWYB0U8flnN,Fg84X
amzJvNVT.70,12:10:36,T5,Team T5,113,jWYB0U8flnN,Fi6GSUjepw9j=
amzJvNVT.71,12:10:36,T5,Team T5,114,wPDY5DDc6EI,K54q2XB8iMJXXfV0NvGu==
amzJvNVT.72,12:10:36,T5,Team T5,114,ISW19MIX,SYYpX
amzJvNVT.73,12:10:36,T5,Team T5,114,ISW19MIX,SKLW0
amzJvNVT.74,12:10:36,T5,Team T5,114,wPDY5DDc6EI,SOWY=
amzJvNVT.75,12:10:36,T5,Team T5,114,DRFacJzW6,K54q2WSkTHdW==
amzJvNVT.76,12:10:36,T5,Team T5,114,ISW19MIX,SWFh6ET7TQ==
amzJvNVT.77,12:10:36,T5,Team T5,114,ISW19MIX,SQZWYuR==
amzJvNVT.78,12:10:36,T5,Team T5,115,VLRoevtU,5XU==
amzJvNVT.79,12:10:36,T5,Team T5,115,VLRoevtU,5PJpgbraXcFYN
amzJvNVT.80,12:10:36,T5,Team T5,115,QKAxhskTR,XYZO7FheY=
amzJvNVT.81,12:10:36,T5,Team T5,115,VLRoevtU,XYZO7HogUWroUg
amzJvNVT.82,12:10:36,T5,Team T5,115,VLRoevtU,5J1D5winE
amzJvNVT.83,12:10:36,T5,Team T5,115,KLPA4dz,XYZO0rASO0l2RoI67ie==
amzJvNVT.84,12:10:36,T5,Team T5,116,cBdIZ5T6Csi,yOkLk
amzJvNVT.85,12:10:36,T5,Team T5,116,oEwL3eYR,yOB6ZX9irEgg=
amzJvNVT.86,12:10:36,T5,Team T5,116,jDfU6bPQC,qREcWnPbDtwktz
amzJvNVT.87,12:10:36,T5,Team T5,116,jDfU6bPQC,qREcWn13H=
amzJvNVT.88,12:10:36,T5,Team T5,116,cBdIZ5T6Csi,yNeW3_3Y=
amzJvNVT.89,12:10:36,T5,Team T5,116,cBdIZ5T6Csi,yNG2mmO1sFjkx
amzJvNVT.90,12:10:36,T5,Team T5,116,cBdIZ5T6Csi,yLeRQgaTmqkkGi7==
amzJvNVT.91,12:10:36,T5,Team T5,117,wgUhbUANn,DujA14z1b5ciU0kb==
amzJvNVT.92,12:10:36,T5,Team T5,117,wgUhbUANn,DujA19EVBZjm9enbkLaH==
amzJvNVT.93,12:10:36,T5,Team T5,117,wgUhbUANn,DujA15B5CParMem==
amzJvNVT.94,12:10:36,T5,Team T5,117,wgUhbUANn,DujA17U5l2Fd==
amzJvNVT.95,12:10:36,T5,Team T5,117,wgUhbUANn,DujA19TZiVEh4ZxWC=
amzJvNVT.96,12:10:36,T5,Team T5,117,Bhb88XJO,Lr36bKH_rXzya
amzJvNVT.97,12:10:36,T5,Team T5,118,J9PogD5KS,QneI6T4f_bEcCeSCcl
amzJvNVT.98,12:10:36,T5,Team T5,118,J9PogD5KS,QneI6NA1K3
amzJvNVT.99,12:10:36,T5,Team T5,118,C7Nc9x90S08,Y7bdx
amzJvNVT.100,12:10:36,T5,Team T5,118,Oa6fdGeL,YY2Bhv7MF35==
amzJvNVT.101,12:10:36,T5,Team T5,118,J9PogD5KS,QneI6N_UTp
amzJvNVT.102,12:10:36,T5,Team T5,118,J9PogD5KS,QneI6S_JQ5nDL=
amzJvNVT.103,12:10:36,T5,Team T5,118,C7Nc9x90S08,Ys2gmokU
amzJvNVT.104,12:10:36,T5,Team T5,118,J9PogD5KS,QneI6TocT=
amzJvNVT.105,12:10:36,T5,Team T5,118,J9PogD5KS,QneI6RgNFere==
amzJvNVT.106,12:10:36,T5,Team T5,118,J9PogD5KS,QneI6NgQAj
amzJvNVT.107,12:10:36,T5,Team T5,119,W2uL5mQrD,3gT6VzcKA=
amzJvNVT.108,12:10:36,T5,Team T5,119,W2uL5mQrD,3gT6VASSLPfNB6x301of==
amzJvNVT.109,12:10:36,T5,Team T5,119,W2uL5mQrD,3gT6VARHBZ_QsmIYv0
amzJvNVT.110,12:10:36,T5,Team T5,119,W2uL5mQrD,3gT6VAVstZhSq=
amzJvNVT.111,12:10:36,T5,Team T5,120,1kQbgY4xFv1,nEgww8ipQI4=
amzJvNVT.112,12:10:36,T5,Team T5,120,dn9ek79i,fAizdjaiPKYUUm
amzJvNVT.113,12:10:36,T5,Team T5,120,1kQbgY4xFv1,fAizdgYtHP3SOfQDFz
amzJvNVT.114,12:10:36,T5,Team T5,120,dn9ek79i,fAizdhiB==
amzJvNVT.115,12:10:36,T5,Team T5,120,dn9ek79i,njdBr2khBuuVbdy==
amzJvNVT.116,12:10:36,T5,Team T5,120,1kQbgY4xFv1,nz6==
amzJvNVT.117,12:10:36,T5,Team T5,120,dn9ek79i,fAizdh7fmOi7==
amzJvNVT.118,12:10:36,T5,Team T5,120,2n7qaPf,fAiz6OW==
amzJvNVT.119,12:10:36,T5,Team T5,121,qg4lpQUf,stdHi37khff==
amzJvNVT.120,12:10:36,T5,Team T5,121,lfNusNLeq,stdHiXccquZ9NEhKN=
amzJvNVT.121,12:10:36,T5,Team T5,121,edLilHPuq2W,stdHi4RJli5TpB1HL=
amzJvNVT.122,12:10:36,T5,Team T5,121,edLilHPuq2W,AdiMfULzt
amzJvNVT.123,12:10:36,T5,Team T5,122,D9JIezpc,FmS57LDv4D5woaCDwc25==
amzJvNVT.124,12:10:36,T5,Team T5,122,r6qFaqkrVjR,N3BNhnirWgQaaei==
amzJvNVT.125,12:10:36,T5,Team T5,122,D9JIezpc,N2tMoBnHOA46B
amzJvNVT.126,12:10:36,T5,Team T5,122,r6qFaqkrVjR,N8yR=
amzJvNVT.127,12:10:36,T5,Team T5,122,D9JIezpc,FmS57Omv==
amzJvNVT.128,12:10:36,T5,Team T5,122,r6qFaqkrVjR,FmS57Nki9qW6hRwCu=
amzJvNVT.129,12:10:36,T5,Team T5,122,r6qFaqkrVjR,FmS57MgjCkm6cTDese
amzJvNVT.130,12:10:36,T5,Team T5,123,L1nemf18G,SfNtcq9evJJHXnPZ5=
amzJvNVT.131,12:10:36,T5,Team T5,123,L1nemf18G,SfNtcr46==
amzJvNVT.132,12:10:36,T5,Team T5,123,Q2E5jia9,0grxu
amzJvNVT.133,12:10:36,T5,Team T5,123,Q2E5jia9,SfNtcudBV=
amzJvNVT.134,12:10:36,T5,Team T5,123,EZl2f95oGAM,0UFu=
amzJvNVT.135,12:10:36,T5,Team T5,123,EZl2f95oGAM,SfNtcwdhpQZsX=
amzJvNVT.136,12:10:36,T5,Team T5,124,3Vjso1F6,58sRhduqtc9kz_JZ==
amzJvNVT.137,12:10:36,T5,Team T5,124,YU2BrYw5r,58sRh9PigoPlpsEkFo93==
amzJvNVT.138,12:10:36,T5,Team T5,125,5Oc13sw,i1nfZvzQ=
amzJvNVT.139,12:10:36,T5,Team T5,125,gOePdKqN,qZ2OaUC46nF==
amzJvNVT.140,12:10:36,T5,Team T5,125,bNXYgHhMc,i1nf6SC8Xmre==
amzJvNVT.141,12:10:36,T5,Team T5,126,hoA9ekQZXFh,DKZq
amzJvNVT.142,12:10:36,T5,Team T5,126,trTcitVK,Dv0qbfY==
amzJvNVT.143,12:10:36,T5,Team T5,126,hoA9ekQZXFh,DFG==
amzJvNVT.144,12:10:36,T5,Team T5,126,trTcitVK,DjFkj
amzJvNVT.145,12:10:36,T5,Team T5,126,trTcitVK,vE2DbGNMHXgNQdvX=
amzJvNVT.146,12:10:36,T5,Team T5,126,hoA9ekQZXFh,DqQuuo4ZX1kE82E==
amzJvNVT.147,12:10:36,T5,Team T5,127,GkOjncGH,Ql2NhoJ8=
amzJvNVT.148,12:10:36,T5,Team T5,127,GkOjncGH,IxXLgrwQsE
amzJvNVT.149,12:10:36,T5,Team T5,127,uhvgj3BWIcc,QtUNwUIS=
amzJvNVT.150,12:10:36,T5,Team T5,127,Bjxsq9xGI,IxXLgjQTDqdYE952==
amzJvNVT.151,12:10:36,T5,Team T5,127,Bjxsq9xGI,IxXLgk1Swe
amzJvNVT.152,12:10:36,T5,Team T5,127,GkOjncGH,QqL==
amzJvNVT.153,12:10:36,T5,Team T5,127,uhvgj3BWIcc,Q7ztxSvSOfp==
amzJvNVT.154,12:10:36,T5,Team T5,127,Bjxsq9xGI,IxXLgmvRTpoPFtbaWG
amzJvNVT.155,12:10:36,T5,Team T5,128,HaaD8M6Ttt7,34iZkV1SctqPt
amzJvNVT.156,12:10:36,T5,Team T5,130,6ndmvt1q0Y0,sizO=
amzJvNVT.157,12:10:36,T5,Team T5,130,iqwpzC6b,sIkAnqfhLZX==
amzJvNVT.158,12:10:36,T5,Team T5,130,iqwpzC6b,seq_oQllaajM=
amzJvNVT.159,12:10:36,T5,Team T5,130,iqwpzC6b,kDGKsKqngj
amzJvNVT.160,12:10:36,T5,Team T5,130,6ndmvt1q0Y0,ss==
amzJvNVT.161,12:10:36,T5,Team T5,130,6ndmvt1q0Y0,sfoJyxZo=
amzJvNVT.162,12:10:36,T5,Team T5,130,7quBpkc,kDGKli0g=
amzJvNVT.163,12:10:36,T5,Team T5,131,jg8JkcMnLfV,F9wRkl5mJc1v=
amzJvNVT.164,12:10:36,T5,Team T5,131,vjrMolR8,xwB8hyRr==
amzJvNVT.165,12:10:36,T5,Team T5,131,vjrMolR8,xwB8hwKbK=
amzJvNVT.166,12:10:36,T5,Team T5,131,vjrMolR8,F8tHeyK=
amzJvNVT.167,12:10:36,T5,Team T5,131,vjrMolR8,xwB8hvU5Gk6Jllt8_
amzJvNVT.168,12:10:36,T5,Team T5,131,jg8JkcMnLfV,Flo==
amzJvNVT.169,12:10:36,T5,Team T5,131,jg8JkcMnLfV,xwB8hvKkEb8Fhh
amzJvNVT.170,12:10:36,T5,Team T5,131,jg8JkcMnLfV,xwB8hyOuvrkr=
amzJvNVT.171,12:10:36,T5,Team T5,131,vjrMolR8,xwB8htJqzEhqZTom4=
amzJvNVT.172,12:10:36,T5,Team T5,131,jg8JkcMnLfV,xwB8hwVswiqvYWq__W4v==
amzJvNVT.173,12:10:36,T5,Team T5,132,Ic69t4m5,Sj2kgStroLgC=
amzJvNVT.174,12:10:36,T5,Team T5,132,Ic69t4m5,S6me=
amzJvNVT.175,12:10:36,T5,Team T5,132,Ic69t4m5,Sb7ppQp==
amzJvNVT.176,12:10:36,T5,Team T5,132,w9N6pVhkwMQ,S9O9f_n7McXpCCV==
amzJvNVT.177,12:10:36,T5,Team T5,132,w9N6pVhkwMQ,SbjemPa2sWcrF
amzJvNVT.178,12:10:36,T5,Team T5,132,Ic69t4m5,SgdgA_rrJ0QlL
amzJvNVT.179,12:10:36,T5,Team T5,132,Ic69t4m5,Kpgwmhh8==
amzJvNVT.180,12:10:36,T5,Team T5,132,w9N6pVhkwMQ,SiUbuhnux
amzJvNVT.181,12:10:36,T5,Team T5,133,V51wyN72,5RXuKPop3w4==
amzJvNVT.182,12:10:36,T5,Team T5,135,qBzciXt,DOLqeZw==
amzJvNVT.183,12:10:36,T5,Team T5,136,OugnxYST,YBmvu2cmIgn=
amzJvNVT.184,12:10:36,T5,Team T5,136,JtZwAVJSy,QHqOqaUZIpnZtnekmA
amzJvNVT.185,12:10:36,T5,Team T5,137,WmUTpEezj,3AlcfPoVjDn04RDuQ=
amzJvNVT.186,12:10:36,T5,Team T5,137,1nbKmHnA,bhnQm
amzJvNVT.187,12:10:36,T5,Team T5,137,PkSHiyiPjpb,byr0s
amzJvNVT.188,12:10:36,T5,Team T5,137,WmUTpEezj,3AlcfTHCmxf5UCDv==
amzJvNVT.189,12:10:36,T5,Team T5,138,9fzgunZw4,gt0Akz1TS8lnNYyWzc
amzJvNVT.190,12:10:36,T5,Team T5,138,9fzgunZw4,gt0AkBfwUqrvJ=
amzJvNVT.191,12:10:36,T5,Team T5,139,m8uDz6utP,tmVYpmIwOAh8b4GD==
amzJvNVT.192,12:10:36,T5,Team T5,139,r9Luw9Du,BZEpt_WLTq33=
amzJvNVT.193,12:10:36,T5,Team T5,139,f6srs0yJPd1,B_zIynsOQc84sdQ==
amzJvNVT.194,12:10:36,T5,Team T5,139,m8uDz6utP,tmVYphJx==
amzJvNVT.195,12:10:36,T5,Team T5,139,r9Luw9Du,B6MKAPEPzytf8
amzJvNVT.196,12:10:36,T5,Team T5,139,m8uDz6utP,tmVYphwE5t
amzJvNVT.197,12:10:36,T5,Team T5,139,m8uDz6utP,tmVYpiA_wCk3a_
amzJvNVT.198,12:10:36,T5,Team T5,140,Dt9QyR3k,Ngd9m
amzJvNVT.199,12:10:36,T5,Team T5,140,Dt9QyR3k,FGkbr18xl_qW8=
amzJvNVT.200,12:10:36,T5,Team T5,140,rqQNuIYzBrZ,NsfTkGZBFAm03EC==
amzJvNVT.201,12:10:36,T5,Team T5,140,rqQNuIYzBrZ,N_i9=
amzJvNVT.202,12:10:36,T5,Team T5,140,Dt9QyR3k,Nw86RIQ_GH5Ddls==
amzJvNVT.203,12:10:36,T5,Team T5,140,st72oz9,FGkbkPaIiAWT=
amzJvNVT.204,12:10:36,T5,Team T5,141,EjvazrtwmIU,SzZzwI_kqL
amzJvNVT.205,12:10:36,T5,Team T5,141,QmOdDAyh,SzZzwMFM61oYxu
amzJvNVT.206,12:10:36,T5,Team T5,141,QmOdDAyh,08Y9GBqNsa4a=
amzJvNVT.207,12:10:36,T5,Team T5,141,LlxmGxpgm,SzZzwHytB1gkP=
amzJvNVT.208,12:10:36,T5,Team T5,141,QmOdDAyh,0lLv_zHo
amzJvNVT.209,12:10:36,T5,Team T5,141,EjvazrtwmIU,SzZzwKnBpa1NFxarcQ
amzJvNVT.210,12:10:36,T5,Team T5,141,EjvazrtwmIU,SzZzwPme==
amzJvNVT.211,12:10:36,T5,Team T5,141,EjvazrtwmIU,0wUmHAny=
amzJvNVT.212,12:10:36,T5,Team T5,141,EjvazrtwmIU,SzZzwLPvcbRM==
amzJvNVT.213,12:10:36,T5,Team T5,141,EjvazrtwmIU,0ABsNEBJv
amzJvNVT.214,12:10:36,T5,Team T5,143,4P5UtTJaSwK,q4D3O7FqVHMc=
amzJvNVT.215,12:10:36,T5,Team T5,143,4P5UtTJaSwK,i5zlqgH2R=
amzJvNVT.216,12:10:36,T5,Team T5,143,4P5UtTJaSwK,qLBTHIZZAPUeR
amzJvNVT.217,12:10:36,T5,Team T5,143,bR76AZFUS,i5zlqbWbIASWS
amzJvNVT.218,12:10:36,T5,Team T5,143,gSoXx2OV,qEpdv
amzJvNVT.219,12:10:36,T5,Team T5,143,gSoXx2OV,qI52tKH==
amzJvNVT.220,12:10:36,T5,Team T5,143,4P5UtTJaSwK,qU9SxXH==
amzJvNVT.221,12:10:36,T5,Team T5,143,4P5UtTJaSwK,qQsfx4Q_N
amzJvNVT.222,12:10:36,T5,Team T5,144,tL34CLzS,vYetvXQ8yZEbMizThd
amzJvNVT.223,12:10:36,T5,Team T5,144,hIK1yCu7DNF,DKfmMCA8s
amzJvNVT.224,12:10:36,T5,Team T5,144,oKMdFIqRD,vYetvUGlo2HcPxyHa=
amzJvNVT.225,12:10:36,T5,Team T5,144,tL34CLzS,D42dPtrgp5==
amzJvNVT.226,12:10:36,T5,Team T5,144,hIK1yCu7DNF,vYetvXzaOYJjqptCgZS7==
amzJvNVT.227,12:10:36,T5,Team T5,144,oKMdFIqRD,vYetvTB9o4X8HwHwa=
amzJvNVT.228,12:10:36,T5,Team T5,144,tL34CLzS,vYetvXFVpSFptn
amzJvNVT.229,12:10:36,T5,Team T5,144,hIK1yCu7DNF,vYetv0BRI3XjrjIFFZ
amzJvNVT.230,12:10:36,T5,Team T5,144,tL34CLzS,DV0==
amzJvNVT.231,12:10:36,T5,Team T5,144,tL34CLzS,DGZepNTQq2Ujm
amzJvNVT.232,12:10:36,T5,Team T5,145,BDHAKrVO8,IR9RAFjVcbtheughZTJ==
amzJvNVT.233,12:10:36,T5,Team T5,145,GEYrHu4P,QD3NIz3iUyDGlr7==
amzJvNVT.234,12:10:36,T5,Team T5,145,GEYrHu4P,IR9RAH80ZwMqcF
amzJvNVT.235,12:10:36,T5,Team T5,145,GEYrHu4P,QB2AMwX==
amzJvNVT.236,12:10:36,T5,Team T5,145,uBFoDlZ484k,QtMr_nc98oos=
amzJvNVT.237,12:10:36,T5,Team T5,145,uBFoDlZ484k,Qu4nS
amzJvNVT.238,12:10:36,T5,Team T5,145,BDHAKrVO8,IR9RAE4g34Qnf=
amzJvNVT.239,12:10:36,T5,Team T5,145,vEWDxca,IR9Rtkq92piwZK==
amzJvNVT.240,12:10:36,T5,Team T5,146,HukLs4K1TBf,3nK9E
amzJvNVT.241,12:10:36,T5,Team T5,146,TxDOwdPM,3qsPkZPZO
amzJvNVT.242,12:10:36,T5,Team T5,146,TxDOwdPM,3Oq==
amzJvNVT.243,12:10:36,T5,Team T5,146,TxDOwdPM,3Gm4q
amzJvNVT.244,12:10:36,T5,Team T5,146,TxDOwdPM,3xS_l1L54Qxf_
amzJvNVT.245,12:10:36,T5,Team T5,146,OwmXzaGLT,VKOfpk3PS6dh3CXKu=
amzJvNVT.246,12:10:36,T5,Team T5,146,TxDOwdPM,VKOfps1TZSjsMTDNyde==
amzJvNVT.247,12:10:36,T5,Team T5,147,1phkETbIE,8DJDu5dJoS
amzJvNVT.248,12:10:36,T5,Team T5,147,6qybBWkJ,8DJDuamUuWwxfmrk=
amzJvNVT.249,12:10:36,T5,Team T5,147,1phkETbIE,8DJDu9n5Q08wvtbjjZ
amzJvNVT.250,12:10:36,T5,Team T5,147,Unf8xNfYESa,8DJDuavWIngpxg8X5=
amzJvNVT.251,12:10:36,T5,Team T5,147,6qybBWkJ,gBiCpWdcUR9Cua==
amzJvNVT.252,12:10:36,T5,Team T5,147,Unf8xNfYESa,gBBtO6BVwTvEj
amzJvNVT.253,12:10:36,T5,Team T5,147,1phkETbIE,8DJDu8kPm6uA==
amzJvNVT.254,12:10:36,T5,Team T5,147,Unf8xNfYESa,gdhuK_gIHOd==
amzJvNVT.255,12:10:36,T5,Team T5,148,7gUvCw0Vp95,lwo1zUVboo
amzJvNVT.256,12:10:36,T5,Team T5,148,7gUvCw0Vp95,tE9TsI6NykbR=
amzJvNVT.257,12:10:36,T5,Team T5,148,7gUvCw0Vp95,tttOv
amzJvNVT.258,12:10:36,T5,Team T5,148,7gUvCw0Vp95,t_8EyQZ4ddo==
amzJvNVT.259,12:10:36,T5,Team T5,148,jjdyGF5G,ty3H=
amzJvNVT.260,12:10:36,T5,Team T5,148,7gUvCw0Vp95,tu7vOJ8==
amzJvNVT.261,12:10:36,T5,Team T5,149,rbR4ylrCa,ypjpoAV2jY9cR=
amzJvNVT.262,12:10:36,T5,Team T5,149,rbR4ylrCa,ypjpozW94Z
amzJvNVT.263,12:10:36,T5,Team T5,149,wc8VvoAD,GkT9GktAjMXY=
amzJvNVT.264,12:10:36,T5,Team T5,150,IwwhN60d,SvhiVcVi=
amzJvNVT.265,12:10:36,T5,Team T5,150,wtdeJXVsWEY,SttgTOPHLPsm
amzJvNVT.266,12:10:36,T5,Team T5,150,IwwhN60d,Slt==
amzJvNVT.267,12:10:36,T5,Team T5,150,IwwhN60d,SKjpMa1jG2V==
amzJvNVT.268,12:10:36,T5,Team T5,150,wtdeJXVsWEY,Sjz==
amzJvNVT.269,12:10:36,T5,Team T5,150,IwwhN60d,SrgxY0PtXKj=
amzJvNVT.270,12:10:36,T5,Team T5,150,xwutDO6,KJICzT6uRT02B_9==
amzJvNVT.271,12:10:36,T5,Team T5,152,WZNYDpbmssO,afioAMlapp1G==
amzJvNVT.272,12:10:36,T5,Team T5,152,WZNYDpbmssO,inUcWqm4=
amzJvNVT.273,12:10:36,T5,Team T5,152,8261Hyg7,i0mft
amzJvNVT.274,12:10:36,T5,Team T5,152,8261Hyg7,i8Nk=
amzJvNVT.275,12:10:36,T5,Team T5,152,WZNYDpbmssO,afioAKCa==
amzJvNVT.276,12:10:36,T5,Team T5,152,WZNYDpbmssO,afioAJdmuqVJBe
amzJvNVT.277,12:10:36,T5,Team T5,152,WZNYDpbmssO,iW9==
amzJvNVT.278,12:10:36,T5,Team T5,152,8261Hyg7,iRN==
amzJvNVT.279,12:10:36,T5,Team T5,152,WZNYDpbmssO,il7ewn3==
amzJvNVT.280,12:10:36,T5,Team T5,153,lVL8MhL4,n8XwFrHma=
amzJvNVT.281,12:10:36,T5,Team T5,153,9Ss5I8GjdJJ,vYW4P5O==
amzJvNVT.282,12:10:36,T5,Team T5,153,9Ss5I8GjdJJ,n8XwFvFjfJGv==
amzJvNVT.283,12:10:36,T5,Team T5,153,9Ss5I8GjdJJ,n8XwFuH5dFOqc=
amzJvNVT.284,12:10:36,T5,Team T5,155,QHj4wr7,3Uxisz4==
amzJvNVT.285,12:10:36,T5,Team T5,157,msELD88Bf,tG74titB6nc0nKEri=
amzJvNVT.286,12:10:36,T5,Team T5,157,msELD88Bf,tG74tncDlqb03BX4o=
amzJvNVT.287,12:10:36,T5,Team T5,157,rtVCAbhC,BrQRHYq==
amzJvNVT.288,12:10:36,T5,Team T5,157,fqCzw2cRfl9,tG74tpgR3wbH==
amzJvNVT.289,12:10:36,T5,Team T5,157,rtVCAbhC,BNY==
amzJvNVT.290,12:10:36,T5,Team T5,157,msELD88Bf,tG74tkgTku
amzJvNVT.291,12:10:36,T5,Team T5,157,rtVCAbhC,BiRMy2d0aAt07
amzJvNVT.292,12:10:36,T5,Team T5,158,zljSIRTy0,GzMcy13HH=
amzJvNVT.293,12:10:36,T5,Team T5,158,EmAJFU2z,OmnLWCV==
amzJvNVT.294,12:10:36,T5,Team T5,158,EmAJFU2z,OvFW=
amzJvNVT.295,12:10:36,T5,Team T5,158,zljSIRTy0,GzMcy7TC35
amzJvNVT.296,12:10:36,T5,Team T5,158,EmAJFU2z,OdDStDdK7VpY=
amzJvNVT.297,12:10:36,T5,Team T5,159,MeefNAovL,TsHADLSTK0evad
amzJvNVT.298,12:10:36,T5,Team T5,159,Fcc3GusLLTZ,14pcMqBFxY3p=
amzJvNVT.299,12:10:36,T5,Team T5,159,Rfv6KDxw,13nyBAEzBQ1b=
amzJvNVT.300,12:10:36,T5,Team T5,159,MeefNAovL,TsHADSFXBXZ5a
amzJvNVT.301,12:10:36,T5,Team T5,159,MeefNAovL,TsHADMpt==
amzJvNVT.302,12:10:36,T5,Team T5,159,Fcc3GusLLTZ,1aozRnDQv_hpp
amzJvNVT.303,12:10:36,T5,Team T5,159,MeefNAovL,TsHADSCuB1aAFo
amzJvNVT.304,12:10:36,T5,Team T5,159,Fcc3GusLLTZ,11wawMMPxom=
amzJvNVT.305,12:10:36,T5,Team T5,160,RgAFIsSBx7X,5w63FQ7MolazL7
amzJvNVT.306,12:10:36,T5,Team T5,160,3jTIMBXm,dt1WVlLBwj5B=
amzJvNVT.307,12:10:36,T5,Team T5,160,RgAFIsSBx7X,5w63FPfEi5coYuBKo=
amzJvNVT.308,12:10:36,T5,Team T5,160,3jTIMBXm,diT0XCPPBeU==
amzJvNVT.309,12:10:36,T5,Team T5,160,3jTIMBXm,5w63FO1ohy5D7cwOpHmV==
amzJvNVT.310,12:10:36,T5,Team T5,160,3jTIMBXm,d7A==
amzJvNVT.311,12:10:36,T5,Team T5,160,3jTIMBXm,dcGGGvQyp3jBRiG==
amzJvNVT.312,12:10:36,T5,Team T5,160,SjRUCj3,5w63yxPNfejtZew==
amzJvNVT.313,12:10:36,T5,Team T5,161,49f2NbnyioS,q_p7P1mv4u81
amzJvNVT.314,12:10:36,T5,Team T5,161,gcy5Rksj,ipLrKskjbGdQhBXr_E
amzJvNVT.315,12:10:36,T5,Team T5,161,49f2NbnyioS,q5p4QawtZ
amzJvNVT.316,12:10:36,T5,Team T5,161,gcy5Rksj,ipLrKvpLiRoVGkfa==
amzJvNVT.317,12:10:36,T5,Team T5,161,49f2NbnyioS,quyiO4KO=
amzJvNVT.318,12:10:36,T5,Team T5,162,t5tcW3d0,DWCsgY197WUV7
amzJvNVT.319,12:10:36,T5,Team T5,162,t5tcW3d0,Daw==
amzJvNVT.320,12:10:36,T5,Team T5,162,t5tcW3d0,D5avU
amzJvNVT.321,12:10:36,T5,Team T5,162,h2a9SU8f3VN,DaGiSSgb83NQ2
amzJvNVT.322,12:10:36,T5,Team T5,162,h2a9SU8f3VN,DVw8J66==
amzJvNVT.323,12:10:36,T5,Team T5,162,t5tcW3d0,DVjje
amzJvNVT.324,12:10:36,T5,Team T5,162,h2a9SU8f3VN,viGzPdad==
amzJvNVT.325,12:10:36,T5,Team T5,162,o4clZ04Z3,viGzPajj==
amzJvNVT.326,12:10:36,T5,Team T5,162,t5tcW3d0,DRg7Ve8iXdKV=
amzJvNVT.327,12:10:36,T5,Team T5,163,GY8zLMIX,QOiSGI==
amzJvNVT.328,12:10:36,T5,Team T5,163,GY8zLMIX,QTmUFwx62rVX0
amzJvNVT.329,12:10:36,T5,Team T5,163,uVPwHDDcOcI,QjUzVTGUE9Q6=
amzJvNVT.330,12:10:36,T5,Team T5,163,GY8zLMIX,QSV==
amzJvNVT.331,12:10:36,T5,Team T5,163,uVPwHDDcOcI,IblXEW13JgPWR5
amzJvNVT.332,12:10:36,T5,Team T5,163,BXRIOJzWO,IblXETBWT9Qfgcx==
amzJvNVT.333,12:10:36,T5,Team T5,163,GY8zLMIX,QYgy=
amzJvNVT.334,12:10:36,T5,Team T5,163,GY8zLMIX,QK5==
amzJvNVT.335,12:10:36,T5,Team T5,163,uVPwHDDcOcI,QOSvIwL==
amzJvNVT.336,12:10:36,T5,Team T5,163,GY8zLMIX,IblXEYV9Ox9aX=
amzJvNVT.337,12:10:36,T5,Team T5,164,HOKTMmo9ztD,V4glJJo1BQJZxAGYFD
amzJvNVT.338,12:10:36,T5,Team T5,164,TR3WQvtU,3FL4OFE1hxSWw
amzJvNVT.339,12:10:36,T5,Team T5,164,OQM5TskTz,V4glJCK7==
amzJvNVT.340,12:10:36,T5,Team T5,164,OQM5TskTz,V4glJEtcwzITQlId==
amzJvNVT.341,12:10:36,T5,Team T5,165,6KIjVeYR,gALk1
amzJvNVT.342,12:10:36,T5,Team T5,165,6KIjVeYR,gHAFZ4T1hWV=
amzJvNVT.343,12:10:36,T5,Team T5,165,VKGvLW4,8XVJH2XZfjUdukcE=
amzJvNVT.344,12:10:36,T5,Team T5,165,UHpgR5T6k0y,gSp==
amzJvNVT.345,12:10:36,T5,Team T5,165,1JrsYbPQk,8XVJOn_UmiLjpJvzCC
amzJvNVT.346,12:10:36,T5,Team T5,165,VKGvLW4,8XVJHb45icSmiwx==
amzJvNVT.347,12:10:36,T5,Team T5,165,UHpgR5T6k0y,gFUe0WY2hXKw=
amzJvNVT.348,12:10:36,T5,Team T5,166,7A4DGOE35hd,tUsKxMXTTekxT
amzJvNVT.349,12:10:36,T5,Team T5,166,7A4DGOE35hd,lQA7DazPcjoA_3
amzJvNVT.350,12:10:36,T5,Team T5,166,7A4DGOE35hd,lQA7Dc5RaspI0B
amzJvNVT.351,12:10:36,T5,Team T5,166,7A4DGOE35hd,lQA7DbAhYga9==
amzJvNVT.352,12:10:36,T5,Team T5,166,7A4DGOE35hd,lQA7DbJXRlnce=
amzJvNVT.353,12:10:36,T5,Team T5,166,7A4DGOE35hd,tJBP=
amzJvNVT.354,12:10:36,T5,Team T5,166,7A4DGOE35hd,lQA7DaPa2usb1XZfIfM5==
amzJvNVT.355,12:10:36,T5,Team T5,167,wwiNPGeL,GHeOH
amzJvNVT.356,12:10:36,T5,Team T5,167,wwiNPGeL,Gv5==
amzJvNVT.357,12:10:36,T5,Team T5,167,rv1WSD5KQ,yJvfINzOTNfEv__rq
amzJvNVT.358,12:10:36,T5,Team T5,167,wwiNPGeL,GG5==
amzJvNVT.359,12:10:36,T5,Team T5,168,JpXaUpZI,LCaDNE7Rwb
amzJvNVT.360,12:10:36,T5,Team T5,168,EoGjXmQHB,LCaDNAg3t76DXxZY8=
amzJvNVT.361,12:10:36,T5,Team T5,168,JpXaUpZI,TzRfRfNPt7wn=
amzJvNVT.362,12:10:36,T5,Team T5,168,EoGjXmQHB,LCaDNDNLn4afsuOK8dj9==
amzJvNVT.363,12:10:36,T5,Team T5,168,JpXaUpZI,TlctSC5TRlcw6
amzJvNVT.364,12:10:36,T5,Team T5,168,JpXaUpZI,TeU73efWM
amzJvNVT.365,12:10:36,T5,Team T5,169,R1BGM5lo6,Yf51CfkNOn7PXFKiT2
amzJvNVT.366,12:10:36,T5,Team T5,169,W2SxJ8up,654B_cOp
amzJvNVT.367,12:10:36,T5,Team T5,169,KZzuFZpE6mY,6V3MK
amzJvNVT.368,12:10:36,T5,Team T5,169,W2SxJ8up,6WHHzRjB8ucCS
amzJvNVT.369,12:10:36,T5,Team T5,169,KZzuFZpE6mY,6aKwO
amzJvNVT.370,12:10:36,T5,Team T5,169,R1BGM5lo6,Yf51CloI==
amzJvNVT.371,12:10:36,T5,Team T5,169,R1BGM5lo6,Yf51ChoSWyaIL=
amzJvNVT.372,12:10:36,T5,Team T5,169,R1BGM5lo6,Yf51CjqJOidw==
amzJvNVT.373,12:10:36,T5,Team T5,169,R1BGM5lo6,Yf51CiqDNpWFUvs8BVHi==
amzJvNVT.374,12:10:36,T5,Team T5,169,W2SxJ8up,6XFOzgqq=
amzJvNVT.375,12:10:36,T5,Team T5,170,Xme5Ry0,azueNRQlXHz0sEd==
amzJvNVT.376,12:10:36,T5,Team T5,170,8mgT1QUf,ihnOO
amzJvNVT.377,12:10:36,T5,Team T5,170,Xme5Ry0,azueNEH==
amzJvNVT.378,12:10:36,T5,Team T5,170,8mgT1QUf,in1ORAfB1zv==
amzJvNVT.379,12:10:36,T5,Team T5,170,WjXQXHPu8Ac,azueU2Xy==
amzJvNVT.380,12:10:36,T5,Team T5,170,Xme5Ry0,azueNA5k5Fg4DRhSdw==
amzJvNVT.381,12:10:36,T5,Team T5,170,8mgT1QUf,azueU5Yc==
amzJvNVT.382,12:10:36,T5,Team T5,171,9cCd2qkrTRR,ns9CZJAa4OUZ==
amzJvNVT.383,12:10:36,T5,Team T5,171,9cCd2qkrTRR,viPz7AHuF42rc
amzJvNVT.384,12:10:36,T5,Team T5,171,9cCd2qkrTRR,ns9CZIk_E86Wc2
amzJvNVT.385,12:10:36,T5,Team T5,171,lfVg6zpc,vkDJYweuUgdqt
amzJvNVT.386,12:10:36,T5,Team T5,172,y8QDVia9,Al40Orc6==
amzJvNVT.387,12:10:36,T5,Team T5,172,y8QDVia9,Al40Outvb=
amzJvNVT.388,12:10:36,T5,Team T5,172,m5xAR95oo8M,Al40OsYnql7c_jdHL=
amzJvNVT.389,12:10:36,T5,Team T5,173,W0e93Yw59,3eJoTaJxcD3tqKMT==
amzJvNVT.390,12:10:36,T5,Team T5,173,PYcXWSAl9FH,bPw82JI==
amzJvNVT.391,12:10:36,T5,Team T5,173,PYcXWSAl9FH,3eJoTcFvaR2klFTT==
amzJvNVT.392,12:10:36,T5,Team T5,173,W0e93Yw59,3eJoTat8ZGGmAqUr=
amzJvNVT.393,12:10:36,T5,Team T5,173,11v001F6,bOhgeNKehV1fj
amzJvNVT.394,12:10:36,T5,Team T5,173,PYcXWSAl9FH,bbi==
amzJvNVT.395,12:10:36,T5,Team T5,173,PYcXWSAl9FH,bWwhPTs==
amzJvNVT.396,12:10:36,T5,Team T5,173,11v001F6,bQw___1rg
amzJvNVT.397,12:10:36,T5,Team T5,173,PYcXWSAl9FH,b9Bok1EgUZFJ=
amzJvNVT.398,12:10:36,T5,Team T5,173,PYcXWSAl9FH,b8G9WOs==
amzJvNVT.399,12:10:36,T5,Team T5,174,2R7k1BliUWC,oWuRpNp5UVME=
amzJvNVT.400,12:10:36,T5,Team T5,174,eUqn5Kq3,oe7==
amzJvNVT.401,12:10:36,T5,Team T5,174,2R7k1BliUWC,oGpQ9NC28hEC=
amzJvNVT.402,12:10:36,T5,Team T5,174,2R7k1BliUWC,oHatgKd==
amzJvNVT.403,12:10:36,T5,Team T5,174,2R7k1BliUWC,o2_O4xz==
amzJvNVT.404,12:10:36,T5,Team T5,175,gN3WKb1,t0jaG_VMwhyCA355wf==
amzJvNVT.405,12:10:36,T5,Team T5,176,EG0RZcGH,OAc4fWuWkOf==
amzJvNVT.406,12:10:36,T5,Team T5,176,EG0RZcGH,Ow48bfXQvWv==
amzJvNVT.407,12:10:36,T5,Team T5,176,sDHOV3BWqKc,OXWaV
amzJvNVT.408,12:10:36,T5,Team T5,176,EG0RZcGH,GTeiSrMdlMhS==
amzJvNVT.409,12:10:36,T5,Team T5,176,sDHOV3BWqKc,OB5c_8S1rLiRj
amzJvNVT.410,12:10:36,T5,Team T5,177,Mion7S2Db,TwTGX4wWqcfHOKVD==
amzJvNVT.411,12:10:36,T5,Team T5,177,RjFe4VbE,15us5F_Hb8uWZSO==
amzJvNVT.412,12:10:36,T5,Team T5,177,RjFe4VbE,TwTGX9bN_gk05KMTX8
amzJvNVT.413,12:10:36,T5,Team T5,178,Zb3KWBNAW,6py4MLeFLt7SFOwhh0ny==
amzJvNVT.414,12:10:36,T5,Team T5,178,4ckBTEWB,e_jI=
amzJvNVT.415,12:10:36,T5,Team T5,178,4ckBTEWB,enkM=
amzJvNVT.416,12:10:36,T5,Team T5,178,4ckBTEWB,ehp0cAQG=
amzJvNVT.417,12:10:36,T5,Team T5,178,Zb3KWBNAW,6py4MMY7Ek1PGTnhD=
amzJvNVT.418,12:10:36,T5,Team T5,179,c4Y71kixH,jitsRyEy_Qg3j5
amzJvNVT.419,12:10:36,T5,Team T5,179,h5fYYnry,r80mN
amzJvNVT.420,12:10:36,T5,Team T5,180,hmkhccMDtNb,DtvlibGGyNBUd6K==
amzJvNVT.421,12:10:36,T5,Team T5,180,hmkhccMDtNb,Dplu8iMOk6cwM
amzJvNVT.422,12:10:36,T5,Team T5,180,hmkhccMDtNb,vCSF9vTKfPEwPa
amzJvNVT.423,12:10:36,T5,Team T5,180,hmkhccMDtNb,DhBopeXAgM8==
amzJvNVT.424,12:10:36,T5,Team T5,180,hmkhccMDtNb,DkJB4lEvkM9z=
amzJvNVT.425,12:10:36,T5,Team T5,180,ipBw63X,vCSF2cOJDWe==
amzJvNVT.426,12:10:36,T5,Team T5,181,GiiH54m5,Q95O=
amzJvNVT.427,12:10:36,T5,Team T5,181,GiiH54m5,Ivx3YfxohEgG_B
amzJvNVT.428,12:10:36,T5,Team T5,181,GiiH54m5,QifDdhG8=
amzJvNVT.429,12:10:36,T5,Team T5,181,ufZE1VhkekQ,Ivx3Ygyyti6GpApMvUro==
amzJvNVT.430,12:10:36,T5,Team T5,181,GiiH54m5,Qtx=
amzJvNVT.431,12:10:36,T5,Team T5,181,GiiH54m5,QqqR66==
amzJvNVT.432,12:10:36,T5,Team T5,181,ufZE1VhkekQ,Ivx3Yczl0EaAzskE==
amzJvNVT.433,12:10:36,T5,Team T5,181,ufZE1VhkekQ,Q9cXgavA=
amzJvNVT.434,12:10:36,T5,Team T5,181,GiiH54m5,QipL4K9i=
amzJvNVT.435,12:10:36,T5,Team T5,181,Bh1Q81d4e,Ivx3Ybnvum2A=
amzJvNVT.436,12:10:36,T5,Team T5,183,64SrfwCZ,gpOId
amzJvNVT.437,12:10:36,T5,Team T5,183,64SrfwCZ,8h7P8JJ8wdUFK
amzJvNVT.438,12:10:36,T5,Team T5,184,eWwX7cYVv,la2dXodZzUM8Ll
amzJvNVT.439,12:10:36,T5,Team T5,184,jXNO4f7W,t5DPe
amzJvNVT.440,12:10:36,T5,Team T5,184,7UuL062bvpB,la2dXu2ZdpJ7s40Pan
amzJvNVT.441,12:10:36,T5,Team T5,185,wQsV9YST,y3Hl2dIc_YQV
amzJvNVT.442,12:10:36,T5,Team T5,185,lQq7ZGY,y3HlV3e2=
amzJvNVT.443,12:10:36,T5,Team T5,186,Es6rhEeP1,LGCJ7OBQZfDe9Z26y=
amzJvNVT.444,12:10:36,T5,Team T5,187,Wm2F3q8N,6jTW=
amzJvNVT.445,12:10:36,T5,Team T5,187,RlLO6nZMM,Yzh7WBY0Hw
amzJvNVT.446,12:10:36,T5,Team T5,187,KjJCZh32Mu6,6t5BaukYO
amzJvNVT.447,12:10:36,T5,Team T5,188,4eGbb6utx,bscv1hzCEMml==
amzJvNVT.448,12:10:36,T5,Team T5,188,XcEZ40yJxL1,jj_ca
amzJvNVT.449,12:10:36,T5,Team T5,189,m8CpdSor,w9zMkRnpy
amzJvNVT.450,12:10:36,T5,Team T5,189,h7lygPfqi,olRT63xtwlqa==
amzJvNVT.451,12:10:36,T5,Team T5,189,a5jm9JjGi2W,w7lwdVru=
amzJvNVT.452,12:10:36,T5,Team T5,189,a5jm9JjGi2W,wXMGc3uvtlcy=
amzJvNVT.453,12:10:36,T5,Team T5,189,h7lygPfqi,olRT65KQwhmCXUGLj=
amzJvNVT.454,12:10:36,T5,Team T5,189,h7lygPfqi,olRT6Zbo==
amzJvNVT.455,12:10:36,T5,Team T5,189,h7lygPfqi,olRT6Z_J90nlNANC==
amzJvNVT.456,12:10:36,T5,Team T5,189,a5jm9JjGi2W,w8rxoNHw=
amzJvNVT.457,12:10:36,T5,Team T5,189,h7lygPfqi,olRT65rR7
amzJvNVT.458,12:10:36,T5,Team T5,190,mpHIbrtw4ga,AFg68NJzRhrJDv
amzJvNVT.459,12:10:36,T5,Team T5,190,ys0LfAyh,AFg68IBINuGSF=
amzJvNVT.460,12:10:36,T5,Team T5,190,mpHIbrtw4ga,AFg68LIzXoeOB=
amzJvNVT.461,12:10:36,T5,Team T5,190,ys0LfAyh,IqJWgoLy6eCTv
amzJvNVT.462,12:10:36,T5,Team T5,190,mpHIbrtw4ga,IeS5bnvsY
amzJvNVT.463,12:10:36,T5,Team T5,190,mpHIbrtw4ga,IAOKfxtAVinY7rn==
amzJvNVT.464,12:10:36,T5,Team T5,190,ys0LfAyh,Iv558tro=
amzJvNVT.465,12:10:36,T5,Team T5,190,mpHIbrtw4ga,AFg68JQnMshWcRzSY8Li==
amzJvNVT.466,12:10:36,T5,Team T5,190,ys0LfAyh,AFg68MKsaiiSszvpPxN==
amzJvNVT.467,12:10:36,T5,Team T5,190,nsYX5iE,AFg61oJo=
amzJvNVT.468,12:10:36,T5,Team T5,191,zim5gaetPxP,NyVudu_lW=
amzJvNVT.469,12:10:36,T5,Team T5,191,LlF8kjje,VyJt8Z6==
amzJvNVT.470,12:10:36,T5,Team T5,191,zim5gaetPxP,V8Dosjob=
amzJvNVT.471,12:10:36,T5,Team T5,191,LlF8kjje,NyVudx8_I=
amzJvNVT.472,12:10:36,T5,Team T5,191,zim5gaetPxP,VdVop9_eGuM==
amzJvNVT.473,12:10:36,T5,Team T5,191,zim5gaetPxP,NyVudv6kx_aVWWR7==
amzJvNVT.474,12:10:36,T5,Team T5,191,GkohngadP,NyVudqgwBx0cK4QTH
amzJvNVT.475,12:10:36,T5,Team T5,191,zim5gaetPxP,Vfpmn
amzJvNVT.476,12:10:36,T5,Team T5,192,TdjEcZFaA,0rQS2aVsP=
amzJvNVT.477,12:10:36,T5,Team T5,193,r7fCeLz8,B6fBfOtpqzKb=
amzJvNVT.478,12:10:36,T5,Team T5,193,f4WzaCunllF,tkv07Zvc_iR_y=
amzJvNVT.479,12:10:36,T5,Team T5,193,m6YLhIq7l,tkv07SpjzhIdi=
amzJvNVT.480,12:10:36,T5,Team T5,193,f4WzaCunllF,B6jR1
amzJvNVT.481,12:10:36,T5,Team T5,193,f4WzaCunllF,tkv07ZJ5_mWvwIUKD5jB==
amzJvNVT.482,12:10:36,T5,Team T5,193,f4WzaCunllF,tkv07Vzeln0eNxYt==
amzJvNVT.483,12:10:36,T5,Team T5,193,r7fCeLz8,B0sFlFto9FFd=
amzJvNVT.484,12:10:36,T5,Team T5,193,f4WzaCunllF,BXcylzLcwn==
amzJvNVT.485,12:10:36,T5,Team T5,193,r7fCeLz8,tkv07ZBlqpO9w=
amzJvNVT.486,12:10:36,T5,Team T5,193,r7fCeLz8,tkv07VJ7a=
amzJvNVT.487,12:10:36,T5,Team T5,194,sHRWflZ46CA,OL5YqkTU=
amzJvNVT.488,12:10:36,T5,Team T5,194,EKaZju4P,OR10mAjlZVLgbXh==
amzJvNVT.489,12:10:36,T5,Team T5,194,EKaZju4P,GXqocI_e3y5ddN
amzJvNVT.490,12:10:36,T5,Team T5,194,EKaZju4P,OE5ch
amzJvNVT.491,12:10:36,T5,Team T5,195,RDPm8dPM,TQ5M1rVRCbLuQ_hwhLLp==
amzJvNVT.492,12:10:36,T5,Team T5,195,RDPm8dPM,TQ5M1sW_PbQCAW
amzJvNVT.493,12:10:36,T5,Team T5,195,FAwj44K1R9v,1My=
amzJvNVT.494,12:10:36,T5,Team T5,195,MCyvbaGLR,TQ5M1k46C5
amzJvNVT.495,12:10:36,T5,Team T5,195,FAwj44K1R9v,1CQv96Lf
amzJvNVT.496,12:10:36,T5,Team T5,195,MCyvbaGLR,TQ5M1nXYPhPnA5byYNLz==
amzJvNVT.497,12:10:36,T5,Team T5,195,FAwj44K1R9v,TQ5M1rTJ==
amzJvNVT.498,12:10:36,T5,Team T5,195,FAwj44K1R9v,TQ5M1sCT5dYDxK
amzJvNVT.499,12:10:36,T5,Team T5,195,FAwj44K1R9v,1AyH=
amzJvNVT.500,12:10:36,T5,Team T5,195,GDNyYVV,TQ5MUfX0XC1vVVmG8
amzJvNVT.501,12:10:36,T5,Team T5,196,4wKJdWkJ,6J0a69g5iuqKtYzS=
amzJvNVT.502,12:10:36,T5,Team T5,196,4wKJdWkJ,6J0a6arW5CNsz=
amzJvNVT.503,12:10:36,T5,Team T5,196,StrG9NfYmqq,enUP5Fb7j
amzJvNVT.504,12:10:36,T5,Team T5,196,4wKJdWkJ,6J0a69xW==
amzJvNVT.505,12:10:36,T5,Team T5,196,StrG9NfYmqq,eBy9bL89rIIlo
amzJvNVT.506,12:10:36,T5,Team T5,196,StrG9NfYmqq,6J0a69q4x=
amzJvNVT.507,12:10:36,T5,Team T5,196,StrG9NfYmqq,eHE02
amzJvNVT.508,12:10:36,T5,Team T5,197,hpp6iF5G,rew1kDd238i==
amzJvNVT.509,12:10:36,T5,Team T5,197,co8flCWF7,jCFybPV30e
amzJvNVT.510,12:10:36,T5,Team T5,197,hpp6iF5G,rKmbpre==
amzJvNVT.511,12:10:36,T5,Team T5,197,co8flCWF7,jCFybR5H=
amzJvNVT.512,12:10:36,T5,Team T5,197,co8flCWF7,jCFybRgHYX2E4C
amzJvNVT.513,12:10:36,T5,Team T5,197,co8flCWF7,jCFybSSMQ=
amzJvNVT.514,12:10:36,T5,Team T5,197,hpp6iF5G,rAjgxGaV7qkT
amzJvNVT.515,12:10:36,T5,Team T5,197,hpp6iF5G,jCFybUY1bjlx==
amzJvNVT.516,12:10:36,T5,Team T5,197,5m63ew0V7X5,rdA2km9bUZmUNDo==
amzJvNVT.517,12:10:36,T5,Team T5,197,5m63ew0V7X5,ruw5ixc2858==
amzJvNVT.518,12:10:36,T5,Team T5,198,ph3CalrCS,wvAW0CABPo6I==
amzJvNVT.519,12:10:36,T5,Team T5,198,if1q3fvSSe0,EjiDVtGSH
amzJvNVT.520,12:10:36,T5,Team T5,198,ph3CalrCS,wvAW0AEMRh
amzJvNVT.521,12:10:36,T5,Team T5,198,ph3CalrCS,wvAW0xxBUz36=
amzJvNVT.522,12:10:36,T5,Team T5,198,if1q3fvSSe0,Ea3FcoxA
amzJvNVT.523,12:10:36,T5,Team T5,198,uikt7oAD,E49y_BL4Qte6pHN==
amzJvNVT.524,12:10:36,T5,Team T5,198,ph3CalrCS,wvAW0ABQZD4MLOAO==
amzJvNVT.525,12:10:36,T5,Team T5,198,uikt7oAD,EnpEWbvRQuj==
amzJvNVT.526,12:10:36,T5,Team T5,198,uikt7oAD,EDdF1opPC
amzJvNVT.527,12:10:36,T5,Team T5,199,v8Gx8YgPDvV,R7QCiau==
amzJvNVT.528,12:10:36,T5,Team T5,199,CaIJf4czD,Jof45jrYEKa56a_4g=
amzJvNVT.529,12:10:36,T5,Team T5,199,CaIJf4czD,Jof45fFOKIfV4Rl5==
amzJvNVT.530,12:10:36,T5,Team T5,199,v8Gx8YgPDvV,R6HL=
amzJvNVT.531,12:10:36,T5,Team T5,199,CaIJf4czD,Jof45gjEI=
amzJvNVT.532,12:10:36,T5,Team T5,199,CaIJf4czD,Jof45iiEOZffw7nwtd
amzJvNVT.533,12:10:36,T5,Team T5,199,v8Gx8YgPDvV,RmJx=
amzJvNVT.534,12:10:36,T5,Team T5,0,LOG_STOPPED,On JOSEPHJ-MYHP at 2015-10-16T19:10:36.754Z
