dNgL5iFZ.1,11:32:02,T5,Team T5,0,LOG_STARTED,On JOSEPHJ-MYHP at 2015-10-16T18:32:02.321Z
dNgL5iFZ.2,11:32:02,T5,Team T5,100,3L8PMca,gYhYI_29XnV==
dNgL5iFZ.3,11:32:02,T5,Team T5,100,3L8PMca,gYhYIretOtkdU
dNgL5iFZ.4,11:32:02,T5,Team T5,100,2IRASlZlJhY,oz1R4d3vZu_4=
dNgL5iFZ.5,11:32:02,T5,Team T5,101,FQFqLEYQtaM,11==
dNgL5iFZ.6,11:32:02,T5,Team T5,101,RTYtPN3B,1UcSZ
dNgL5iFZ.7,11:32:02,T5,Team T5,101,FQFqLEYQtaM,T65PIW6PnvPM==
dNgL5iFZ.8,11:32:02,T5,Team T5,101,FQFqLEYQtaM,T65PIYn4s=
dNgL5iFZ.9,11:32:02,T5,Team T5,102,v0gjc5w6,xdnG5jop==
dNgL5iFZ.10,11:32:02,T5,Team T5,102,jXXg8Wrlc4A,F7Xt0Tm3f7M7=
dNgL5iFZ.11,11:32:02,T5,Team T5,102,jXXg8Wrlc4A,xdnG5gt8b2Md==
dNgL5iFZ.12,11:32:02,T5,Team T5,102,jXXg8Wrlc4A,xdnG5ezyagHdV_8q==
dNgL5iFZ.13,11:32:02,T5,Team T5,102,qZZsf2n5c,xdnG5dFr=
dNgL5iFZ.14,11:32:02,T5,Team T5,102,v0gjc5w6,xdnG5kkt9kCSET0T43wT==
dNgL5iFZ.15,11:32:02,T5,Team T5,102,v0gjc5w6,xdnG5fxo0f
dNgL5iFZ.16,11:32:02,T5,Team T5,102,qZZsf2n5c,xdnG5dQ_Y3BbU6
dNgL5iFZ.17,11:32:02,T5,Team T5,102,v0gjc5w6,xdnG5fPhk5Ek05au1=
dNgL5iFZ.18,11:32:02,T5,Team T5,103,87494nvB,iaW6SaMDQSMZ=
dNgL5iFZ.19,11:32:02,T5,Team T5,103,36Ni7kmAW,akbxXwFL3=
dNgL5iFZ.20,11:32:02,T5,Team T5,103,87494nvB,akbxXALWaE
dNgL5iFZ.21,11:32:02,T5,Team T5,104,MfmtrFY5,OstSkU_AK=
dNgL5iFZ.22,11:32:02,T5,Team T5,104,MfmtrFY5,Wj3D_n1kT
dNgL5iFZ.23,11:32:02,T5,Team T5,104,He5CuCP4F,OstSkMQmOH9GruDLU=
dNgL5iFZ.24,11:32:02,T5,Team T5,104,MfmtrFY5,OstSkQYpCF9y9OJY1a
dNgL5iFZ.25,11:32:02,T5,Team T5,105,djlffPSPpMu,zxFiA
dNgL5iFZ.26,11:32:02,T5,Team T5,105,klnrmVOzp,rzLIc5WVsMTNkI
dNgL5iFZ.27,11:32:02,T5,Team T5,105,pmEijYXA,zavMj10==
dNgL5iFZ.28,11:32:02,T5,Team T5,105,klnrmVOzp,rzLIc69Bn1PHbEZfxq
dNgL5iFZ.29,11:32:02,T5,Team T5,105,djlffPSPpMu,zbMrASKGv3x==
dNgL5iFZ.30,11:32:02,T5,Team T5,105,klnrmVOzp,rzLIc9a5sKG4_z==
dNgL5iFZ.31,11:32:02,T5,Team T5,105,emCu9G3,rzLI5_4YtTENd
dNgL5iFZ.32,11:32:02,T5,Team T5,106,3ts8cgqz,doiyh2xO52Ayd
dNgL5iFZ.33,11:32:02,T5,Team T5,107,CAt7Bvg3S,JORqrFqAQ3u8jJTo==
dNgL5iFZ.34,11:32:02,T5,Team T5,107,vyrVupkjSy6,Rsy9vjy9Nyo9nS==
dNgL5iFZ.35,11:32:02,T5,Team T5,107,HBKYyyp4,RFsTqzcbEvj==
dNgL5iFZ.36,11:32:02,T5,Team T5,107,vyrVupkjSy6,RySaSti==
dNgL5iFZ.37,11:32:02,T5,Team T5,107,HBKYyyp4,RGLbCCrtZOx5hFM==
dNgL5iFZ.38,11:32:02,T5,Team T5,108,fHiXuOJyC,mVGhk464PeRM==
dNgL5iFZ.39,11:32:02,T5,Team T5,108,fHiXuOJyC,mVGhk5PLN1aAgdvMmm0W==
dNgL5iFZ.40,11:32:02,T5,Team T5,108,fHiXuOJyC,mVGhk03FmfUGa5gHgtN==
dNgL5iFZ.41,11:32:02,T5,Team T5,108,kIzOrRSz,uMuUrObywZd==
dNgL5iFZ.42,11:32:02,T5,Team T5,109,Mgy5f0MilRI,8D1lt0bm=
dNgL5iFZ.43,11:32:02,T5,Team T5,109,TiAhm6I2l,0wYCcn8szdV1aeceel
dNgL5iFZ.44,11:32:02,T5,Team T5,109,YjR8j9R3,8BNA
dNgL5iFZ.45,11:32:02,T5,Team T5,109,Mgy5f0MilRI,8C5Cua0hi_Wg0
dNgL5iFZ.46,11:32:02,T5,Team T5,109,TiAhm6I2l,0wYCcmdq4TWe==
dNgL5iFZ.47,11:32:02,T5,Team T5,109,YjR8j9R3,88Ccq6Q7v1ahlfY==
dNgL5iFZ.48,11:32:02,T5,Team T5,109,Mgy5f0MilRI,8p_ve0OjqXM0=
dNgL5iFZ.49,11:32:02,T5,Team T5,109,TiAhm6I2l,0wYCcoPi2c4_Yk4==
dNgL5iFZ.50,11:32:02,T5,Team T5,109,TiAhm6I2l,0wYCcgJbmW
dNgL5iFZ.51,11:32:02,T5,Team T5,110,elvJgs47,oyqEgxTdy7YXX
dNgL5iFZ.52,11:32:02,T5,Team T5,110,2icGcjZmLGw,o8tO6
dNgL5iFZ.53,11:32:02,T5,Team T5,110,elvJgs47,gyD49C8j0Vw08Uvr==
dNgL5iFZ.54,11:32:02,T5,Team T5,110,3ltV6aa,gyD429ik=
dNgL5iFZ.55,11:32:02,T5,Team T5,110,elvJgs47,gyD49zlkXLV04Iul==
dNgL5iFZ.56,11:32:02,T5,Team T5,110,2icGcjZmLGw,o8eIax9cB
dNgL5iFZ.57,11:32:02,T5,Team T5,110,elvJgs47,oleKfb4i=
dNgL5iFZ.58,11:32:02,T5,Team T5,110,elvJgs47,ofdRrqiqv7w3=
dNgL5iFZ.59,11:32:02,T5,Team T5,110,2icGcjZmLGw,gyD49Ff8w1
dNgL5iFZ.60,11:32:02,T5,Team T5,111,Gp0w4CYQvzk,UFrV1YSOK=
dNgL5iFZ.61,11:32:02,T5,Team T5,111,Nr2IbIUAv,UFrV1SpHmBrwjYe8nN
dNgL5iFZ.62,11:32:02,T5,Team T5,111,Gp0w4CYQvzk,UFrV1V7zB1jt==
dNgL5iFZ.63,11:32:02,T5,Team T5,111,Gp0w4CYQvzk,UFrV1TUHnxmMrZr1kmt1==
dNgL5iFZ.64,11:32:02,T5,Team T5,111,Ssjz8L3B,2JoAntSTsSn==
dNgL5iFZ.65,11:32:02,T5,Team T5,111,Ssjz8L3B,2LjJXSW==
dNgL5iFZ.66,11:32:02,T5,Team T5,111,Ssjz8L3B,2n10VuoTBUnKl
dNgL5iFZ.67,11:32:02,T5,Team T5,112,jwimXUrPft8,xMJMUc_D4Fwb==
dNgL5iFZ.68,11:32:02,T5,Team T5,112,jwimXUrPft8,xMJMUgyQi=
dNgL5iFZ.69,11:32:02,T5,Team T5,112,jwimXUrPft8,xMJMUeGIe=
dNgL5iFZ.70,11:32:02,T5,Team T5,112,vzBp13wA,xMJMUeID==
dNgL5iFZ.71,11:32:02,T5,Team T5,112,qyky40nzf,xMJMUaKT==
dNgL5iFZ.72,11:32:02,T5,Team T5,112,vzBp13wA,FLko5P==
dNgL5iFZ.73,11:32:02,T5,Team T5,114,ALovcvTPILL,O1PX9PNRAI2MBrWKdf
dNgL5iFZ.74,11:32:02,T5,Team T5,114,MOHygEYA,W8Gudm0CT5Y==
dNgL5iFZ.75,11:32:02,T5,Team T5,114,MOHygEYA,WDu==
dNgL5iFZ.76,11:32:02,T5,Team T5,115,fVtAZE3,s8DOVWXcq_rPrV1N=
dNgL5iFZ.77,11:32:02,T5,Team T5,115,eScl5NSkrF3,A_wpf20BfBbQHPl==
dNgL5iFZ.78,11:32:02,T5,Team T5,115,lUexcTO4r,s8DO27XfkTgU==
dNgL5iFZ.79,11:32:02,T5,Team T5,115,qVvo9WX5,s8DO2852wQ
dNgL5iFZ.80,11:32:02,T5,Team T5,115,fVtAZE3,s8DOVHUen6hXjAdFV
dNgL5iFZ.81,11:32:02,T5,Team T5,115,lUexcTO4r,s8DO26PnBOhYBVa1M=
dNgL5iFZ.82,11:32:02,T5,Team T5,115,qVvo9WX5,AIi==
dNgL5iFZ.83,11:32:02,T5,Team T5,116,z2NeveqA,BfVForqyYgaaw6wm7=
dNgL5iFZ.84,11:32:02,T5,Team T5,116,z2NeveqA,J0wH=
dNgL5iFZ.85,11:32:02,T5,Team T5,116,nZubr5lPb4R,JjTcA4zOaePq=
dNgL5iFZ.86,11:32:02,T5,Team T5,116,nZubr5lPb4R,J2On=
dNgL5iFZ.87,11:32:02,T5,Team T5,116,nZubr5lPb4R,BfVFosvG0iStxPxm1=
dNgL5iFZ.88,11:32:02,T5,Team T5,116,u1wnybhzb,BfVFomuEj766==
dNgL5iFZ.89,11:32:02,T5,Team T5,116,u1wnybhzb,BfVFolqN==
dNgL5iFZ.90,11:32:02,T5,Team T5,116,nZubr5lPb4R,J13rnUy6b8Qu=
dNgL5iFZ.91,11:32:02,T5,Team T5,117,dE54owp4,nq9bDjflC
dNgL5iFZ.92,11:32:02,T5,Team T5,117,1BM1knkjUXF,nN9dnwC8EWQHo
dNgL5iFZ.93,11:32:02,T5,Team T5,117,dE54owp4,fRdwhKqh==
dNgL5iFZ.94,11:32:02,T5,Team T5,117,1BM1knkjUXF,nJjZFii==
dNgL5iFZ.95,11:32:02,T5,Team T5,117,1BM1knkjUXF,nY4qsvgnP
dNgL5iFZ.96,11:32:02,T5,Team T5,117,8DOdrtg3U,fRdwhIv6Cb
dNgL5iFZ.97,11:32:02,T5,Team T5,117,dE54owp4,nV7d=
dNgL5iFZ.98,11:32:02,T5,Team T5,117,8DOdrtg3U,fRdwhDm1==
dNgL5iFZ.99,11:32:02,T5,Team T5,118,LKCwjMJy8,SY1Q9Yb42iNNb9
dNgL5iFZ.100,11:32:02,T5,Team T5,118,LKCwjMJy8,SY1Q93_C==
dNgL5iFZ.101,11:32:02,T5,Team T5,118,LKCwjMJy8,SY1Q9Z0TS7
dNgL5iFZ.102,11:32:02,T5,Team T5,118,LKCwjMJy8,SY1Q9YFIa0_WiOva==
dNgL5iFZ.103,11:32:02,T5,Team T5,118,EIAkcGNO8Rt,0VIi_
dNgL5iFZ.104,11:32:02,T5,Team T5,118,LKCwjMJy8,SY1Q9YGxdjCxq0HnPuU3==
dNgL5iFZ.105,11:32:02,T5,Team T5,118,LKCwjMJy8,SY1Q9WNS2cBUdjyg=
dNgL5iFZ.106,11:32:02,T5,Team T5,118,EIAkcGNO8Rt,SY1Q94YS7cxwz1Am=
dNgL5iFZ.107,11:32:02,T5,Team T5,118,LKCwjMJy8,SY1Q9ZFM==
dNgL5iFZ.108,11:32:02,T5,Team T5,119,pRUmG4IxS,w5jHwk3IKcifXwXM==
dNgL5iFZ.109,11:32:02,T5,Team T5,119,pRUmG4IxS,w5jHwgHR==
dNgL5iFZ.110,11:32:02,T5,Team T5,119,iPSazYMNSgh,E64GA62C7mxpS
dNgL5iFZ.111,11:32:02,T5,Team T5,119,pRUmG4IxS,w5jHwkRLPIrW==
dNgL5iFZ.112,11:32:02,T5,Team T5,120,zUO0VC9,M7Z9RF9IBB8==
dNgL5iFZ.113,11:32:02,T5,Team T5,120,KUQO5U3B,M7Z9Y1XFL1lYM3TXm=
dNgL5iFZ.114,11:32:02,T5,Team T5,120,yRxL1LYQOz5,M7Z9Y4h4TJdIRA9VCV
dNgL5iFZ.115,11:32:02,T5,Team T5,120,yRxL1LYQOz5,M7Z9Y9YRJvt_z548nANi==
dNgL5iFZ.116,11:32:02,T5,Team T5,120,yRxL1LYQOz5,U5_TbCQPvxo==
dNgL5iFZ.117,11:32:02,T5,Team T5,120,yRxL1LYQOz5,M7Z9Y78VQWmtyB
dNgL5iFZ.118,11:32:02,T5,Team T5,120,yRxL1LYQOz5,M7Z9Y3RPMA2WtFVZE=
dNgL5iFZ.119,11:32:02,T5,Team T5,120,KUQO5U3B,U4KOfMiPQ0bLR
dNgL5iFZ.120,11:32:02,T5,Team T5,121,cYl5U4XlxYT,yStpS
dNgL5iFZ.121,11:32:02,T5,Team T5,121,cYl5U4XlxYT,yTmi2fbjNt5r=
dNgL5iFZ.122,11:32:02,T5,Team T5,121,j0nh1aT5x,qeNuRkQ3==
dNgL5iFZ.123,11:32:02,T5,Team T5,121,cYl5U4XlxYT,yamA7
dNgL5iFZ.124,11:32:02,T5,Team T5,121,cYl5U4XlxYT,qeNuRqn9==
dNgL5iFZ.125,11:32:02,T5,Team T5,121,j0nh1aT5x,qeNuRkoaH03r==
dNgL5iFZ.126,11:32:02,T5,Team T5,121,cYl5U4XlxYT,yQQ3=
dNgL5iFZ.127,11:32:02,T5,Team T5,122,P5DVgmrQLSH,3l5ldKuURbckROMQb=
dNgL5iFZ.128,11:32:02,T5,Team T5,122,18WYkvwB,bZEgctxA0jT7=
dNgL5iFZ.129,11:32:02,T5,Team T5,122,18WYkvwB,b4Nlfqo6Ba==
dNgL5iFZ.130,11:32:02,T5,Team T5,123,AftXgKm5u,HtTc6Vu5vQ
dNgL5iFZ.131,11:32:02,T5,Team T5,123,FgKOdNv6,P2uRkBk9y5O==
dNgL5iFZ.132,11:32:02,T5,Team T5,124,jn2E56YA,tpfD=
dNgL5iFZ.133,11:32:02,T5,Team T5,124,emLN83Pze,lAb3YeYUfmz6VnecdG
dNgL5iFZ.134,11:32:02,T5,Team T5,124,emLN83Pze,lAb3YeNIX=
dNgL5iFZ.135,11:32:02,T5,Team T5,124,emLN83Pze,lAb3YgjW8olHyj
dNgL5iFZ.136,11:32:02,T5,Team T5,124,jn2E56YA,lAb3YkYT==
dNgL5iFZ.137,11:32:02,T5,Team T5,124,7kJB1XTPeaj,tk_Ab2==
dNgL5iFZ.138,11:32:02,T5,Team T5,124,jn2E56YA,lAb3Yh2MXuK3zg
dNgL5iFZ.139,11:32:02,T5,Team T5,125,LuOGi63,YHZUe5MQL0U==
dNgL5iFZ.140,11:32:02,T5,Team T5,126,A58jkGq4,K72kq
dNgL5iFZ.141,11:32:02,T5,Team T5,127,ddWDdZpz,n8HFdJi==
dNgL5iFZ.142,11:32:02,T5,Team T5,127,8cFMgWgyr,fq556cfyg=
dNgL5iFZ.143,11:32:02,T5,Team T5,127,1aDA9QkOrme,n22BePpIvzcPdFr==
dNgL5iFZ.144,11:32:02,T5,Team T5,127,8cFMgWgyr,fq556cmybAiWUx
dNgL5iFZ.145,11:32:02,T5,Team T5,127,ddWDdZpz,n5T70Qs==
dNgL5iFZ.146,11:32:02,T5,Team T5,127,1aDA9QkOrme,n18F47y==
dNgL5iFZ.147,11:32:02,T5,Team T5,127,8cFMgWgyr,fq5569H0s=
dNgL5iFZ.148,11:32:02,T5,Team T5,127,8cFMgWgyr,fq556cGAbE
dNgL5iFZ.149,11:32:02,T5,Team T5,127,8cFMgWgyr,fq5567ILuss0QBqONV
dNgL5iFZ.150,11:32:02,T5,Team T5,128,FhVqw8Njag2,TxnWtwFgh=
dNgL5iFZ.151,11:32:02,T5,Team T5,128,RketAhS4,16lwIeH12Al==
dNgL5iFZ.152,11:32:02,T5,Team T5,128,MjXCDeJ3a,TxnWtuNinip9ZVEdz=
dNgL5iFZ.153,11:32:02,T5,Team T5,128,RketAhS4,1mop_01m2mkkYTO==
dNgL5iFZ.154,11:32:02,T5,Team T5,129,pqfsvwIyU,wEFNlIHZJtPiTc
dNgL5iFZ.155,11:32:02,T5,Team T5,130,LtaoUS36,NGkJN2ap==
dNgL5iFZ.156,11:32:02,T5,Team T5,130,zqRlQJYlkYE,NGkJN7io2YQL0tgg==
dNgL5iFZ.157,11:32:02,T5,Team T5,130,LtaoUS36,NGkJN32i9_8oKyen6N
dNgL5iFZ.158,11:32:02,T5,Team T5,130,At8AKA9,NGkJGRWrn5ID0N4GP==
dNgL5iFZ.159,11:32:02,T5,Team T5,130,zqRlQJYlkYE,NGkJN6Zhr7OODy2=
dNgL5iFZ.160,11:32:02,T5,Team T5,130,LtaoUS36,NGkJN4ZfjpGr3F
dNgL5iFZ.161,11:32:02,T5,Team T5,130,At8AKA9,NGkJGOjuglZK0
dNgL5iFZ.162,11:32:02,T5,Team T5,130,zqRlQJYlkYE,Vgmv3LTsv0IFG
dNgL5iFZ.163,11:32:02,T5,Team T5,130,LtaoUS36,VDd==
dNgL5iFZ.164,11:32:02,T5,Team T5,131,cxGbd2XQ4Rs,yCMavfQN1Up==
dNgL5iFZ.165,11:32:02,T5,Team T5,131,cxGbd2XQ4Rs,ywLnbeZS=
dNgL5iFZ.166,11:32:02,T5,Team T5,131,jzInk8TA4,qN9Aai4V2OyRKNv5==
dNgL5iFZ.167,11:32:02,T5,Team T5,131,oAZehb2B,qN9Aam4zT7NO==
dNgL5iFZ.168,11:32:02,T5,Team T5,131,cxGbd2XQ4Rs,qN9Aal5zbWK4==
dNgL5iFZ.169,11:32:02,T5,Team T5,132,2Hh49tv5,4Urr2GxdDur88z
dNgL5iFZ.170,11:32:02,T5,Team T5,132,QEY15kqkNhg,c_a9YuCv2id==
dNgL5iFZ.171,11:32:02,T5,Team T5,132,QEY15kqkNhg,4Urr2GEBJmdWXFik1x
dNgL5iFZ.172,11:32:02,T5,Team T5,132,2Hh49tv5,cDn91cFjv
dNgL5iFZ.173,11:32:02,T5,Team T5,132,2Hh49tv5,4Urr2FMrRkiU0I
dNgL5iFZ.174,11:32:02,T5,Team T5,132,XG0dcqm4N,4Urr2AByur
dNgL5iFZ.175,11:32:02,T5,Team T5,132,2Hh49tv5,4Urr2IJbwig7E3fmTo
dNgL5iFZ.176,11:32:02,T5,Team T5,132,2Hh49tv5,4Urr2Gi8xmdWIPVEa8
dNgL5iFZ.177,11:32:02,T5,Team T5,132,2Hh49tv5,cv9j5vx7xsLK=
dNgL5iFZ.178,11:32:02,T5,Team T5,133,tMMQYCpPxa4,H2fhV0iDpg1Ck6Ip==
dNgL5iFZ.179,11:32:02,T5,Team T5,133,FP5T2LuA,H2fhVWCAka_ty_
dNgL5iFZ.180,11:32:02,T5,Team T5,133,AOO25Ilzx,H2fhVSDCByly==
dNgL5iFZ.181,11:32:02,T5,Team T5,133,AOO25Ilzx,H2fhVSNxybjJ8=
dNgL5iFZ.182,11:32:02,T5,Team T5,133,tMMQYCpPxa4,PCh6Z
dNgL5iFZ.183,11:32:02,T5,Team T5,133,tMMQYCpPxa4,PSgdROwSr
dNgL5iFZ.184,11:32:02,T5,Team T5,133,FP5T2LuA,PHeTVDsZpA5g=
dNgL5iFZ.185,11:32:02,T5,Team T5,133,tMMQYCpPxa4,H2fhVVrRo8
dNgL5iFZ.186,11:32:02,T5,Team T5,133,FP5T2LuA,PKYhYQGOmicc=
dNgL5iFZ.187,11:32:02,T5,Team T5,133,tMMQYCpPxa4,PXlYfJMSmoifnXJ==
dNgL5iFZ.188,11:32:02,T5,Team T5,134,ep6Ss1O4g,lDx8idVBXdXP2=
dNgL5iFZ.189,11:32:02,T5,Team T5,134,7n4GlVSkg3S,tApHmKQ==
dNgL5iFZ.190,11:32:02,T5,Team T5,134,jqnJp4X5,tnmG=
dNgL5iFZ.191,11:32:02,T5,Team T5,134,ep6Ss1O4g,lDx8icV6h=
dNgL5iFZ.192,11:32:02,T5,Team T5,134,7n4GlVSkg3S,lDx8ihRbth1K==
dNgL5iFZ.193,11:32:02,T5,Team T5,134,7n4GlVSkg3S,tIvNChXm3u_Sk
dNgL5iFZ.194,11:32:02,T5,Team T5,134,7n4GlVSkg3S,tq92zR6==
dNgL5iFZ.195,11:32:02,T5,Team T5,135,sxb3hmXA,Cso8lefSfpj95hz==
dNgL5iFZ.196,11:32:02,T5,Team T5,135,hx9f743,uKlt34U6UF7==
dNgL5iFZ.197,11:32:02,T5,Team T5,135,sxb3hmXA,CEq9ur7ycqfo7tj==
dNgL5iFZ.198,11:32:02,T5,Team T5,135,hx9f743,uKlt3sVzMtmDltybe
dNgL5iFZ.199,11:32:02,T5,Team T5,136,6FtTaEq5,gtC7b
dNgL5iFZ.200,11:32:02,T5,Team T5,136,6FtTaEq5,8SDk3TC7uw
dNgL5iFZ.201,11:32:02,T5,Team T5,137,yJYGsOOitfM,USmG=
dNgL5iFZ.202,11:32:02,T5,Team T5,137,FL0SzUK2t,MZrbp61jagW24r
dNgL5iFZ.203,11:32:02,T5,Team T5,137,yJYGsOOitfM,U5hVkR2==
dNgL5iFZ.204,11:32:02,T5,Team T5,137,yJYGsOOitfM,US3UFXPfneTH=
dNgL5iFZ.205,11:32:02,T5,Team T5,137,KMhJwXT3,UDeUF9cnB
dNgL5iFZ.206,11:32:02,T5,Team T5,138,bQgwl6NNdFA,xPpDmpKKj
dNgL5iFZ.207,11:32:02,T5,Team T5,138,nTzzpfSy,xTm==
dNgL5iFZ.208,11:32:02,T5,Team T5,138,bQgwl6NNdFA,xIB1raJR5RT==
dNgL5iFZ.209,11:32:02,T5,Team T5,138,bQgwl6NNdFA,x2hxplKW2
dNgL5iFZ.210,11:32:02,T5,Team T5,138,bQgwl6NNdFA,x3lHA_Sx=
dNgL5iFZ.211,11:32:02,T5,Team T5,138,iSiIscJxd,p6J2itPAs=
dNgL5iFZ.212,11:32:02,T5,Team T5,138,nTzzpfSy,xFsEj3L==
dNgL5iFZ.213,11:32:02,T5,Team T5,138,iSiIscJxd,p6J2ip5xWRDc1KnJ==
dNgL5iFZ.214,11:32:02,T5,Team T5,139,PX4ldogiWyp,b4kzgsuw2GB3m
dNgL5iFZ.215,11:32:02,T5,Team T5,139,WZ6xkuc2W,3dxSaKn24U
dNgL5iFZ.216,11:32:02,T5,Team T5,139,PX4ldogiWyp,bfin=
dNgL5iFZ.217,11:32:02,T5,Team T5,140,h21uek36,jfcP7z69f=
dNgL5iFZ.218,11:32:02,T5,Team T5,140,5ZIrabYlmnd,jfcP7vYsbxBHmqqlTTh==
dNgL5iFZ.219,11:32:02,T5,Team T5,140,h21uek36,jfcP7uR8Aybzx_c=
dNgL5iFZ.220,11:32:02,T5,Team T5,140,h21uek36,jfcP7w5emkHpnucDVUre==
dNgL5iFZ.221,11:32:02,T5,Team T5,140,62ZG429,jfcP0kni4m_vqEm=
dNgL5iFZ.222,11:32:02,T5,Team T5,140,62ZG429,jfcP0jbgjjiJJ
dNgL5iFZ.223,11:32:02,T5,Team T5,140,5ZIrabYlmnd,jfcP7r27d=
dNgL5iFZ.224,11:32:02,T5,Team T5,140,5ZIrabYlmnd,jfcP7yWwkwlIptHj==
dNgL5iFZ.225,11:32:02,T5,Team T5,141,U9jj6DwB,4b2M=
dNgL5iFZ.226,11:32:02,T5,Team T5,141,I60g2urQ6h1,WmuFZRM2NxbdyK
dNgL5iFZ.227,11:32:02,T5,Team T5,142,ygB9ZVv6,I3ig=
dNgL5iFZ.228,11:32:02,T5,Team T5,142,ygB9ZVv6,Icqi=
dNgL5iFZ.229,11:32:02,T5,Team T5,142,ygB9ZVv6,IrkDUUAe_neKM
dNgL5iFZ.230,11:32:02,T5,Team T5,142,mdi6VMqlQaP,AtMwS9EAEt0Dqpyy=
dNgL5iFZ.231,11:32:02,T5,Team T5,142,ygB9ZVv6,AtMwS7ieAu7GrDqo==
dNgL5iFZ.232,11:32:02,T5,Team T5,142,mdi6VMqlQaP,IrldPBi5Mi_w=
dNgL5iFZ.233,11:32:02,T5,Team T5,142,mdi6VMqlQaP,AtMwS6DBXz8kJ
dNgL5iFZ.234,11:32:02,T5,Team T5,143,0P6Wh4TkzzD,e5AneqV3Ov3sz=
dNgL5iFZ.235,11:32:02,T5,Team T5,143,cSpZldY5,e5AnepP2==
dNgL5iFZ.236,11:32:02,T5,Team T5,143,7R88oaP4z,e5Anel65sU
dNgL5iFZ.237,11:32:02,T5,Team T5,143,7R88oaP4z,e5AnelNAoQDuy
dNgL5iFZ.238,11:32:02,T5,Team T5,143,cSpZldY5,e5AnenXbyJGw==
dNgL5iFZ.239,11:32:02,T5,Team T5,144,PZIjewXA,RcTI7HdBdzOScjfk==
dNgL5iFZ.240,11:32:02,T5,Team T5,144,PZIjewXA,RcTI7JKJkJuXd=
dNgL5iFZ.241,11:32:02,T5,Team T5,144,KYrshtOzj,RcTI7F_37L
dNgL5iFZ.242,11:32:02,T5,Team T5,145,t6w96Oq4,DUM6g0v7o
dNgL5iFZ.243,11:32:02,T5,Team T5,145,i6ulWww,vjHzSHpmEHRex
dNgL5iFZ.244,11:32:02,T5,Team T5,145,i6ulWww,vjHzSCd5hDGufxsB=
dNgL5iFZ.245,11:32:02,T5,Team T5,145,t6w96Oq4,DWp6=
dNgL5iFZ.246,11:32:02,T5,Team T5,146,1dx7w3gyg,8rZpmepUsLNmdM
dNgL5iFZ.247,11:32:02,T5,Team T5,146,1dx7w3gyg,8rZpmhdB4ZN3dJKsiaE8==
dNgL5iFZ.248,11:32:02,T5,Team T5,146,UbvVpXkOgLx,gcL3AaIA5VQ=
dNgL5iFZ.249,11:32:02,T5,Team T5,146,UbvVpXkOgLx,gpBVj4JR8QAjy
dNgL5iFZ.250,11:32:02,T5,Team T5,146,1dx7w3gyg,8rZpmgwJpUL0rHu9Q=
dNgL5iFZ.251,11:32:02,T5,Team T5,146,1dx7w3gyg,8rZpmfzBe0
dNgL5iFZ.252,11:32:02,T5,Team T5,146,1dx7w3gyg,8rZpmiGK23J5==
dNgL5iFZ.253,11:32:02,T5,Team T5,146,1dx7w3gyg,8rZpmdeCbUM5==
dNgL5iFZ.254,11:32:02,T5,Team T5,146,1dx7w3gyg,8rZpmfADhYH4mAvl1as8==
dNgL5iFZ.255,11:32:02,T5,Team T5,146,1dx7w3gyg,8rZpmduO8Iwl==
dNgL5iFZ.256,11:32:02,T5,Team T5,147,FklXpmJ3Z,MyNgfz03VGo==
dNgL5iFZ.257,11:32:02,T5,Team T5,147,KlCOmpS4,UvGOrxJ2W
dNgL5iFZ.258,11:32:02,T5,Team T5,147,FklXpmJ3Z,MyNgfx2dZJCAwyaN=
dNgL5iFZ.259,11:32:02,T5,Team T5,147,FklXpmJ3Z,MyNgfAT7==
dNgL5iFZ.260,11:32:02,T5,Team T5,147,KlCOmpS4,Ukj8e
dNgL5iFZ.261,11:32:02,T5,Team T5,147,KlCOmpS4,UsF==
dNgL5iFZ.262,11:32:02,T5,Team T5,149,WzrDEWc3s,3NTYueedd1rA2R3r1=
dNgL5iFZ.263,11:32:02,T5,Team T5,149,WzrDEWc3s,3NTYu6da9Z7uYaku==
dNgL5iFZ.264,11:32:02,T5,Team T5,149,WzrDEWc3s,3NTYuehex0kSNW9Jnx
dNgL5iFZ.265,11:32:02,T5,Team T5,149,WzrDEWc3s,3NTYu6tlgl6HU=
dNgL5iFZ.266,11:32:02,T5,Team T5,150,5y3wZEYQTgM,rscCft96=
dNgL5iFZ.267,11:32:02,T5,Team T5,150,5y3wZEYQTgM,jOyUWYoV_y3iE_tHx
dNgL5iFZ.268,11:32:02,T5,Team T5,150,hBmz3N3B,jOyUW01RPFJlRvFWm1yv==
dNgL5iFZ.269,11:32:02,T5,Team T5,150,5y3wZEYQTgM,r_CB9
dNgL5iFZ.270,11:32:02,T5,Team T5,150,6BkLTv9,jOyUP0c6=
dNgL5iFZ.271,11:32:02,T5,Team T5,151,Qbnyt2n5C,XpQLjcErHDP3qEVFTNu==
dNgL5iFZ.272,11:32:02,T5,Team T5,151,J9lmmWrlCGA,5qlPiQvfR1VT=
dNgL5iFZ.273,11:32:02,T5,Team T5,152,mg9ceeqQmzo,I_jzcuyC
dNgL5iFZ.274,11:32:02,T5,Team T5,152,mg9ceeqQmzo,AwECbADKhx
dNgL5iFZ.275,11:32:02,T5,Team T5,152,yjsfinvB,IhuFm7E==
dNgL5iFZ.276,11:32:02,T5,Team T5,152,mg9ceeqQmzo,ImqxomBM=
dNgL5iFZ.277,11:32:02,T5,Team T5,152,yjsfinvB,IkHc63MMfPOrwzd==
dNgL5iFZ.278,11:32:02,T5,Team T5,152,mg9ceeqQmzo,IlswcCi==
dNgL5iFZ.279,11:32:02,T5,Team T5,152,mg9ceeqQmzo,Ief==
dNgL5iFZ.280,11:32:02,T5,Team T5,152,mg9ceeqQmzo,Iiiu=
dNgL5iFZ.281,11:32:02,T5,Team T5,153,0orw7wTk5sc,eEWX4SX30HEsBUscMr
dNgL5iFZ.282,11:32:02,T5,Team T5,153,crKzbFY5,mgyu=
dNgL5iFZ.283,11:32:02,T5,Team T5,153,crKzbFY5,eEWX4UR8==
dNgL5iFZ.284,11:32:02,T5,Team T5,153,crKzbFY5,mrQw4y4yVMp9Rz==
dNgL5iFZ.285,11:32:02,T5,Team T5,153,0orw7wTk5sc,muVB7tLc=
dNgL5iFZ.286,11:32:02,T5,Team T5,153,0orw7wTk5sc,eEWX4TSo==
dNgL5iFZ.287,11:32:02,T5,Team T5,153,0orw7wTk5sc,mJNV4pU2lI9==
dNgL5iFZ.288,11:32:02,T5,Team T5,153,0orw7wTk5sc,eEWX4SkgW=
dNgL5iFZ.289,11:32:02,T5,Team T5,153,crKzbFY5,eEWX4U5ulLqjnEzq==
dNgL5iFZ.290,11:32:02,T5,Team T5,153,0orw7wTk5sc,mp_Sqm3skrmoS
dNgL5iFZ.291,11:32:02,T5,Team T5,154,9vJltPSPPS0,vt_ljU5O18s3H
dNgL5iFZ.292,11:32:02,T5,Team T5,154,ly2oxYXA,vTWJCF_CW14Lt4W==
dNgL5iFZ.293,11:32:02,T5,Team T5,154,gxLxAVOzP,nLeNq8Y6XavOT=
dNgL5iFZ.294,11:32:02,T5,Team T5,154,ly2oxYXA,vMbzDVRERft7=
dNgL5iFZ.295,11:32:02,T5,Team T5,154,9vJltPSPPS0,vv1zN
dNgL5iFZ.296,11:32:02,T5,Team T5,155,NCxbm7lkzLO,1S2EjuD6v6Lqymx3ka
dNgL5iFZ.297,11:32:02,T5,Team T5,155,OFOqgYw,1S2Ec1DxC4Oj=
dNgL5iFZ.298,11:32:02,T5,Team T5,155,UEzntdh4z,1S2EjogBwU4lq
dNgL5iFZ.299,11:32:02,T5,Team T5,156,rKP1epkjiE6,NC9kjuy74Cx=
dNgL5iFZ.300,11:32:02,T5,Team T5,156,DN84iyp4,NY3fyzlj_D9==
dNgL5iFZ.301,11:32:02,T5,Team T5,156,yMRdlvg3i,F0kvbHA8p=
dNgL5iFZ.302,11:32:02,T5,Team T5,156,rKP1epkjiE6,NT88aDqd
dNgL5iFZ.303,11:32:02,T5,Team T5,156,DN84iyp4,F0kvbNAmd=
dNgL5iFZ.304,11:32:02,T5,Team T5,156,yMRdlvg3i,F0kvbFp9_PjPm=
dNgL5iFZ.305,11:32:02,T5,Team T5,156,yMRdlvg3i,F0kvbKfd4Pxtm=
dNgL5iFZ.306,11:32:02,T5,Team T5,156,DN84iyp4,F0kvbMFf4S
dNgL5iFZ.307,11:32:02,T5,Team T5,156,rKP1epkjiE6,NY5wort5bAh2h
dNgL5iFZ.308,11:32:02,T5,Team T5,157,4RERBINO23U,qOR3KzM0O3WB
dNgL5iFZ.309,11:32:02,T5,Team T5,157,4RERBINO23U,q_K==
dNgL5iFZ.310,11:32:02,T5,Team T5,158,U1fex9R3,4W0wN4U=
dNgL5iFZ.311,11:32:02,T5,Team T5,158,P0YnA6I2L,WerHqhObLmJSN=
dNgL5iFZ.312,11:32:02,T5,Team T5,158,U1fex9R3,4PduwmccG_F=
dNgL5iFZ.313,11:32:02,T5,Team T5,158,U1fex9R3,4kXBG5YlM
dNgL5iFZ.314,11:32:02,T5,Team T5,158,IYWbt0MiLXI,WerHqoI9S7Rd2s
dNgL5iFZ.315,11:32:02,T5,Team T5,158,P0YnA6I2L,WerHqjVnMeV3VsUY==
dNgL5iFZ.316,11:32:02,T5,Team T5,158,P0YnA6I2L,WerHqi2o0=
dNgL5iFZ.317,11:32:02,T5,Team T5,158,P0YnA6I2L,WerHqj3hVgVVPNG82=
dNgL5iFZ.318,11:32:02,T5,Team T5,158,U1fex9R3,497nObSbC0Yo=
dNgL5iFZ.319,11:32:02,T5,Team T5,159,x933qrky,HVe8=
dNgL5iFZ.320,11:32:02,T5,Team T5,159,s8Mctobxv,zmfxjBkPo5wui=
dNgL5iFZ.321,11:32:02,T5,Team T5,159,l6K0mifNvQw,HfQ7ewn==
dNgL5iFZ.322,11:32:02,T5,Team T5,159,s8Mctobxv,zmfxjzoZw=
dNgL5iFZ.323,11:32:02,T5,Team T5,159,s8Mctobxv,zmfxjziB==
dNgL5iFZ.324,11:32:02,T5,Team T5,159,x933qrky,HiVlA8uHtZvrh
dNgL5iFZ.325,11:32:02,T5,Team T5,160,CBoCiCYQVFk,QRU0fY4_UGssO=
dNgL5iFZ.326,11:32:02,T5,Team T5,160,OEHFmL3B,YzqQvYhAO5xDLjN==
dNgL5iFZ.327,11:32:02,T5,Team T5,160,CBoCiCYQVFk,QRU0fUdE==
dNgL5iFZ.328,11:32:02,T5,Team T5,160,OEHFmL3B,YrLMdYiZ14nDZ
dNgL5iFZ.329,11:32:02,T5,Team T5,160,CBoCiCYQVFk,YvuOkAXX6Kh==
dNgL5iFZ.330,11:32:02,T5,Team T5,160,OEHFmL3B,QRU0f0mU==
dNgL5iFZ.331,11:32:02,T5,Team T5,160,CBoCiCYQVFk,YH_GrLQD7aonCuN==
dNgL5iFZ.332,11:32:02,T5,Team T5,160,OEHFmL3B,YECVxyY=
dNgL5iFZ.333,11:32:02,T5,Team T5,160,DEFRct9,QRU08t3E4XsrKuH8=
dNgL5iFZ.334,11:32:02,T5,Team T5,161,fIGsbUrlFz8,B3_F41HdLyg4Tq==
dNgL5iFZ.335,11:32:02,T5,Team T5,161,fIGsbUrlFz8,tYcR8iRxDybX==
dNgL5iFZ.336,11:32:02,T5,Team T5,161,rLZvf3w6,tYcR8bK_m18eSBmOsA
dNgL5iFZ.337,11:32:02,T5,Team T5,161,fIGsbUrlFz8,BKYU=
dNgL5iFZ.338,11:32:02,T5,Team T5,161,rLZvf3w6,tYcR8fz3==
dNgL5iFZ.339,11:32:02,T5,Team T5,161,rLZvf3w6,BSM==
dNgL5iFZ.340,11:32:02,T5,Team T5,161,mKIEi0n5F,tYcR8aj6I=
dNgL5iFZ.341,11:32:02,T5,Team T5,162,5SNO7lv5,f0OSjyx55kjAMdT==
dNgL5iFZ.342,11:32:02,T5,Team T5,162,0RwXaim4o,750b0sEo==
dNgL5iFZ.343,11:32:02,T5,Team T5,162,TPuL3cqkoYX,fFxRawO9a
dNgL5iFZ.344,11:32:02,T5,Team T5,162,5SNO7lv5,fQAcUbLarZWn=
dNgL5iFZ.345,11:32:02,T5,Team T5,162,5SNO7lv5,fNG8l2rrql1hM
dNgL5iFZ.346,11:32:02,T5,Team T5,162,TPuL3cqkoYX,fYM9i5Bi=
dNgL5iFZ.347,11:32:02,T5,Team T5,162,TPuL3cqkoYX,fWLSroto=
dNgL5iFZ.348,11:32:02,T5,Team T5,162,TPuL3cqkoYX,fNu==
dNgL5iFZ.349,11:32:02,T5,Team T5,162,TPuL3cqkoYX,750b0uOlB0
dNgL5iFZ.350,11:32:02,T5,Team T5,163,wXMBqvTP8RL,S0_4EMW0R90Q
dNgL5iFZ.351,11:32:02,T5,Team T5,163,I05EuEYA,S7QKrwMB5
dNgL5iFZ.352,11:32:02,T5,Team T5,163,wXMBqvTP8RL,S2QIz
dNgL5iFZ.353,11:32:02,T5,Team T5,163,wXMBqvTP8RL,S51Qs
dNgL5iFZ.354,11:32:02,T5,Team T5,163,DZONxBPz8,Kdi2nLYOUUMJ5=
dNgL5iFZ.355,11:32:02,T5,Team T5,163,DZONxBPz8,Kdi2nLM5b=
dNgL5iFZ.356,11:32:02,T5,Team T5,163,I05EuEYA,SRZWCrfOSjJ71z==
dNgL5iFZ.357,11:32:02,T5,Team T5,163,I05EuEYA,SPVOjEL==
dNgL5iFZ.358,11:32:02,T5,Team T5,163,I05EuEYA,Sa_BrA6OW7d9=
dNgL5iFZ.359,11:32:02,T5,Team T5,164,m7TunWX5,wdMAfSXjZZELq
dNgL5iFZ.360,11:32:02,T5,Team T5,164,a4ArjNSkRLz,ok6Tg7fjO5UxaYV==
dNgL5iFZ.361,11:32:02,T5,Team T5,164,m7TunWX5,ok6Tg7cm33OClK0Gx2
dNgL5iFZ.362,11:32:02,T5,Team T5,164,h6CDqTO4R,ok6Tg5X9A8RM=
dNgL5iFZ.363,11:32:02,T5,Team T5,165,NbShb5lPBan,94bgigDHzjNd_7E==
dNgL5iFZ.364,11:32:02,T5,Team T5,165,ZebkfeqA,93XhxtgQD
dNgL5iFZ.365,11:32:02,T5,Team T5,165,Oe9w5Ww,1roK1rd==
dNgL5iFZ.366,11:32:02,T5,Team T5,165,UdUtibhzB,1roK8opNlB
dNgL5iFZ.367,11:32:02,T5,Team T5,165,UdUtibhzB,1roK8prVAvqd9t
dNgL5iFZ.368,11:32:02,T5,Team T5,165,ZebkfeqA,9j1r8bz==
dNgL5iFZ.369,11:32:02,T5,Team T5,165,ZebkfeqA,1roK8twQzuRlh=
dNgL5iFZ.370,11:32:02,T5,Team T5,165,ZebkfeqA,98lLk8qMk7Rkd
dNgL5iFZ.371,11:32:02,T5,Team T5,166,DmtaCwp4,FzGBvLd71a7N5rkGb=
dNgL5iFZ.372,11:32:02,T5,Team T5,166,ylcjFtg3k,FzGBvFDa30Zq8o
dNgL5iFZ.373,11:32:02,T5,Team T5,166,rja7ynkjk3F,Nfq==
dNgL5iFZ.374,11:32:02,T5,Team T5,166,ylcjFtg3k,FzGBvFnj3b
dNgL5iFZ.375,11:32:02,T5,Team T5,166,DmtaCwp4,NCDjVhlfhn9rt_8==
dNgL5iFZ.376,11:32:02,T5,Team T5,166,DmtaCwp4,NFkaFws==
dNgL5iFZ.377,11:32:02,T5,Team T5,166,rja7ynkjk3F,Njeotuf9onaw7
dNgL5iFZ.378,11:32:02,T5,Team T5,166,rja7ynkjk3F,N_ztEepx
dNgL5iFZ.379,11:32:02,T5,Team T5,167,4qYqqGNO4Xt,qwmEw_SPYrM==
dNgL5iFZ.380,11:32:02,T5,Team T5,167,gthtuPSz,qt2DEILz6qw==
dNgL5iFZ.381,11:32:02,T5,Team T5,167,bs0CxMJy4,iGuVn18Fj=
dNgL5iFZ.382,11:32:02,T5,Team T5,167,gthtuPSz,qi_sIvQAPbVq=
dNgL5iFZ.383,11:32:02,T5,Team T5,167,gthtuPSz,qk1O=
dNgL5iFZ.384,11:32:02,T5,Team T5,167,gthtuPSz,qCjqsE4TS1w==
dNgL5iFZ.385,11:32:02,T5,Team T5,167,gthtuPSz,qpYKLyTCU7zq=
dNgL5iFZ.386,11:32:02,T5,Team T5,167,4qYqqGNO4Xt,qMhFyDF==
dNgL5iFZ.387,11:32:02,T5,Team T5,168,Pzisq4I3O,WNMMglPcNjjciuI==
dNgL5iFZ.388,11:32:02,T5,Team T5,168,Pzisq4I3O,WNMMgk1aRsxO==
dNgL5iFZ.389,11:32:02,T5,Team T5,168,Pzisq4I3O,WNMMgkXkwHlTcuUp6=
dNgL5iFZ.390,11:32:02,T5,Team T5,168,Pzisq4I3O,WNMMgfRn==
dNgL5iFZ.391,11:32:02,T5,Team T5,168,IxggjYMjOmh,WNMMgmR2PvpRY=
dNgL5iFZ.392,11:32:02,T5,Team T5,168,Pzisq4I3O,WNMMgeO1==
dNgL5iFZ.393,11:32:02,T5,Team T5,168,IxggjYMjOmh,4Ops=
dNgL5iFZ.394,11:32:02,T5,Team T5,168,Pzisq4I3O,WNMMgjYezuF14=
dNgL5iFZ.395,11:32:02,T5,Team T5,168,Pzisq4I3O,WNMMghXb_HpS1s5Bt_Gv==
dNgL5iFZ.396,11:32:02,T5,Team T5,169,tb6iMmb21,ApADCz9ddqforOd6G=
dNgL5iFZ.397,11:32:02,T5,Team T5,169,m946Fgfi1f5,IsafR7kxcmmBT
dNgL5iFZ.398,11:32:02,T5,Team T5,169,ycn9Jpk3,I8grAe7jN
dNgL5iFZ.399,11:32:02,T5,Team T5,169,m946Fgfi1f5,Igcdz9tm=
dNgL5iFZ.400,11:32:02,T5,Team T5,169,m946Fgfi1f5,I2qsIif41hjA2F==
dNgL5iFZ.401,11:32:02,T5,Team T5,169,m946Fgfi1f5,I7oaCqtyIGi==
dNgL5iFZ.402,11:32:02,T5,Team T5,169,tb6iMmb21,ApADCDc9g=
dNgL5iFZ.403,11:32:02,T5,Team T5,169,tb6iMmb21,ApADCwE31dht0WoOs=
dNgL5iFZ.404,11:32:02,T5,Team T5,169,ycn9Jpk3,I4w4Nen==
dNgL5iFZ.405,11:32:02,T5,Team T5,169,tb6iMmb21,ApADCwz7VrgzbH
dNgL5iFZ.406,11:32:02,T5,Team T5,170,CaJb84XlX4p,Qqgz5pQpJ0
dNgL5iFZ.407,11:32:02,T5,Team T5,170,Dd0q2V8,QqgzYj7vZnrYL7leM
dNgL5iFZ.408,11:32:02,T5,Team T5,170,Dd0q2V8,QqgzYpQwOyvZ=
dNgL5iFZ.409,11:32:02,T5,Team T5,171,rkk44vwB,txyqXJEPE_QQrmPF=
dNgL5iFZ.410,11:32:02,T5,Team T5,171,fh110mrQHYH,BB4ZWbHGK7E==
dNgL5iFZ.411,11:32:02,T5,Team T5,171,fh110mrQHYH,BrgqZIODBoU=
dNgL5iFZ.412,11:32:02,T5,Team T5,171,fh110mrQHYH,txyqXKx_MZGHtLPN==
dNgL5iFZ.413,11:32:02,T5,Team T5,171,fh110mrQHYH,txyqXHtSu8
dNgL5iFZ.414,11:32:02,T5,Team T5,171,rkk44vwB,Buje6cy3T6F9=
dNgL5iFZ.415,11:32:02,T5,Team T5,171,fh110mrQHYH,Bt7i0yPC=
dNgL5iFZ.416,11:32:02,T5,Team T5,171,mj3d7snAH,txyqXCjCIcNOkQHF1=
dNgL5iFZ.417,11:32:02,T5,Team T5,171,fh110mrQHYH,Bxiwl
dNgL5iFZ.418,11:32:02,T5,Team T5,172,TpPRnEqlURv,fmSixLKmXhPfm
dNgL5iFZ.419,11:32:02,T5,Team T5,172,5s8UrNv6,fqa5=
dNgL5iFZ.420,11:32:02,T5,Team T5,172,5s8UrNv6,7FmhkWkA6bPciud0ImPo==
dNgL5iFZ.421,11:32:02,T5,Team T5,172,TpPRnEqlURv,7FmhkZzk1=
dNgL5iFZ.422,11:32:02,T5,Team T5,172,5s8UrNv6,7FmhkWGrYm_cxgrg==
dNgL5iFZ.423,11:32:02,T5,Team T5,172,5s8UrNv6,fAQokvGAZTI==
dNgL5iFZ.424,11:32:02,T5,Team T5,172,5s8UrNv6,7Fmhk2iiT4
dNgL5iFZ.425,11:32:02,T5,Team T5,172,TpPRnEqlURv,7FmhkZmlL=
dNgL5iFZ.426,11:32:02,T5,Team T5,174,GDVx8fSkoa7,2Q1ErqMn7
dNgL5iFZ.427,11:32:02,T5,Team T5,175,wNwpyGq4,GInJo
dNgL5iFZ.428,11:32:02,T5,Team T5,175,lNuBoow,y0KPkqjz4x6bu
dNgL5iFZ.429,11:32:02,T5,Team T5,176,4U3SuWgyR,b8yak7Ax3XbotwiqW4
dNgL5iFZ.430,11:32:02,T5,Team T5,176,9VkJrZpz,b8yakekJGBHE==
dNgL5iFZ.431,11:32:02,T5,Team T5,177,Btjwg8NjAm2,XBtOf3FppEZorc==
dNgL5iFZ.432,11:32:02,T5,Team T5,177,Btjwg8NjAm2,XsqNz11==
dNgL5iFZ.433,11:32:02,T5,Team T5,177,IvlIneJ3A,PJQ1dtO1mN12yX
dNgL5iFZ.434,11:32:02,T5,Team T5,177,Btjwg8NjAm2,PJQ1dwIoPn0SbjSq8
dNgL5iFZ.435,11:32:02,T5,Team T5,177,IvlIneJ3A,PJQ1dsd9Izainvtw5Zs9==
dNgL5iFZ.436,11:32:02,T5,Team T5,178,qDUpGzRz,ALRKNmZR4u8VTyd==
dNgL5iFZ.437,11:32:02,T5,Team T5,178,lCDyJwIyk,sQ8SzMM5r=
dNgL5iFZ.438,11:32:02,T5,Team T5,178,qDUpGzRz,AxDlwo3y=
dNgL5iFZ.439,11:32:02,T5,Team T5,178,eABmCqMOkfQ,A_0GQ
dNgL5iFZ.440,11:32:02,T5,Team T5,178,qDUpGzRz,AwHm=
dNgL5iFZ.441,11:32:02,T5,Team T5,178,lCDyJwIyk,sQ8SzNTScyZX7fTT==
dNgL5iFZ.442,11:32:02,T5,Team T5,178,qDUpGzRz,sQ8SzOYB3iT5OwSOR3
dNgL5iFZ.443,11:32:02,T5,Team T5,178,lCDyJwIyk,sQ8SzL_Canc4Ip
dNgL5iFZ.444,11:32:02,T5,Team T5,179,ZKroCOb23,6YWJs5n73KEfKS8qjs6H==
dNgL5iFZ.445,11:32:02,T5,Team T5,179,ZKroCOb23,6YWJs2n8OVSCQK
dNgL5iFZ.446,11:32:02,T5,Team T5,180,8J4hX2XmuXY,uU5vP39eJkkKp
dNgL5iFZ.447,11:32:02,T5,Team T5,180,kMnk1b27,mZCFUmbdystW==
dNgL5iFZ.448,11:32:02,T5,Team T5,180,kMnk1b27,mZCFUk7pbXh2q=
dNgL5iFZ.449,11:32:02,T5,Team T5,180,8J4hX2XmuXY,uN7D=
dNgL5iFZ.450,11:32:02,T5,Team T5,180,kMnk1b27,uZ9M2bejHZh==
dNgL5iFZ.451,11:32:02,T5,Team T5,180,8J4hX2XmuXY,uU4t=
dNgL5iFZ.452,11:32:02,T5,Team T5,180,kMnk1b27,uMsuVa3hH
dNgL5iFZ.453,11:32:02,T5,Team T5,180,kMnk1b27,mZCFUoVqppZfOfBX9QLw==
dNgL5iFZ.454,11:32:02,T5,Team T5,180,9MlwRT8,mZCFN5V==
dNgL5iFZ.455,11:32:02,T5,Team T5,181,MQm7jkqkdng,8JF9lhpA=
dNgL5iFZ.456,11:32:02,T5,Team T5,181,YTFantv5,8_zkfBBf2
dNgL5iFZ.457,11:32:02,T5,Team T5,181,YTFantv5,06UwgCnmim
dNgL5iFZ.458,11:32:02,T5,Team T5,181,YTFantv5,06UwgBG6pyxmqF8ezJEq==
dNgL5iFZ.459,11:32:02,T5,Team T5,181,MQm7jkqkdng,8Zm==
dNgL5iFZ.460,11:32:02,T5,Team T5,181,YTFantv5,87K7fuA8XmoewLQ==
dNgL5iFZ.461,11:32:02,T5,Team T5,181,MQm7jkqkdng,06UwgBso==
dNgL5iFZ.462,11:32:02,T5,Team T5,181,YTFantv5,8XJrskL2akni=
dNgL5iFZ.463,11:32:02,T5,Team T5,181,YTFantv5,06UwgGk_9GHdKO
dNgL5iFZ.464,11:32:02,T5,Team T5,181,MQm7jkqkdng,8MMzivinhDj==
dNgL5iFZ.465,11:32:02,T5,Team T5,183,35sM5VSkG9S,pUIb
dNgL5iFZ.466,11:32:02,T5,Team T5,183,35sM5VSkG9S,hl0d2eOeokmO=
dNgL5iFZ.467,11:32:02,T5,Team T5,183,f8LP94X5,ptGT6UW3J9RJC
dNgL5iFZ.468,11:32:02,T5,Team T5,183,a7uYc1O4G,hl0d2dcm_d0SmqY2==
dNgL5iFZ.469,11:32:02,T5,Team T5,184,SfzFvmrA,UsO4oz_ACNHlCzDK==
dNgL5iFZ.470,11:32:02,T5,Team T5,184,SfzFvmrA,21xIw
dNgL5iFZ.471,11:32:02,T5,Team T5,184,SfzFvmrA,UsO4oxsXjEZ6N=
dNgL5iFZ.472,11:32:02,T5,Team T5,184,GcgCrdmPqzG,2nI8=
dNgL5iFZ.473,11:32:02,T5,Team T5,184,NeiOyjizq,UsO4owlCELVapI
dNgL5iFZ.474,11:32:02,T5,Team T5,184,GcgCrdmPqzG,UsO4oBlBiB78l=
dNgL5iFZ.475,11:32:02,T5,Team T5,185,wnRZoEq5,Gpy==
dNgL5iFZ.476,11:32:02,T5,Team T5,185,rmA8rBh49,yA6phNB70LLdaUC0fV
dNgL5iFZ.477,11:32:02,T5,Team T5,185,kkyWkvlk9su,GhN7zNz==
dNgL5iFZ.478,11:32:02,T5,Team T5,185,rmA8rBh49,yA6phOidcoL1=
dNgL5iFZ.479,11:32:02,T5,Team T5,185,wnRZoEq5,G9Q2fkLcaJrh=
dNgL5iFZ.480,11:32:02,T5,Team T5,185,kkyWkvlk9su,GgM2vCpA7Nyg43C==
dNgL5iFZ.481,11:32:02,T5,Team T5,185,rmA8rBh49,yA6phNIm6EvpV=
dNgL5iFZ.482,11:32:02,T5,Team T5,185,kkyWkvlk9su,yA6phQd2==
dNgL5iFZ.483,11:32:02,T5,Team T5,185,lnPbemw,yA6paplgatH==
dNgL5iFZ.484,11:32:02,T5,Team T5,186,5XoYjUKyT,cbUg94NS==
dNgL5iFZ.485,11:32:02,T5,Team T5,186,aYFPgXTz,k_x1ATTWJhB==
dNgL5iFZ.486,11:32:02,T5,Team T5,186,YVmMcOOOTli,k3nbecUFCtmKgub==
dNgL5iFZ.487,11:32:02,T5,Team T5,186,YVmMcOOOTli,k1u46J2FP
dNgL5iFZ.488,11:32:02,T5,Team T5,186,5XoYjUKyT,cbUg982GQ=
dNgL5iFZ.489,11:32:02,T5,Team T5,186,aYFPgXTz,k_oQmD2HAvl==
dNgL5iFZ.490,11:32:02,T5,Team T5,186,5XoYjUKyT,cbUg94VQPFzt3tlq==
dNgL5iFZ.491,11:32:02,T5,Team T5,187,N5XFDfS4,X50C=
dNgL5iFZ.492,11:32:02,T5,Team T5,187,B2ECz6NjDLA,XW0YMkP2L2AbZ
dNgL5iFZ.493,11:32:02,T5,Team T5,187,N5XFDfS4,Pic7wt6h==
dNgL5iFZ.494,11:32:02,T5,Team T5,187,B2ECz6NjDLA,XaHIGuMr=
dNgL5iFZ.495,11:32:02,T5,Team T5,187,B2ECz6NjDLA,XeMY=
dNgL5iFZ.496,11:32:02,T5,Team T5,187,N5XFDfS4,X__O=
dNgL5iFZ.497,11:32:02,T5,Team T5,187,B2ECz6NjDLA,Xl5QOf1qx5F8
dNgL5iFZ.498,11:32:02,T5,Team T5,187,N5XFDfS4,Pic7wt7uJ3UkMY7CFnJ5==
dNgL5iFZ.499,11:32:02,T5,Team T5,187,N5XFDfS4,Pic7wtUozSEYhWgItJ
dNgL5iFZ.500,11:32:02,T5,Team T5,188,f9srrogimEp,BiyDrB8mbYxm
dNgL5iFZ.501,11:32:02,T5,Team T5,188,mbuDyuc2m,tp0XoLqhsWDG1=
dNgL5iFZ.502,11:32:02,T5,Team T5,188,f9srrogimEp,tp0XoM8aiYDIh=
dNgL5iFZ.503,11:32:02,T5,Team T5,188,f9srrogimEp,B7BrMAqyz1DrTdN==
dNgL5iFZ.504,11:32:02,T5,Team T5,188,rcLuvxl3,B7s==
dNgL5iFZ.505,11:32:02,T5,Team T5,188,rcLuvxl3,BrPzsgea=
dNgL5iFZ.506,11:32:02,T5,Team T5,188,mbuDyuc2m,tp0XoJH6==
dNgL5iFZ.507,11:32:02,T5,Team T5,189,4k3koQky,ef6==
dNgL5iFZ.508,11:32:02,T5,Team T5,189,ShKhkHfN6xd,eaK==
dNgL5iFZ.509,11:32:02,T5,Team T5,189,ZjMtrNbx6,6xiOhZxA1MeFL=
dNgL5iFZ.510,11:32:02,T5,Team T5,189,4k3koQky,er3ywKDv_Dg==
dNgL5iFZ.511,11:32:02,T5,Team T5,189,ZjMtrNbx6,6xiOhYrz4w
dNgL5iFZ.512,11:32:02,T5,Team T5,189,4k3koQky,eBQmDKd==
dNgL5iFZ.513,11:32:02,T5,Team T5,189,ShKhkHfN6xd,epLv=
dNgL5iFZ.514,11:32:02,T5,Team T5,190,9lFBalC,myXK6DJ7k
dNgL5iFZ.515,11:32:02,T5,Team T5,190,klHpkDwB,ulKtk
dNgL5iFZ.516,11:32:02,T5,Team T5,190,9lFBalC,myXK6GPFyPuHE8F21mt==
dNgL5iFZ.517,11:32:02,T5,Team T5,190,klHpkDwB,myXKdOzNrDSZUYMj
dNgL5iFZ.518,11:32:02,T5,Team T5,190,8iomgurQwnx,u9CBq
dNgL5iFZ.519,11:32:02,T5,Team T5,190,klHpkDwB,uezIbqtGp
dNgL5iFZ.520,11:32:02,T5,Team T5,191,MpGc9MqlggP,0FfB6aGn1g8vAm
dNgL5iFZ.521,11:32:02,T5,Team T5,191,YsZfdVv6,8maJ1MMd5mRbTwg==
dNgL5iFZ.522,11:32:02,T5,Team T5,191,YsZfdVv6,0FfB69v6hBe6=
dNgL5iFZ.523,11:32:02,T5,Team T5,191,YsZfdVv6,0FfB63wsYx5c==
dNgL5iFZ.524,11:32:02,T5,Team T5,191,YsZfdVv6,8_7geHto3gWu=
dNgL5iFZ.525,11:32:02,T5,Team T5,192,qxu2v4TQZFD,MHClGT2SUSQ==
dNgL5iFZ.526,11:32:02,T5,Team T5,193,zENmonSlJyr,V0N==
dNgL5iFZ.527,11:32:02,T5,Team T5,193,LH6pswX6,VShNyyZ8IOE==
dNgL5iFZ.528,11:32:02,T5,Team T5,193,GGPyvtO5J,NUmNlFZkBHRXch
dNgL5iFZ.529,11:32:02,T5,Team T5,193,LH6pswX6,VO3Jow6==
dNgL5iFZ.530,11:32:02,T5,Team T5,193,LH6pswX6,NUmNlJ9nsBzPn=
dNgL5iFZ.531,11:32:02,T5,Team T5,193,GGPyvtO5J,NUmNlD2nFBoQ7=
dNgL5iFZ.532,11:32:02,T5,Team T5,193,LH6pswX6,VTTtzsMfD
dNgL5iFZ.533,11:32:02,T5,Team T5,193,LH6pswX6,NUmNlGN9==
dNgL5iFZ.534,11:32:02,T5,Team T5,194,dfBcgFljssf,zi9qzZu3HHwX8Ap==
dNgL5iFZ.535,11:32:02,T5,Team T5,194,piUfkOq4,zeIFnSz==
dNgL5iFZ.536,11:32:02,T5,Team T5,194,piUfkOq4,rvaEd2rpeEib==
dNgL5iFZ.537,11:32:02,T5,Team T5,194,dfBcgFljssf,zAX==
dNgL5iFZ.538,11:32:02,T5,Team T5,194,khDonLh3s,rvaEdYl4atw_2=
dNgL5iFZ.539,11:32:02,T5,Team T5,195,RqagxOv,4DsutVAx_djB=
dNgL5iFZ.540,11:32:02,T5,Team T5,196,Gx0UApS4,IKgltEaeBG
dNgL5iFZ.541,11:32:02,T5,Team T5,198,LJNxLQgjS3X,7WRJJLv1=
dNgL5iFZ.542,11:32:02,T5,Team T5,198,SLPJSWc3S,ZZm3IdBk2c7B3mWhmk
dNgL5iFZ.543,11:32:02,T5,Team T5,198,SLPJSWc3S,ZZm3IcGeL3dhm7Nc==
dNgL5iFZ.544,11:32:02,T5,Team T5,198,XM6APZl4,73NH=
dNgL5iFZ.545,11:32:02,T5,Team T5,198,XM6APZl4,7QlO_Nm9=
dNgL5iFZ.546,11:32:02,T5,Team T5,198,XM6APZl4,7LcAZ6s7=
dNgL5iFZ.547,11:32:02,T5,Team T5,199,wS73KfbxC,D6EoAt9QCoWbXAEWnx
dNgL5iFZ.548,11:32:02,T5,Team T5,0,LOG_STOPPED,On JOSEPHJ-MYHP at 2015-10-16T18:32:02.333Z
