TpQIcQpa.1,12:10:36,T7,Team T7,0,LOG_STARTED,On JOSEPHJ-MYHP at 2015-10-16T19:10:36.770Z
TpQIcQpa.2,12:10:36,T7,Team T7,100,cfDeANB,psMnwPxb49Qormf7=
TpQIcQpa.3,12:10:36,T7,Team T7,100,cfDeANB,psMnw5ibb
TpQIcQpa.4,12:10:36,T7,Team T7,100,bcmZGWq5f3B,psMnDcvZjhODFbHg8Q
TpQIcQpa.5,12:10:36,T7,Team T7,100,bcmZGWq5f3B,psMnDhkc3u
TpQIcQpa.6,12:10:36,T7,Team T7,101,A8ApPOgN,ClHLI0pg3jjZ7pRwH1us==
TpQIcQpa.7,12:10:36,T7,Team T7,101,o5hmLFb20kg,ClHLI2y_SgAPgJWA==
TpQIcQpa.8,12:10:36,T7,Team T7,101,A8ApPOgN,ClHLIWeRR=
TpQIcQpa.9,12:10:36,T7,Team T7,101,A8ApPOgN,ClHLIZdKIEtMrN_G==
TpQIcQpa.10,12:10:36,T7,Team T7,101,A8ApPOgN,ClHLIYs0Kr
TpQIcQpa.11,12:10:36,T7,Team T7,101,o5hmLFb20kg,KhKERya7V
TpQIcQpa.12,12:10:36,T7,Team T7,101,o5hmLFb20kg,ClHLIY5K==
TpQIcQpa.13,12:10:36,T7,Team T7,101,o5hmLFb20kg,K5mJPTr0dKvu=
TpQIcQpa.14,12:10:36,T7,Team T7,102,N1fMExLK,X4kTroO==
TpQIcQpa.15,12:10:36,T7,Team T7,104,dNPwOZ1o,nVDsG0PphEed=
TpQIcQpa.16,12:10:36,T7,Team T7,104,dNPwOZ1o,nHFz=
TpQIcQpa.17,12:10:36,T7,Team T7,104,dNPwOZ1o,nJyODHTp=
TpQIcQpa.18,12:10:36,T7,Team T7,104,1KwtKQWDhp1,nWSIW35Il
TpQIcQpa.19,12:10:36,T7,Team T7,104,8MyFRWSnh,f0WVH6ZSZJhNHuQJ==
TpQIcQpa.20,12:10:36,T7,Team T7,104,dNPwOZ1o,f0WVHb9z5EbQpE
TpQIcQpa.21,12:10:36,T7,Team T7,104,1KwtKQWDhp1,f0WVHbOJil24Fn
TpQIcQpa.22,12:10:36,T7,Team T7,104,8MyFRWSnh,f0WVH99T0=
TpQIcQpa.23,12:10:36,T7,Team T7,104,dNPwOZ1o,nB2vP
TpQIcQpa.24,12:10:36,T7,Team T7,104,8MyFRWSnh,f0WVH7Wvwx1SwtOVU
TpQIcQpa.25,12:10:36,T7,Team T7,105,qqKDDIMl,sDR3wV0H7NTQ1=
TpQIcQpa.26,12:10:36,T7,Team T7,105,enrAzzHA2GW,Aer==
TpQIcQpa.27,12:10:36,T7,Team T7,105,lptMGFDk2,sDR3wTYHT_dY4TZqd8
TpQIcQpa.28,12:10:36,T7,Team T7,105,enrAzzHA2GW,sDR3wXBlZ12K1B75yq
TpQIcQpa.29,12:10:36,T7,Team T7,105,lptMGFDk2,sDR3wPEHbW7JUw5xov6q==
TpQIcQpa.30,12:10:36,T7,Team T7,105,enrAzzHA2GW,ApIA=
TpQIcQpa.31,12:10:36,T7,Team T7,105,enrAzzHA2GW,AkK1puBB7CZ==
TpQIcQpa.32,12:10:36,T7,Team T7,105,enrAzzHA2GW,AhM7LIQGhDYU=
TpQIcQpa.33,12:10:36,T7,Team T7,105,qqKDDIMl,sDR3wV1E==
TpQIcQpa.34,12:10:36,T7,Team T7,106,yi89Lo8hN,FwwrBCnFTk23uW
TpQIcQpa.35,12:10:36,T7,Team T7,106,Djp0Irhi,Ni60GurB=
TpQIcQpa.36,12:10:36,T7,Team T7,106,yi89Lo8hN,FwwrBDjnXg0W_00KA=
TpQIcQpa.37,12:10:36,T7,Team T7,106,Djp0Irhi,N9ea3_Cr=
TpQIcQpa.38,12:10:36,T7,Team T7,106,yi89Lo8hN,FwwrBAogzdZ5==
TpQIcQpa.39,12:10:36,T7,Team T7,106,rg6XEicxNdR,N5uZTlq==
TpQIcQpa.40,12:10:36,T7,Team T7,107,Lb3wQ7Tey,SprPGkRoGsBgry_7J=
TpQIcQpa.41,12:10:36,T7,Team T7,107,E91kJ1Xuyuw,0c4CTm7G=
TpQIcQpa.42,12:10:36,T7,Team T7,107,Lb3wQ7Tey,SprPGmQciIUjbk
TpQIcQpa.43,12:10:36,T7,Team T7,107,QcknNa2f,0q7DX3dct
TpQIcQpa.44,12:10:36,T7,Team T7,107,QcknNa2f,0Yn==
TpQIcQpa.45,12:10:36,T7,Team T7,107,E91kJ1Xuyuw,0j2m=
TpQIcQpa.46,12:10:36,T7,Team T7,107,Lb3wQ7Tey,SprPGlP==
TpQIcQpa.47,12:10:36,T7,Team T7,107,FcizDS8,SprPzT9r
TpQIcQpa.48,12:10:36,T7,Team T7,107,QcknNa2f,0e6AUloejOwj4
TpQIcQpa.49,12:10:36,T7,Team T7,107,E91kJ1Xuyuw,0mepUV3tCEt8=
TpQIcQpa.50,12:10:36,T7,Team T7,108,Y4ITFQobj,5i6dv1An6ORtWVWKfk
TpQIcQpa.51,12:10:36,T7,Team T7,108,35ZKCTxc,dV1HHW_k64tjVEA==
TpQIcQpa.52,12:10:36,T7,Team T7,108,35ZKCTxc,d32PyMBek
TpQIcQpa.53,12:10:36,T7,Team T7,108,R2GHyKsrjLr,d3N1AUmz37GIP
TpQIcQpa.54,12:10:36,T7,Team T7,108,Y4ITFQobj,5i6dv7KI66A_JIzD==
TpQIcQpa.55,12:10:36,T7,Team T7,108,R2GHyKsrjLr,dWW==
TpQIcQpa.56,12:10:36,T7,Team T7,109,bXngKz984,ibLBAQf6UCqfj5y4==
TpQIcQpa.57,12:10:36,T7,Team T7,109,bXngKz984,ibLBAMavPip7jMu6VZwM==
TpQIcQpa.58,12:10:36,T7,Team T7,109,gYE7HCi9,qVxtN
TpQIcQpa.59,12:10:36,T7,Team T7,109,bXngKz984,ibLBAQ5m==
TpQIcQpa.60,12:10:36,T7,Team T7,110,gfJqVbnYQgA,C4_DOvn74rG0
TpQIcQpa.61,12:10:36,T7,Team T7,110,si2tZksJ,uvaOSthQIlSZpF
TpQIcQpa.62,12:10:36,T7,Team T7,110,gfJqVbnYQgA,CwPxb8uXKILdvdh==
TpQIcQpa.63,12:10:36,T7,Team T7,110,si2tZksJ,uvaOSxkID=
TpQIcQpa.64,12:10:36,T7,Team T7,110,si2tZksJ,uvaOSsuLAyyOqNcq8CE4==
TpQIcQpa.65,12:10:36,T7,Team T7,110,gfJqVbnYQgA,Cb7FUtvPUAUUzEh==
TpQIcQpa.66,12:10:36,T7,Team T7,110,gfJqVbnYQgA,uvaOSxgZzg
TpQIcQpa.67,12:10:36,T7,Team T7,110,gfJqVbnYQgA,CbbE2twH2eWU6G7==
TpQIcQpa.68,12:10:36,T7,Team T7,111,VbXQO3dG,5vGN=
TpQIcQpa.69,12:10:36,T7,Team T7,111,J8ENKU8VBNf,Xo5cHiuSR3J1W=
TpQIcQpa.70,12:10:36,T7,Team T7,111,VbXQO3dG,5YJiZTsDqiKkZ
TpQIcQpa.71,12:10:36,T7,Team T7,111,J8ENKU8VBNf,Xo5cHdv1B6unWRLLbB3t==
TpQIcQpa.72,12:10:36,T7,Team T7,111,VbXQO3dG,Xo5cHglYlgvW4=
TpQIcQpa.73,12:10:36,T7,Team T7,111,VbXQO3dG,5hN6WY6==
TpQIcQpa.74,12:10:36,T7,Team T7,112,84CdTMID,ahKAMWFG==
TpQIcQpa.75,12:10:36,T7,Team T7,112,W1jaPDDSm4a,iSOc=
TpQIcQpa.76,12:10:36,T7,Team T7,112,W1jaPDDSm4a,i1sgRVID4
TpQIcQpa.77,12:10:36,T7,Team T7,112,W1jaPDDSm4a,iSp==
TpQIcQpa.78,12:10:36,T7,Team T7,112,W1jaPDDSm4a,ahKAMZUJru80vln9CUHS==
TpQIcQpa.79,12:10:36,T7,Team T7,112,W1jaPDDSm4a,i6qs=
TpQIcQpa.80,12:10:36,T7,Team T7,112,W1jaPDDSm4a,ahKAM0RT3fthPjbdjWOM==
TpQIcQpa.81,12:10:36,T7,Team T7,112,W1jaPDDSm4a,ahKAM1CIskpMzl98==
TpQIcQpa.82,12:10:36,T7,Team T7,112,84CdTMID,inDfeGMAhbvXFln==
TpQIcQpa.83,12:10:36,T7,Team T7,113,9EehUmoP7l5,nUFIRFDXOJ5bfW1SQLjb==
TpQIcQpa.84,12:10:36,T7,Team T7,114,nAaTDW4,ANk6z5cOOWerzjfe=
TpQIcQpa.85,12:10:36,T7,Team T7,116,TlvA0D5ao,0zUSQNeo==
TpQIcQpa.86,12:10:36,T7,Team T7,116,YmMrXGeb,8k0M0DltwyWcZ
TpQIcQpa.87,12:10:36,T7,Team T7,116,TlvA0D5ao,0zUSQPawbCis==
TpQIcQpa.88,12:10:36,T7,Team T7,116,TlvA0D5ao,0zUSQPjvjHPldf
TpQIcQpa.89,12:10:36,T7,Team T7,116,MjtoTx9qoqQ,8jy_KBv=
TpQIcQpa.90,12:10:36,T7,Team T7,116,MjtoTx9qoqQ,8vQT3
TpQIcQpa.91,12:10:36,T7,Team T7,116,MjtoTx9qoqQ,0zUSQUjmpBbw6hqSc5
TpQIcQpa.92,12:10:36,T7,Team T7,116,TlvA0D5ao,0zUSQNyf9=
TpQIcQpa.93,12:10:36,T7,Team T7,116,MjtoTx9qoqQ,8aMGXsd9hukw=
TpQIcQpa.94,12:10:36,T7,Team T7,116,YmMrXGeb,0zUSQVpDhQdrbncZ9=
TpQIcQpa.95,12:10:36,T7,Team T7,118,o8mbR8u5,y8k6J0QqD
TpQIcQpa.96,12:10:36,T7,Team T7,118,j75kU5l4U,qluEKfFqWyOIOWzJl=
TpQIcQpa.97,12:10:36,T7,Team T7,118,j75kU5l4U,qluEKh_ANuAE==
TpQIcQpa.98,12:10:36,T7,Team T7,118,j75kU5l4U,qluEKjpfECEO==
TpQIcQpa.99,12:10:36,T7,Team T7,118,o8mbR8u5,ykBnRUD==
TpQIcQpa.100,12:10:36,T7,Team T7,118,j75kU5l4U,qluEKgh2==
TpQIcQpa.101,12:10:36,T7,Team T7,118,j75kU5l4U,qluEKlOhazsJD=
TpQIcQpa.102,12:10:36,T7,Team T7,118,o8mbR8u5,y6r7V6haPAIQnT7==
TpQIcQpa.103,12:10:36,T7,Team T7,118,c538NZpkUeq,qluEKnyhTbGzA68S6yn==
TpQIcQpa.104,12:10:36,T7,Team T7,119,w00rZO61F,DepMP4i4HXuckyah==
TpQIcQpa.105,12:10:36,T7,Team T7,119,w00rZO61F,DepMP2i7EBDccu
TpQIcQpa.106,12:10:36,T7,Team T7,119,B1hiWRf2,LTfn=
TpQIcQpa.107,12:10:36,T7,Team T7,119,pYYfSIahFvl,LNhzWNqeLUm=
TpQIcQpa.108,12:10:36,T7,Team T7,119,pYYfSIahFvl,LiktbS5oJ
TpQIcQpa.109,12:10:36,T7,Team T7,119,pYYfSIahFvl,LhazUO20_Gi==
TpQIcQpa.110,12:10:36,T7,Team T7,119,B1hiWRf2,LRY==
TpQIcQpa.111,12:10:36,T7,Team T7,119,w00rZO61F,DepMP148nAy8Zb
TpQIcQpa.112,12:10:36,T7,Team T7,119,pYYfSIahFvl,LWbx=
TpQIcQpa.113,12:10:36,T7,Team T7,120,BimRUqk7rJz,PyOfRGKWhRYaIbyZ==
TpQIcQpa.114,12:10:36,T7,Team T7,120,NlFUYzpS,PyOfRJc4Gd0h==
TpQIcQpa.115,12:10:36,T7,Team T7,120,NlFUYzpS,XoL2Uzs==
TpQIcQpa.116,12:10:36,T7,Team T7,120,NlFUYzpS,PyOfRIdPiNGku=
TpQIcQpa.117,12:10:36,T7,Team T7,121,0ekh3iaz,awh==
TpQIcQpa.118,12:10:36,T7,Team T7,121,PeitT0g,2rtDP98U=
TpQIcQpa.119,12:10:36,T7,Team T7,123,eHBITBlIsO4,APXYPPpU=
TpQIcQpa.120,12:10:36,T7,Team T7,124,rAg5YkQFd5Z,Nuxhmd_Vg5dNi
TpQIcQpa.121,12:10:36,T7,Team T7,124,DDz82tVq,NAFs1
TpQIcQpa.122,12:10:36,T7,Team T7,125,Qwuv7cGn,0NIvgYBKMWlW=
TpQIcQpa.123,12:10:36,T7,Team T7,125,LvdEa9xmY,SJDV0lIKPQ0S3=
TpQIcQpa.124,12:10:36,T7,Team T7,125,Etbs33BCYCU,0OpEWfzCH
TpQIcQpa.125,12:10:36,T7,Team T7,125,Etbs33BCYCU,0nj_WZDwH3XQ2
TpQIcQpa.126,12:10:36,T7,Team T7,125,Qwuv7cGn,0lxEkVPI6PcU=
TpQIcQpa.127,12:10:36,T7,Team T7,125,LvdEa9xmY,SJDV0mCoN=
TpQIcQpa.128,12:10:36,T7,Team T7,125,Etbs33BCYCU,SJDV0pUCN45HZ=
TpQIcQpa.129,12:10:36,T7,Team T7,125,Etbs33BCYCU,0vHDl2BOGPk29qj==
TpQIcQpa.130,12:10:36,T7,Team T7,125,Qwuv7cGn,SJDV0ryv1Db0dLxJF=
TpQIcQpa.131,12:10:36,T7,Team T7,125,Etbs33BCYCU,SJDV0p_lKURKZr9==
TpQIcQpa.132,12:10:36,T7,Team T7,126,3p9SWVbk,dfg0RVhBN78==
TpQIcQpa.133,12:10:36,T7,Team T7,126,3p9SWVbk,dpQl=
TpQIcQpa.134,12:10:36,T7,Team T7,126,RmQPSM6zJTP,5CijP9jiCSX8E=
TpQIcQpa.135,12:10:36,T7,Team T7,126,YoS1ZS2jJ,5CijP2qmuXZXA=
TpQIcQpa.136,12:10:36,T7,Team T7,126,RmQPSM6zJTP,dpc==
TpQIcQpa.137,12:10:36,T7,Team T7,126,RmQPSM6zJTP,5CijP9mjJ27iLNyseO
TpQIcQpa.138,12:10:36,T7,Team T7,126,RmQPSM6zJTP,dk3XM3nCvm1
TpQIcQpa.139,12:10:36,T7,Team T7,127,4fLWXvRwuqu,qx00Ry4peJEYs
TpQIcQpa.140,12:10:36,T7,Team T7,127,bhN84BNgu,ivdrUMaDKmIK==
TpQIcQpa.141,12:10:36,T7,Team T7,127,gi4Z1EWh,qsOfVzP==
TpQIcQpa.142,12:10:36,T7,Team T7,127,gi4Z1EWh,qwPiV_YeyDx==
TpQIcQpa.143,12:10:36,T7,Team T7,127,bhN84BNgu,ivdrULYNABQ880wqzgNi==
TpQIcQpa.144,12:10:36,T7,Team T7,127,gi4Z1EWh,qrdnUQZsJvt=
TpQIcQpa.145,12:10:36,T7,Team T7,127,gi4Z1EWh,qgLV4lOldJyK=
TpQIcQpa.146,12:10:36,T7,Team T7,127,bhN84BNgu,ivdrUMUitpU8rgmJT=
TpQIcQpa.147,12:10:36,T7,Team T7,128,ibHyW5x,voSPSbzhZMpaMk2ql
TpQIcQpa.148,12:10:36,T7,Team T7,128,ibHyW5x,voSPSrF5lZI==
TpQIcQpa.149,12:10:36,T7,Team T7,128,h8qj2emdfHp,D1IE48DisVs==
TpQIcQpa.150,12:10:36,T7,Team T7,128,ibHyW5x,voSPSorf=
TpQIcQpa.151,12:10:36,T7,Team T7,128,oasv9kiXf,voSPZxedZ8_XVl
TpQIcQpa.152,12:10:36,T7,Team T7,129,W4EJV6cV,63EWKk2SQnh6NOF==
TpQIcQpa.153,12:10:36,T7,Team T7,129,R3nSY33U0,YhNdOfh8KbirJCIo==
TpQIcQpa.154,12:10:36,T7,Team T7,129,R3nSY33U0,YhNdOdrWahIpz=
TpQIcQpa.155,12:10:36,T7,Team T7,129,R3nSY33U0,YhNdOjnYWkx7EOQl9J
TpQIcQpa.156,12:10:36,T7,Team T7,129,W4EJV6cV,6kB==
TpQIcQpa.157,12:10:36,T7,Team T7,130,882ld4mL,alcG6cENQyzE==
TpQIcQpa.158,12:10:36,T7,Team T7,130,W5Ji9Vh0Mcy,alcG6ikX0nKIV=
TpQIcQpa.159,12:10:36,T7,Team T7,130,W5Ji9Vh0Mcy,i5LwkbsIJlYBjA5==
TpQIcQpa.160,12:10:36,T7,Team T7,130,882ld4mL,alcG6jcTNwGyl=
TpQIcQpa.161,12:10:36,T7,Team T7,130,W5Ji9Vh0Mcy,ij2v5UzLWrRs=
TpQIcQpa.162,12:10:36,T7,Team T7,130,882ld4mL,alcG6bd_REIL0W
TpQIcQpa.163,12:10:36,T7,Team T7,130,882ld4mL,alcG6dlQ1q
TpQIcQpa.164,12:10:36,T7,Team T7,131,l1Hs2N7I,vXznc1eLsyzD=
TpQIcQpa.165,12:10:36,T7,Team T7,131,l1Hs2N7I,neROV1ZLGIU7bhWvhU
TpQIcQpa.166,12:10:36,T7,Team T7,131,l1Hs2N7I,neROV09ILxP2jP
TpQIcQpa.167,12:10:36,T7,Team T7,131,l1Hs2N7I,vTUB1wcNwyA85
TpQIcQpa.168,12:10:36,T7,Team T7,131,9YopYE2Xxtt,neROVXfJzHs1R3Xwo
TpQIcQpa.169,12:10:36,T7,Team T7,131,g0qB5KYHx,neROVU9MoHwL19
TpQIcQpa.170,12:10:36,T7,Team T7,131,l1Hs2N7I,vWo==
TpQIcQpa.171,12:10:36,T7,Team T7,131,l1Hs2N7I,neROVZn9DAGFijLwy=
TpQIcQpa.172,12:10:36,T7,Team T7,131,l1Hs2N7I,neROVWbSIrs2Q5Vx==
TpQIcQpa.173,12:10:36,T7,Team T7,132,tTlYattEi,A7Mc0Eu558
TpQIcQpa.174,12:10:36,T7,Team T7,132,mRjM3nxUi08,IemgljEK=
TpQIcQpa.175,12:10:36,T7,Team T7,132,mRjM3nxUi08,I2F==
TpQIcQpa.176,12:10:36,T7,Team T7,132,yUCP7wCF,ITyQcwxW4ctj
TpQIcQpa.177,12:10:36,T7,Team T7,132,mRjM3nxUi08,A7Mc0Ir494f0s35Fi1GG==
TpQIcQpa.178,12:10:36,T7,Team T7,132,yUCP7wCF,A7Mc0LKT0cl4Ph
TpQIcQpa.179,12:10:36,T7,Team T7,132,mRjM3nxUi08,A7Mc0GLXnnmQ==
TpQIcQpa.180,12:10:36,T7,Team T7,133,GM0lfceB3,N0rA5nxUhw35=
TpQIcQpa.181,12:10:36,T7,Team T7,133,LNhccfnC,N0rA5rq0Vick4V1lQq4l==
TpQIcQpa.182,12:10:36,T7,Team T7,133,zKY986iR3h3,VWo7=
TpQIcQpa.183,12:10:36,T7,Team T7,133,LNhccfnC,VHmi28cCfuuo
TpQIcQpa.184,12:10:36,T7,Team T7,133,GM0lfceB3,N0rA5ncz==
TpQIcQpa.185,12:10:36,T7,Team T7,133,zKY986iR3h3,N0rA5smP==
TpQIcQpa.186,12:10:36,T7,Team T7,133,zKY986iR3h3,VQghhqpN6
TpQIcQpa.187,12:10:36,T7,Team T7,133,zKY986iR3h3,N0rA5psCSC7b==
TpQIcQpa.188,12:10:36,T7,Team T7,134,MDDwXPNyOyY,0T6YUaYkH=
TpQIcQpa.189,12:10:36,T7,Team T7,134,MDDwXPNyOyY,0T6YUbJoyPX0=
TpQIcQpa.190,12:10:36,T7,Team T7,134,MDDwXPNyOyY,8wP=
TpQIcQpa.191,12:10:36,T7,Team T7,134,TFFI4VJiO,0T6YU5Rp3=
TpQIcQpa.192,12:10:36,T7,Team T7,134,YGWz1YSj,8t_E8
TpQIcQpa.193,12:10:36,T7,Team T7,134,TFFI4VJiO,0T6YU8Ig==
TpQIcQpa.194,12:10:36,T7,Team T7,134,YGWz1YSj,0T6YU91AUQV6==
TpQIcQpa.195,12:10:36,T7,Team T7,134,TFFI4VJiO,0T6YU62C==
TpQIcQpa.196,12:10:36,T7,Team T7,135,bzRW6Hng,lIL24Ia==
TpQIcQpa.197,12:10:36,T7,Team T7,135,bzRW6Hng,lnAlcHtwkk6==
TpQIcQpa.198,12:10:36,T7,Team T7,135,bzRW6Hng,lyRRXKmDtea=
TpQIcQpa.199,12:10:36,T7,Team T7,135,6yA59Eefz,dM1mZRvzojRh==
TpQIcQpa.200,12:10:36,T7,Team T7,135,bzRW6Hng,lH5RWQJp=
TpQIcQpa.201,12:10:36,T7,Team T7,135,6yA59Eefz,dM1mZRzrpkX2o
TpQIcQpa.202,12:10:36,T7,Team T7,135,0zP8Wpt,dM1mSM_jD
TpQIcQpa.203,12:10:36,T7,Team T7,135,ZwyT2yivz5T,lSHZXHkio
TpQIcQpa.204,12:10:36,T7,Team T7,136,jrfcenZck,qFGu4BikoCRLlpRm==
TpQIcQpa.205,12:10:36,T7,Team T7,136,cpd07h3skmO,yjEgs
TpQIcQpa.206,12:10:36,T7,Team T7,136,jrfcenZck,qFGu4C5cci
TpQIcQpa.207,12:10:36,T7,Team T7,136,osw3bq8d,ynsxjBsc8G5=
TpQIcQpa.208,12:10:36,T7,Team T7,136,jrfcenZck,qFGu4ycib=
TpQIcQpa.209,12:10:36,T7,Team T7,136,jrfcenZck,qFGu4yav5zgff=
TpQIcQpa.210,12:10:36,T7,Team T7,136,jrfcenZck,qFGu4z6x3OXkYcqpLHF==
TpQIcQpa.211,12:10:36,T7,Team T7,136,jrfcenZck,qFGu4y1mww2q1t
TpQIcQpa.212,12:10:36,T7,Team T7,136,jrfcenZck,qFGu4B2zj=
TpQIcQpa.213,12:10:36,T7,Team T7,136,osw3bq8d,yow7Xdb==
TpQIcQpa.214,12:10:36,T7,Team T7,137,Blrq09Da,LwklVTGCMGyFB
TpQIcQpa.215,12:10:36,T7,Team T7,137,Blrq09Da,LphESSM==
TpQIcQpa.216,12:10:36,T7,Team T7,137,Blrq09Da,Lw8n1YIk8F==
TpQIcQpa.217,12:10:36,T7,Team T7,137,Blrq09Da,LyhpPlxp1OChy
TpQIcQpa.218,12:10:36,T7,Team T7,137,Blrq09Da,LvzqT6w==
TpQIcQpa.219,12:10:36,T7,Team T7,138,JdPW8Pf6Q,QrggYZp4==
TpQIcQpa.220,12:10:36,T7,Team T7,138,Oe6N5So7,YmUMm
TpQIcQpa.221,12:10:36,T7,Team T7,139,WQKjdyK3B,34bE3L_3Q=
TpQIcQpa.222,12:10:36,T7,Team T7,139,POI76sOjBrj,bOK_
TpQIcQpa.223,12:10:36,T7,Team T7,139,WQKjdyK3B,34bE3Id2JMiLw=
TpQIcQpa.224,12:10:36,T7,Team T7,139,1R1aaBT4,bMKb7ALgH
TpQIcQpa.225,12:10:36,T7,Team T7,139,WQKjdyK3B,34bE3NWmi=
TpQIcQpa.226,12:10:36,T7,Team T7,139,WQKjdyK3B,34bE3Q17oFw==
TpQIcQpa.227,12:10:36,T7,Team T7,139,WQKjdyK3B,34bE3KMqvSDIfpf_cy
TpQIcQpa.228,12:10:36,T7,Team T7,139,POI76sOjBrj,bF4==
TpQIcQpa.229,12:10:36,T7,Team T7,139,1R1aaBT4,bK6f9iZ5PvMYl6Q==
TpQIcQpa.230,12:10:36,T7,Team T7,141,e1LQdTJQ8Ws,shffafJT01QXl=
TpQIcQpa.231,12:10:36,T7,Team T7,141,e1LQdTJQ8Ws,shffagGRQqtewKlIyPl==
TpQIcQpa.232,12:10:36,T7,Team T7,141,q44Th2OB,shffacVSZ=
TpQIcQpa.233,12:10:36,T7,Team T7,141,q44Th2OB,shffagDE==
TpQIcQpa.234,12:10:36,T7,Team T7,141,e1LQdTJQ8Ws,A264d4==
TpQIcQpa.235,12:10:36,T7,Team T7,141,q44Th2OB,shffacYIWXO6GPiKlIr==
TpQIcQpa.236,12:10:36,T7,Team T7,141,q44Th2OB,A2SZ84J284DkaC==
TpQIcQpa.237,12:10:36,T7,Team T7,141,e1LQdTJQ8Ws,AcSgdKR==
TpQIcQpa.238,12:10:36,T7,Team T7,142,sXXsctF,FaaD8LI==
TpQIcQpa.239,12:10:36,T7,Team T7,143,QQEDbu4v,0FHA5iR==
TpQIcQpa.240,12:10:36,T7,Team T7,143,ENlA7lZKEK2,00C0hzcC=
TpQIcQpa.241,12:10:36,T7,Team T7,143,ENlA7lZKEK2,S3P14FUDr=
TpQIcQpa.242,12:10:36,T7,Team T7,144,3Jz0gdPs,5WKp9oDDjk0Abx
TpQIcQpa.243,12:10:36,T7,Team T7,144,3Jz0gdPs,5WKp9oUwabelnm83kX_p==
TpQIcQpa.244,12:10:36,T7,Team T7,144,3Jz0gdPs,5WKp9oIM7Z
TpQIcQpa.245,12:10:36,T7,Team T7,144,RGgXc4KHp1X,dKE2wdJHjeXrmte==
TpQIcQpa.246,12:10:36,T7,Team T7,144,3Jz0gdPs,dME39fJxp6U==
TpQIcQpa.247,12:10:36,T7,Team T7,144,RGgXc4KHp1X,5WKp9oICem2mqf
TpQIcQpa.248,12:10:36,T7,Team T7,144,RGgXc4KHp1X,dPPgm0FF=
TpQIcQpa.249,12:10:36,T7,Team T7,144,3Jz0gdPs,dzlde3Y==
TpQIcQpa.250,12:10:36,T7,Team T7,144,3Jz0gdPs,dWmYmh5NggU==
TpQIcQpa.251,12:10:36,T7,Team T7,144,RGgXc4KHp1X,dIxXhaOX6==
TpQIcQpa.252,12:10:36,T7,Team T7,145,bBXgoTboa,iPpxe4unUvXK==
TpQIcQpa.253,12:10:36,T7,Team T7,145,gCe7lWkp,iPpxe8hxRr
TpQIcQpa.254,12:10:36,T7,Team T7,145,bBXgoTboa,iPpxe4kvTD
TpQIcQpa.255,12:10:36,T7,Team T7,145,4zV4hNfEaiS,qr8jtLsNbBSI2
TpQIcQpa.256,12:10:36,T7,Team T7,145,bBXgoTboa,iPpxe4rVpM6u==
TpQIcQpa.257,12:10:36,T7,Team T7,145,gCe7lWkp,qIj7FKbwqgbq4GJ==
TpQIcQpa.258,12:10:36,T7,Team T7,145,bBXgoTboa,iPpxe5qoXfTu==
TpQIcQpa.259,12:10:36,T7,Team T7,145,4zV4hNfEaiS,qyV==
TpQIcQpa.260,12:10:36,T7,Team T7,145,bBXgoTboa,iPpxe37pYl_ud=
TpQIcQpa.261,12:10:36,T7,Team T7,145,gCe7lWkp,qLhq=
TpQIcQpa.262,12:10:36,T7,Team T7,146,ouCDdCWlV,vI4V3MekX8cFRXYKQ
TpQIcQpa.263,12:10:36,T7,Team T7,146,tvTuaF5m,vI4V3SUHSN832IhZ==
TpQIcQpa.264,12:10:36,T7,Team T7,146,ouCDdCWlV,vI4V3RbwM=
TpQIcQpa.265,12:10:36,T7,Team T7,146,tvTuaF5m,DrZz=
TpQIcQpa.266,12:10:36,T7,Team T7,146,ouCDdCWlV,vI4V3PfOSNQ7LQdND
TpQIcQpa.267,12:10:36,T7,Team T7,146,hsAr6w0BVPN,DD7AZyY==
TpQIcQpa.268,12:10:36,T7,Team T7,146,tvTuaF5m,vI4V3U1AX6VZU=
TpQIcQpa.269,12:10:36,T7,Team T7,147,ulvObfviq6I,IBZj8CG5b3MMcSz0==
TpQIcQpa.270,12:10:36,T7,Team T7,147,Bnx0ilr2q,IBZj8vHkz6JRm3FbIM
TpQIcQpa.271,12:10:36,T7,Team T7,148,XYabgYgfbnn,jbaskUHX=
TpQIcQpa.272,12:10:36,T7,Team T7,148,91tek7l0,jjxk76aXU
TpQIcQpa.273,12:10:36,T7,Team T7,148,40cnn4cZb,beEHdgie7tnV0pVsMv
TpQIcQpa.274,12:10:36,T7,Team T7,148,XYabgYgfbnn,j5tyo5ef6toX=
TpQIcQpa.275,12:10:36,T7,Team T7,148,XYabgYgfbnn,j5hqET8=
TpQIcQpa.276,12:10:36,T7,Team T7,148,40cnn4cZb,beEHdihjmo
TpQIcQpa.277,12:10:36,T7,Team T7,148,40cnn4cZb,beEHdgij==
TpQIcQpa.278,12:10:36,T7,Team T7,149,bUmNZyW,o7z5VQ_U2
TpQIcQpa.279,12:10:36,T7,Team T7,149,hT7KcNHWW,o7z525S3b=
TpQIcQpa.280,12:10:36,T7,Team T7,149,bUmNZyW,o7z5VHZ==
TpQIcQpa.281,12:10:36,T7,Team T7,150,mbtUnFb2ISw,ArYikWd9rUtCWQFAz=
TpQIcQpa.282,12:10:36,T7,Team T7,150,yeMXrOgN,ArYik3a9wRvLgO
TpQIcQpa.283,12:10:36,T7,Team T7,150,yeMXrOgN,IeufhXAbESP==
TpQIcQpa.284,12:10:36,T7,Team T7,150,yeMXrOgN,ArYikX9STSBqozrR9=
TpQIcQpa.285,12:10:36,T7,Team T7,150,yeMXrOgN,IaEW=
TpQIcQpa.286,12:10:36,T7,Team T7,152,MX3Eh7rWeG6,8Uj8u2u4=
TpQIcQpa.287,12:10:36,T7,Team T7,152,Y0mHlgwH,0dy4euwTj9lFd=
TpQIcQpa.288,12:10:36,T7,Team T7,152,MX3Eh7rWeG6,8Q647
TpQIcQpa.289,12:10:36,T7,Team T7,152,TZ5QodnGe,0dy4ens0==
TpQIcQpa.290,12:10:36,T7,Team T7,153,bT14qZ1o,lOL5g2QKIr4==
TpQIcQpa.291,12:10:36,T7,Team T7,154,cJD8rzHAKuW,qZ8AoXQCCLfaQXLiD=
TpQIcQpa.292,12:10:36,T7,Team T7,154,jLFkyFDkK,qZ8AoST_HRbc==
TpQIcQpa.293,12:10:36,T7,Team T7,154,cJD8rzHAKuW,yMZqtrNBvql3ZSF==
TpQIcQpa.294,12:10:36,T7,Team T7,154,jLFkyFDkK,qZ8AoPDAYBeXMQUcyoaY==
TpQIcQpa.295,12:10:36,T7,Team T7,154,jLFkyFDkK,qZ8AoQ7Bvv8X5=
TpQIcQpa.296,12:10:36,T7,Team T7,154,oMWbvIMl,qZ8AoWZsB=
TpQIcQpa.297,12:10:36,T7,Team T7,154,oMWbvIMl,qZ8AoTKFFv27WQSut=
TpQIcQpa.298,12:10:36,T7,Team T7,155,BFBykrhi,DSNYdF6txL
TpQIcQpa.299,12:10:36,T7,Team T7,155,pCivgicxvLR,DSNYdD8woSlRI=
TpQIcQpa.300,12:10:36,T7,Team T7,155,pCivgicxvLR,LtDKr7wFBVO==
TpQIcQpa.301,12:10:36,T7,Team T7,155,BFBykrhi,DSNYdFkpk8Q9G7WL==
TpQIcQpa.302,12:10:36,T7,Team T7,155,BFBykrhi,DSNYdDcLdMc2zmYL==
TpQIcQpa.303,12:10:36,T7,Team T7,155,pCivgicxvLR,DSNYdDmlq7Z4p
TpQIcQpa.304,12:10:36,T7,Team T7,156,Jhf4s7Teg,QvImik1_7kOi==
TpQIcQpa.305,12:10:36,T7,Team T7,156,OiwVpa2f,Y6p9iXP==
TpQIcQpa.306,12:10:36,T7,Team T7,156,CfdSl1Xug2M,YqB4wa5tsm5==
TpQIcQpa.307,12:10:36,T7,Team T7,156,Jhf4s7Teg,QvImihdicoXj75LTNMpS==
TpQIcQpa.308,12:10:36,T7,Team T7,156,CfdSl1Xug2M,YBo1ubV==
TpQIcQpa.309,12:10:36,T7,Team T7,156,CfdSl1Xug2M,YoAXGT0v7d336o==
TpQIcQpa.310,12:10:36,T7,Team T7,156,OiwVpa2f,Ymqfu4VgucfWd
TpQIcQpa.311,12:10:36,T7,Team T7,156,Jhf4s7Teg,QvImijRi3wUj1hyaCOnS==
TpQIcQpa.312,12:10:36,T7,Team T7,156,CfdSl1Xug2M,QvImin7zv=
TpQIcQpa.313,12:10:36,T7,Team T7,156,Diu7fS8,QvImb9ffg65==
TpQIcQpa.314,12:10:36,T7,Team T7,157,WaUrxQob1,3onKn4Dfa1I8Vl9xy=
TpQIcQpa.315,12:10:36,T7,Team T7,157,1bbiuTxc,3onKn8ouJVG9IDah==
TpQIcQpa.316,12:10:36,T7,Team T7,157,WaUrxQob1,3onKn2q9==
TpQIcQpa.317,12:10:36,T7,Team T7,157,P8SfqKsr1zH,b1rkvBJxY
TpQIcQpa.318,12:10:36,T7,Team T7,157,P8SfqKsr1zH,bu_AmTLGfCE=
TpQIcQpa.319,12:10:36,T7,Team T7,157,WaUrxQob1,3onKn0ytZLH8Qt0==
TpQIcQpa.320,12:10:36,T7,Team T7,157,P8SfqKsr1zH,bYYqhCTFPJQv=
TpQIcQpa.321,12:10:36,T7,Team T7,157,WaUrxQob1,3onKn6NeWMUn==
TpQIcQpa.322,12:10:36,T7,Team T7,157,WaUrxQob1,3onKn6IxO=
TpQIcQpa.323,12:10:36,T7,Team T7,157,P8SfqKsr1zH,bgZdjUrBPESr=
TpQIcQpa.324,12:10:36,T7,Team T7,158,21xCftdoMQm,o_LF_z77J7pi=
TpQIcQpa.325,12:10:36,T7,Team T7,158,93zOmz98M,gh28cJphL3Fuq4BO==
TpQIcQpa.326,12:10:36,T7,Team T7,158,e4QFjCi9,oaBHDBl==
TpQIcQpa.327,12:10:36,T7,Team T7,158,e4QFjCi9,gh28cRboLkrAH=
TpQIcQpa.328,12:10:36,T7,Team T7,158,21xCftdoMQm,ofIEg
TpQIcQpa.329,12:10:36,T7,Team T7,158,93zOmz98M,gh28cNjoV9yqmYH0bhz==
TpQIcQpa.330,12:10:36,T7,Team T7,158,e4QFjCi9,gh28cRtnPbny==
TpQIcQpa.331,12:10:36,T7,Team T7,159,rXLMolN6,B9NIDcGfs
TpQIcQpa.332,12:10:36,T7,Team T7,159,mWuVriE5x,taXghxWcuzxKpa7h=
TpQIcQpa.333,12:10:36,T7,Team T7,159,rXLMolN6,BQNNI6SqDdA==
TpQIcQpa.334,12:10:36,T7,Team T7,159,mWuVriE5x,taXghyJj==
TpQIcQpa.335,12:10:36,T7,Team T7,159,fUsJkcIlx7h,B8yXbkT5keoD=
TpQIcQpa.336,12:10:36,T7,Team T7,159,mWuVriE5x,taXghAJCCfCj==
TpQIcQpa.337,12:10:36,T7,Team T7,159,rXLMolN6,B3Lgd
TpQIcQpa.338,12:10:36,T7,Team T7,159,rXLMolN6,B4NZ=
TpQIcQpa.339,12:10:36,T7,Team T7,159,fUsJkcIlx7h,B5x1FrV7=
TpQIcQpa.340,12:10:36,T7,Team T7,160,Dh9oG3dG,Njc==
TpQIcQpa.341,12:10:36,T7,Team T7,160,Dh9oG3dG,FumJze0c5sSPHh_XmR
TpQIcQpa.342,12:10:36,T7,Team T7,160,Dh9oG3dG,FumJzc4R8yF4y6
TpQIcQpa.343,12:10:36,T7,Team T7,160,reQlCU8Vjlv,Nn9z=
TpQIcQpa.344,12:10:36,T7,Team T7,160,reQlCU8Vjlv,Nqejv
TpQIcQpa.345,12:10:36,T7,Team T7,160,reQlCU8Vjlv,FumJzfhXivK5kf
TpQIcQpa.346,12:10:36,T7,Team T7,160,reQlCU8Vjlv,FumJzfgKe=
TpQIcQpa.347,12:10:36,T7,Team T7,160,reQlCU8Vjlv,FumJzfaJ==
TpQIcQpa.348,12:10:36,T7,Team T7,161,QaOLvMID,0ZCTHLSC=
TpQIcQpa.349,12:10:36,T7,Team T7,162,R0qPwmoPP9l,5gWftIF1BBzdRP9IO=
TpQIcQpa.350,12:10:36,T7,Team T7,162,R0qPwmoPP9l,d4P_QnEFShv6g
TpQIcQpa.351,12:10:36,T7,Team T7,162,33JSAvtA,5gWftHzVU8vlStcJ==
TpQIcQpa.352,12:10:36,T7,Team T7,162,R0qPwmoPP9l,dnDkncDVTsC8fv==
TpQIcQpa.353,12:10:36,T7,Team T7,162,33JSAvtA,ddshQgC==
TpQIcQpa.354,12:10:36,T7,Team T7,162,33JSAvtA,5gWftENEwCuek=
TpQIcQpa.355,12:10:36,T7,Team T7,163,bV7oIbPwA,i9BDynNSnUpeQ8T49=
TpQIcQpa.356,12:10:36,T7,Team T7,163,gWofFeYx,qPlf0pZDvV2zz
TpQIcQpa.357,12:10:36,T7,Team T7,163,gWofFeYx,q7lusXMJvF1a=
TpQIcQpa.358,12:10:36,T7,Team T7,163,5WmrvW4,i9BDr3fSFsgdMTN==
TpQIcQpa.359,12:10:36,T7,Team T7,164,tPjCuXJu,D63SpbRzqWmrF6i==
TpQIcQpa.360,12:10:36,T7,Team T7,164,hM0zqOEJlHV,v2w1ncHrB9hprhYl=
TpQIcQpa.361,12:10:36,T7,Team T7,164,oO2LxUAtl,v2w1n7GruUUz==
TpQIcQpa.362,12:10:36,T7,Team T7,164,hM0zqOEJlHV,DLcNAbMI5
TpQIcQpa.363,12:10:36,T7,Team T7,164,tPjCuXJu,v2w1nbXyfXWHw9rl==
TpQIcQpa.364,12:10:36,T7,Team T7,164,tPjCuXJu,DGh5=
TpQIcQpa.365,12:10:36,T7,Team T7,164,tPjCuXJu,DS9ACHQCiR8==
TpQIcQpa.366,12:10:36,T7,Team T7,164,tPjCuXJu,v2w1n9DJn4Zv6j
TpQIcQpa.367,12:10:36,T7,Team T7,164,oO2LxUAtl,v2w1n5UHvKhI9t2B==
TpQIcQpa.368,12:10:36,T7,Team T7,165,BrH8CD5q6,IFbpsQ7KXE6rLiDfjfHw==
TpQIcQpa.369,12:10:36,T7,Team T7,165,BrH8CD5q6,IFbpsN1KYcPyPLydp=
TpQIcQpa.370,12:10:36,T7,Team T7,165,BrH8CD5q6,IFbpsPmX1j8q7=
TpQIcQpa.371,12:10:36,T7,Team T7,165,GsYZzGer,QpPep
TpQIcQpa.372,12:10:36,T7,Team T7,165,BrH8CD5q6,IFbpsN2Ifk0GPuI8==
TpQIcQpa.373,12:10:36,T7,Team T7,165,BrH8CD5q6,IFbpsOwKh=
TpQIcQpa.374,12:10:36,T7,Team T7,165,GsYZzGer,IFbpsTaC_caoOwHMxR
TpQIcQpa.375,12:10:36,T7,Team T7,165,BrH8CD5q6,IFbpsOao==
TpQIcQpa.376,12:10:36,T7,Team T7,167,abfGpZpkCMG,wdt4=
TpQIcQpa.377,12:10:36,T7,Team T7,167,meyJt8u5,whv7I9xlvZMy=
TpQIcQpa.378,12:10:36,T7,Team T7,167,hdhSw5l4C,orLbmkqmlO8OmKYdV=
TpQIcQpa.379,12:10:36,T7,Team T7,167,hdhSw5l4C,orLbmkpzSNGDgYzPIJek==
TpQIcQpa.380,12:10:36,T7,Team T7,167,meyJt8u5,orLbmn_9D0LyZR0LvK
TpQIcQpa.381,12:10:36,T7,Team T7,168,u6cZBO61n,BkGjr1BholxUEp6b==
TpQIcQpa.382,12:10:36,T7,Team T7,168,z7tQyRf2,BkGjr6pl==
TpQIcQpa.383,12:10:36,T7,Team T7,168,u6cZBO61n,BkGjr5u9auNGCxvww=
TpQIcQpa.384,12:10:36,T7,Team T7,169,M08dDAKZ,WTTbt
TpQIcQpa.385,12:10:36,T7,Team T7,169,M08dDAKZ,W33izzBl7S==
TpQIcQpa.386,12:10:36,T7,Team T7,169,HZRmGxBY8,OdlHwPKdQNlLzU
TpQIcQpa.387,12:10:36,T7,Team T7,169,HZRmGxBY8,OdlHwN_c==
TpQIcQpa.388,12:10:36,T7,Team T7,170,YkwPFiaP,0xKaythaKKFudCHiKK0q==
TpQIcQpa.389,12:10:36,T7,Team T7,170,YkwPFiaP,86lPy4dM7gN==
TpQIcQpa.390,12:10:36,T7,Team T7,170,Nku1v0g,0xKar5ZQU_vg3UB4=
TpQIcQpa.391,12:10:36,T7,Team T7,171,ZaSTGSA1F5p,lmcdPVM4
TpQIcQpa.392,12:10:36,T7,Team T7,171,bdbWK1FM,l7Waw1zTVfs==
TpQIcQpa.393,12:10:36,T7,Team T7,171,ZaSTGSA1F5p,dqpiDgMZ==
TpQIcQpa.394,12:10:36,T7,Team T7,171,bdbWK1FM,dqpiDevKSk
TpQIcQpa.395,12:10:36,T7,Team T7,171,bdbWK1FM,lw9WS6y==
TpQIcQpa.396,12:10:36,T7,Team T7,172,c3NgvRlIqmk,yb3e=
TpQIcQpa.397,12:10:36,T7,Team T7,172,c3NgvRlIqmk,y64gE
TpQIcQpa.398,12:10:36,T7,Team T7,172,o66jz0qt,y5TemZIMcqHO
TpQIcQpa.399,12:10:36,T7,Team T7,172,o66jz0qt,yX5ur
TpQIcQpa.400,12:10:36,T7,Team T7,173,pGsDAAQFbTZ,DWZ4xYSFU=
TpQIcQpa.401,12:10:36,T7,Team T7,173,BJLGEJVq,DWZ4xWWDY2
TpQIcQpa.402,12:10:36,T7,Team T7,173,wIuPHGMpb,DWZ4xQMD==
TpQIcQpa.403,12:10:36,T7,Team T7,173,wIuPHGMpb,DWZ4xRXn==
TpQIcQpa.404,12:10:36,T7,Team T7,173,BJLGEJVq,LONJSpO==
TpQIcQpa.405,12:10:36,T7,Team T7,173,pGsDAAQFbTZ,DWZ4xTXDn0aR7CuoeIKD==
TpQIcQpa.406,12:10:36,T7,Team T7,173,BJLGEJVq,LSA=
TpQIcQpa.407,12:10:36,T7,Team T7,174,JBpcMpxmG,QPUsCzNG==
TpQIcQpa.408,12:10:36,T7,Team T7,174,JBpcMpxmG,QPUsCCVk==
TpQIcQpa.409,12:10:36,T7,Team T7,174,OCG3JsGn,YMTezd1A=
TpQIcQpa.410,12:10:36,T7,Team T7,174,OCG3JsGn,YqG3OqOPo9oSSRt==
TpQIcQpa.411,12:10:36,T7,Team T7,174,Czn0FjBCGaU,YFE7TeMMvakWNBP==
TpQIcQpa.412,12:10:36,T7,Team T7,174,OCG3JsGn,YCJbDcuwneZOG
TpQIcQpa.413,12:10:36,T7,Team T7,174,Czn0FjBCGaU,YSI0XkMJEqkG=
TpQIcQpa.414,12:10:36,T7,Team T7,174,OCG3JsGn,Yzy6=
TpQIcQpa.415,12:10:36,T7,Team T7,175,Wu4zB82jr,3IzQri9rmBPXl31AnEUb==
TpQIcQpa.416,12:10:36,T7,Team T7,176,2lXKzLRwcYK,oq80ES0k4XH==
TpQIcQpa.417,12:10:36,T7,Team T7,176,eogNDUWh,oBq_QORkX
TpQIcQpa.418,12:10:36,T7,Team T7,176,2lXKzLRwcYK,oF3==
TpQIcQpa.419,12:10:36,T7,Team T7,176,2lXKzLRwcYK,oz96=
TpQIcQpa.420,12:10:36,T7,Team T7,176,9nZWGRNgc,gBuew2MeXi5U5=
TpQIcQpa.421,12:10:36,T7,Team T7,176,2lXKzLRwcYK,oggRsM2Ar
TpQIcQpa.422,12:10:36,T7,Team T7,176,9nZWGRNgc,gBuew6Rqn53G==
TpQIcQpa.423,12:10:36,T7,Team T7,177,rhVUIDre,BzVhIDDeLgTl=
TpQIcQpa.424,12:10:36,T7,Team T7,177,ghT6ylx,tu9munmtXwDi5fIYg6Y==
TpQIcQpa.425,12:10:36,T7,Team T7,177,mgE3LAidX,tu9mBKluUqRaSni1e=
TpQIcQpa.426,12:10:36,T7,Team T7,177,feCREumtXfF,tu9mBSpmNp3bLln0U5Jl==
TpQIcQpa.427,12:10:36,T7,Team T7,177,feCREumtXfF,BrI==
TpQIcQpa.428,12:10:36,T7,Team T7,177,rhVUIDre,B_ZeGF==
TpQIcQpa.429,12:10:36,T7,Team T7,177,rhVUIDre,BsZjX
TpQIcQpa.430,12:10:36,T7,Team T7,177,rhVUIDre,tu9mBRkb==
TpQIcQpa.431,12:10:36,T7,Team T7,177,rhVUIDre,B4MXElAqZvY==
TpQIcQpa.432,12:10:36,T7,Team T7,177,mgE3LAidX,tu9mBMFu0F
TpQIcQpa.433,12:10:36,T7,Team T7,178,z9zqAjNaI,Gn4KqwXuGM
TpQIcQpa.434,12:10:36,T7,Team T7,178,s7xetdRqIwk,OY0w=
TpQIcQpa.435,12:10:36,T7,Team T7,179,F0cByWC7t3f,1StGpZSSe2y==
TpQIcQpa.436,12:10:36,T7,Team T7,179,M2eNF2yRt,TgJ8vjEeEddt==
TpQIcQpa.437,12:10:36,T7,Team T7,179,M2eNF2yRt,TgJ8vkwTo=
TpQIcQpa.438,12:10:36,T7,Team T7,180,3nT0UN7I,dfXaOta==
TpQIcQpa.439,12:10:36,T7,Team T7,180,RkAXQE2Xf1t,ddM9=
TpQIcQpa.440,12:10:36,T7,Team T7,180,RkAXQE2Xf1t,5A8lNUURc0KN=
TpQIcQpa.441,12:10:36,T7,Team T7,180,3nT0UN7I,dhEhS
TpQIcQpa.442,12:10:36,T7,Team T7,180,3nT0UN7I,dfJ5RG2YYj==
TpQIcQpa.443,12:10:36,T7,Team T7,180,RkAXQE2Xf1t,5A8lN0YRZbJXTb
TpQIcQpa.444,12:10:36,T7,Team T7,180,RkAXQE2Xf1t,dGXb1Ri2pZvQS
TpQIcQpa.445,12:10:36,T7,Team T7,180,RkAXQE2Xf1t,5A8lNX9S92
TpQIcQpa.446,12:10:36,T7,Team T7,180,3nT0UN7I,dj37Wvg==
TpQIcQpa.447,12:10:36,T7,Team T7,181,ggOnJwCF,it3JCHVJRQoa2e
TpQIcQpa.448,12:10:36,T7,Team T7,181,ggOnJwCF,qwWIHdGFT
TpQIcQpa.449,12:10:36,T7,Team T7,181,ggOnJwCF,qiB==
TpQIcQpa.450,12:10:36,T7,Team T7,181,4dvkFnxU0yo,q53owmJ_MSH==
TpQIcQpa.451,12:10:36,T7,Team T7,181,4dvkFnxU0yo,it3JCJWJ5Gq62lF7C83A==
TpQIcQpa.452,12:10:36,T7,Team T7,181,ggOnJwCF,it3JCFpVSCL2feD1F9
TpQIcQpa.453,12:10:36,T7,Team T7,181,ggOnJwCF,it3JCEpH40pW==
TpQIcQpa.454,12:10:36,T7,Team T7,181,4dvkFnxU0yo,qdDpKHWSHVH==
TpQIcQpa.455,12:10:36,T7,Team T7,181,ggOnJwCF,q8RxI
TpQIcQpa.456,12:10:36,T7,Team T7,181,4dvkFnxU0yo,it3JCIIUPBBKiESZj=
TpQIcQpa.457,12:10:36,T7,Team T7,182,tTtKOfnC,DPzaZeyX=
TpQIcQpa.458,12:10:36,T7,Team T7,182,tTtKOfnC,v6I7HtBBN9mWO=
TpQIcQpa.459,12:10:36,T7,Team T7,183,BLRgWVJyw,IZnvM6WMj_44NONNP=
TpQIcQpa.460,12:10:36,T7,Team T7,183,BLRgWVJyw,IZnvM7IMAb2SOWEOzj
TpQIcQpa.461,12:10:36,T7,Team T7,183,GM87TYSz,IZnvMd61iy1763
TpQIcQpa.462,12:10:36,T7,Team T7,183,GM87TYSz,QHfr3YFZm
TpQIcQpa.463,12:10:36,T7,Team T7,183,uJP4PPNOw6Y,QX_kN4SxflkM=
TpQIcQpa.464,12:10:36,T7,Team T7,183,uJP4PPNOw6Y,IZnvM9WQv626JQX0==
TpQIcQpa.465,12:10:36,T7,Team T7,184,TF3uIHng,VSiTBTqf5HSho3kb==
TpQIcQpa.466,12:10:36,T7,Team T7,184,IF1Gypt,VSiTuUpqeMn7=
TpQIcQpa.467,12:10:36,T7,Team T7,184,HCKrEyivhDT,3EgDQyydgz==
TpQIcQpa.468,12:10:36,T7,Team T7,184,TF3uIHng,3IUEOVrpbFkff
TpQIcQpa.469,12:10:36,T7,Team T7,184,HCKrEyivhDT,3wNHVEan8VQ==
TpQIcQpa.470,12:10:36,T7,Team T7,185,6yIBNq8d,g_GDR71==
TpQIcQpa.471,12:10:36,T7,Team T7,185,UvpyJh3s2UO,gqv==
TpQIcQpa.472,12:10:36,T7,Team T7,185,UvpyJh3s2UO,gJJ46dhfJZab3
TpQIcQpa.473,12:10:36,T7,Team T7,185,1xrKQnZc2,8LX1GApCiVNnN=
TpQIcQpa.474,12:10:36,T7,Team T7,185,6yIBNq8d,8LX1GE7nNePy2jM_ST
TpQIcQpa.475,12:10:36,T7,Team T7,185,6yIBNq8d,guLSMl1==
TpQIcQpa.476,12:10:36,T7,Team T7,185,6yIBNq8d,gpt0Np8j64Uo8xB==
TpQIcQpa.477,12:10:36,T7,Team T7,185,6yIBNq8d,gIELRib==
TpQIcQpa.478,12:10:36,T7,Team T7,186,zrDYS9Da,BESpLoAALfLBDA
TpQIcQpa.479,12:10:36,T7,Team T7,186,uqm7V6u9N,BESpLkr7DfUBGOhSqx
TpQIcQpa.480,12:10:36,T7,Team T7,186,nokVO0ypNbJ,JxnWX
TpQIcQpa.481,12:10:36,T7,Team T7,186,nokVO0ypNbJ,BESpLmEzEo6ANO
TpQIcQpa.482,12:10:36,T7,Team T7,186,nokVO0ypNbJ,BESpLo_uLgKCKJg==
TpQIcQpa.483,12:10:36,T7,Team T7,186,zrDYS9Da,JsIqUkAwFw1lLBg==
TpQIcQpa.484,12:10:36,T7,Team T7,186,uqm7V6u9N,BESpLkNt==
TpQIcQpa.485,12:10:36,T7,Team T7,186,nokVO0ypNbJ,JwobGgsj=
TpQIcQpa.486,12:10:36,T7,Team T7,186,nokVO0ypNbJ,JArfO9M==
TpQIcQpa.487,12:10:36,T7,Team T7,186,uqm7V6u9N,BESpLgYDY=
TpQIcQpa.488,12:10:36,T7,Team T7,187,AhZiDJjmyIE,WAljLEekl6Nrr_L==
TpQIcQpa.489,12:10:36,T7,Team T7,187,Hj1uKPf6y,OxxNA5jdiEWe==
TpQIcQpa.490,12:10:36,T7,Team T7,187,MkilHSo7,Wspg=
TpQIcQpa.491,12:10:36,T7,Team T7,187,MkilHSo7,OxxNA7ufn_
TpQIcQpa.492,12:10:36,T7,Team T7,187,MkilHSo7,Wcco07b==
TpQIcQpa.493,12:10:36,T7,Team T7,188,ZddIMBT4,963b=
TpQIcQpa.494,12:10:36,T7,Team T7,188,UcWRPyK3j,1qsbFJ81==
TpQIcQpa.495,12:10:36,T7,Team T7,188,NaUFIsOjjZz,975PWpZnw
TpQIcQpa.496,12:10:36,T7,Team T7,188,ZddIMBT4,92g==
TpQIcQpa.497,12:10:36,T7,Team T7,188,UcWRPyK3j,1qsbFO1c0hRLJdDF==
TpQIcQpa.498,12:10:36,T7,Team T7,188,ZddIMBT4,91hHyGM==
TpQIcQpa.499,12:10:36,T7,Team T7,189,75BeUhv04,ej7zKzG6gLoSvC4dp=
TpQIcQpa.500,12:10:36,T7,Team T7,189,75BeUhv04,ej7zKyQo4y
TpQIcQpa.501,12:10:36,T7,Team T7,189,75BeUhv04,ej7zKsOe==
TpQIcQpa.502,12:10:36,T7,Team T7,189,c6S5RkE1,mhL1KfVhT
TpQIcQpa.503,12:10:36,T7,Team T7,189,75BeUhv04,ej7zKtK4dLiYFSavF=
TpQIcQpa.504,12:10:36,T7,Team T7,190,c7XoPTJQQus,qnwMMbD_PORe==
TpQIcQpa.505,12:10:36,T7,Team T7,190,c7XoPTJQQus,yr1s1N5PV
TpQIcQpa.506,12:10:36,T7,Team T7,190,c7XoPTJQQus,qnwMMaDLUZLgiXITMe
TpQIcQpa.507,12:10:36,T7,Team T7,190,c7XoPTJQQus,qnwMMbOLIVT1n=
TpQIcQpa.508,12:10:36,T7,Team T7,190,c7XoPTJQQus,qnwMMc0JXsGauwL4==
TpQIcQpa.509,12:10:36,T7,Team T7,191,B3bOYLzy,DgraRVKQiMOqY2
TpQIcQpa.510,12:10:36,T7,Team T7,191,B3bOYLzy,DgraR0pVF6sj==
TpQIcQpa.511,12:10:36,T7,Team T7,191,B3bOYLzy,DgraRTzRoUQ6SYtT==
TpQIcQpa.512,12:10:36,T7,Team T7,191,p0SLUCuNBLn,L93TQIvHD
TpQIcQpa.513,12:10:36,T7,Team T7,191,q390OtF,DgraKwVv=
TpQIcQpa.514,12:10:36,T7,Team T7,191,B3bOYLzy,DgraRYVOo=
TpQIcQpa.515,12:10:36,T7,Team T7,191,B3bOYLzy,Lb7VV
TpQIcQpa.516,12:10:36,T7,Team T7,191,p0SLUCuNBLn,DgraRVvKqNlv5WsjlR
TpQIcQpa.517,12:10:36,T7,Team T7,191,B3bOYLzy,LWS84NGFH4vb66o==
TpQIcQpa.518,12:10:36,T7,Team T7,191,B3bOYLzy,LZhPWEOwL
TpQIcQpa.519,12:10:36,T7,Team T7,192,JVzk6rVum,Q96yWCiMefBCr=
TpQIcQpa.520,12:10:36,T7,Team T7,192,CTx8ZlZKmii,Q96yWH0tkffBlTN==
TpQIcQpa.521,12:10:36,T7,Team T7,192,CTx8ZlZKmii,YIZj0lpyhuFqskx==
TpQIcQpa.522,12:10:36,T7,Team T7,192,JVzk6rVum,Q96yWCeRdsoklPPTz=
TpQIcQpa.523,12:10:36,T7,Team T7,192,JVzk6rVum,Q96yWBiDbu
TpQIcQpa.524,12:10:36,T7,Team T7,192,OWQb3u4v,Q96yWFU_uApk==
TpQIcQpa.525,12:10:36,T7,Team T7,192,OWQb3u4v,YZx==
TpQIcQpa.526,12:10:36,T7,Team T7,192,CTx8ZlZKmii,YRT==
TpQIcQpa.527,12:10:36,T7,Team T7,192,CTx8ZlZKmii,YPJw=
TpQIcQpa.528,12:10:36,T7,Team T7,193,PMsvO4KH7zd,b9vIYVFwfFhB=
TpQIcQpa.529,12:10:36,T7,Team T7,193,1PLySdPs,bMNVQ62=
TpQIcQpa.530,12:10:36,T7,Team T7,194,eIqFXWkp,gVG4Qa8GUS
TpQIcQpa.531,12:10:36,T7,Team T7,194,2F7CTNfESQS,oPb097emVVdS=
TpQIcQpa.532,12:10:36,T7,Team T7,194,2F7CTNfESQS,gVG4Q97O4R
TpQIcQpa.533,12:10:36,T7,Team T7,194,2F7CTNfESQS,oXtIRCpCTVb==
TpQIcQpa.534,12:10:36,T7,Team T7,194,9H9O0TboS,gVG4Q3yGRYPyMLdBB9
TpQIcQpa.535,12:10:36,T7,Team T7,194,eIqFXWkp,oRfFTCsq=
TpQIcQpa.536,12:10:36,T7,Team T7,194,2F7CTNfESQS,oInBVOuzK
TpQIcQpa.537,12:10:36,T7,Team T7,194,2F7CTNfESQS,oJCX8Dn==
TpQIcQpa.538,12:10:36,T7,Team T7,194,eIqFXWkp,oyu6OInIIXV==
TpQIcQpa.539,12:10:36,T7,Team T7,195,fyMZYw0BDnN,tOlsVUYDwMUR==
TpQIcQpa.540,12:10:36,T7,Team T7,195,mAOb5CWlD,tOlsVM5znwYGxX
TpQIcQpa.541,12:10:36,T7,Team T7,195,rB522F5m,BJ7iUp8owQ4Rk5E==
TpQIcQpa.542,12:10:36,T7,Team T7,195,mAOb5CWlD,tOlsVN3F==
TpQIcQpa.543,12:10:36,T7,Team T7,195,rB522F5m,tOlsVShOtyQ==
TpQIcQpa.544,12:10:36,T7,Team T7,195,rB522F5m,tOlsVR4j==
TpQIcQpa.545,12:10:36,T7,Team T7,195,mAOb5CWlD,tOlsVPgsMEQyuY_aw=
TpQIcQpa.546,12:10:36,T7,Team T7,195,fyMZYw0BDnN,BA8==
TpQIcQpa.547,12:10:36,T7,Team T7,197,FkmJSYgfTVD,1en5MWieGZCRtn==
TpQIcQpa.548,12:10:36,T7,Team T7,197,FkmJSYgfTVD,1brNhQ8==
TpQIcQpa.549,12:10:36,T7,Team T7,197,MmoVZ4cZT,TAVePhDhL2
TpQIcQpa.550,12:10:36,T7,Team T7,197,RnFMW7l0,1FGOaUj2V
TpQIcQpa.551,12:10:36,T7,Team T7,197,FkmJSYgfTVD,1nrTeZewJgBZ=
TpQIcQpa.552,12:10:36,T7,Team T7,198,4gA91QQX,e4ECRM0dOxGPA0N==
TpQIcQpa.553,12:10:36,T7,Team T7,198,4gA91QQX,esCc=
TpQIcQpa.554,12:10:36,T7,Team T7,198,TgylRyW,6tQCNFD==
TpQIcQpa.555,12:10:36,T7,Team T7,198,Zfji4NHWE,6tQCU2ZhLOH_H=
TpQIcQpa.556,12:10:36,T7,Team T7,198,Sdh6XHLcEsy,e7G4VU2brCQNp2T==
TpQIcQpa.557,12:10:36,T7,Team T7,198,TgylRyW,6tQCNEH2=
TpQIcQpa.558,12:10:36,T7,Team T7,198,TgylRyW,6tQCNDLhIvX5q
TpQIcQpa.559,12:10:36,T7,Team T7,199,cSYFTwsTp,j6v0JI_39R
TpQIcQpa.560,12:10:36,T7,Team T7,199,cSYFTwsTp,j6v0JIQbg
TpQIcQpa.561,12:10:36,T7,Team T7,0,LOG_STOPPED,On JOSEPHJ-MYHP at 2015-10-16T19:10:36.784Z
