wVoaxt5F.1,04:11:26,T7,Team T7,0,LOG_STARTED,On JOSEPHJ-MYHP at 2015-10-15T11:11:26.066Z
wVoaxt5F.2,04:11:26,T7,Team T7,100,aBgb27uf,cOnwVhhtIDIlQ
wVoaxt5F.3,04:11:26,T7,Team T7,100,aBgb27uf,ksncZ2hiUFClcQG==
wVoaxt5F.4,04:11:26,T7,Team T7,100,aBgb27uf,cOnwVmrc==
wVoaxt5F.5,04:11:26,T7,Team T7,100,ZBenSPA,cOnwObktutGg3xG==
wVoaxt5F.6,04:11:26,T7,Team T7,101,6ONoX4ov,81UKQgmGdn
wVoaxt5F.7,04:11:26,T7,Team T7,101,6ONoX4ov,81UKQejwnmvN==
wVoaxt5F.8,04:11:26,T7,Team T7,101,ULulTVjKhau,81UKQfsL6BFZXe47dD
wVoaxt5F.9,04:11:26,T7,Team T7,101,ULulTVjKhau,gQAD=
wVoaxt5F.10,04:11:26,T7,Team T7,101,6ONoX4ov,81UKQft_3t
wVoaxt5F.11,04:11:26,T7,Team T7,101,ULulTVjKhau,81UKQirxeq
wVoaxt5F.12,04:11:26,T7,Team T7,101,6ONoX4ov,81UKQhmMYs00Ul1W7A
wVoaxt5F.13,04:11:26,T7,Team T7,101,ULulTVjKhau,81UKQidI==
wVoaxt5F.14,04:11:26,T7,Team T7,101,6ONoX4ov,gATzX
wVoaxt5F.15,04:11:26,T7,Team T7,101,6ONoX4ov,81UKQjtw7zY73raet=
wVoaxt5F.16,04:11:26,T7,Team T7,102,PZ21lRcyUtc,b_flxPev7zqpsOS==
wVoaxt5F.17,04:11:26,T7,Team T7,102,PZ21lRcyUtc,3fsribpDF=
wVoaxt5F.18,04:11:26,T7,Team T7,103,kMCSmUuzx,r007c4VRhqWa==
wVoaxt5F.19,04:11:26,T7,Team T7,103,pNTJjXDA,zXNIiWrR=
wVoaxt5F.20,04:11:26,T7,Team T7,103,kMCSmUuzx,r007c5Ex==
wVoaxt5F.21,04:11:26,T7,Team T7,103,dKAGfOyPxkq,z3ZY=
wVoaxt5F.22,04:11:26,T7,Team T7,103,kMCSmUuzx,r007c6NHviPVjzwwfm
wVoaxt5F.23,04:11:26,T7,Team T7,103,dKAGfOyPxkq,zFJX8SD4uvn==
wVoaxt5F.24,04:11:26,T7,Team T7,103,dKAGfOyPxkq,zOJYcMDF=
wVoaxt5F.25,04:11:26,T7,Team T7,103,pNTJjXDA,zzCdsEGGDJFYsJQ==
wVoaxt5F.26,04:11:26,T7,Team T7,103,kMCSmUuzx,r007c5tTpts1FF
wVoaxt5F.27,04:11:26,T7,Team T7,103,dKAGfOyPxkq,z_WQ9LJWzsx0=
wVoaxt5F.28,04:11:26,T7,Team T7,104,l1qpeTxo,nexO76sHP=
wVoaxt5F.29,04:11:26,T7,Team T7,104,l1qpeTxo,v47==
wVoaxt5F.30,04:11:26,T7,Team T7,104,l1qpeTxo,nexO78qvTx6Ik=
wVoaxt5F.31,04:11:26,T7,Team T7,104,9Y7maKsDIaF,vk7==
wVoaxt5F.32,04:11:26,T7,Team T7,104,l1qpeTxo,nexO78CUClMpC=
wVoaxt5F.33,04:11:26,T7,Team T7,104,9Y7maKsDIaF,vTjldBQyu
wVoaxt5F.34,04:11:26,T7,Team T7,105,EdHLbNhbl,Lr521X_9dHL1==
wVoaxt5F.35,04:11:26,T7,Team T7,105,xbFz4Hlrltm,T49Tb0t99MOl1
wVoaxt5F.36,04:11:26,T7,Team T7,105,JeYC8Qqc,T_MzXyfjq
wVoaxt5F.37,04:11:26,T7,Team T7,105,JeYC8Qqc,Lr5214kp5uRlo=
wVoaxt5F.38,04:11:26,T7,Team T7,105,xbFz4Hlrltm,TjVU8IhBorj==
wVoaxt5F.39,04:11:26,T7,Team T7,105,JeYC8Qqc,TlQSa
wVoaxt5F.40,04:11:26,T7,Team T7,106,tpceZbfIYkA,HFCIWzgGL
wVoaxt5F.41,04:11:26,T7,Team T7,106,Areq6hbsY,HFCIWrnwdySLgy
wVoaxt5F.42,04:11:26,T7,Team T7,106,Areq6hbsY,HFCIWrcK1=
wVoaxt5F.43,04:11:26,T7,Team T7,106,Fsvh3kkt,PCwka
wVoaxt5F.44,04:11:26,T7,Team T7,106,Areq6hbsY,HFCIWskV5mEB2j9c==
wVoaxt5F.45,04:11:26,T7,Team T7,106,tpceZbfIYkA,PIs==
wVoaxt5F.46,04:11:26,T7,Team T7,106,tpceZbfIYkA,PpmLQloOYxN==
wVoaxt5F.47,04:11:26,T7,Team T7,106,tpceZbfIYkA,HFCIWxnwGq
wVoaxt5F.48,04:11:26,T7,Team T7,106,tpceZbfIYkA,Phyp3
wVoaxt5F.49,04:11:26,T7,Team T7,106,tpceZbfIYkA,PDGLQaDU=
wVoaxt5F.50,04:11:26,T7,Team T7,107,pd19NZM,CqapJmxuij1A=
wVoaxt5F.51,04:11:26,T7,Team T7,107,vcM60exgB,CqapQsMA==
wVoaxt5F.52,04:11:26,T7,Team T7,107,Ad3XXhGh,Kod17tODnjS==
wVoaxt5F.53,04:11:26,T7,Team T7,107,vcM60exgB,CqapQuJu==
wVoaxt5F.54,04:11:26,T7,Team T7,107,oaKUT8BwBaP,KbjfQmSzln8==
wVoaxt5F.55,04:11:26,T7,Team T7,107,Ad3XXhGh,Kc35Lhumty68r
wVoaxt5F.56,04:11:26,T7,Team T7,107,vcM60exgB,CqapQuKhm6
wVoaxt5F.57,04:11:26,T7,Team T7,107,Ad3XXhGh,KvgUT6vI=
wVoaxt5F.58,04:11:26,T7,Team T7,108,YqAaqdAx,8DEmw5FO7NxV=
wVoaxt5F.59,04:11:26,T7,Team T7,108,YqAaqdAx,0DHDjsFXcHA0LP
wVoaxt5F.60,04:11:26,T7,Team T7,108,YqAaqdAx,0DHDjsLKYOu8JqCJr
wVoaxt5F.61,04:11:26,T7,Team T7,108,Tpjjtarwe,0DHDjlzviGY16=
wVoaxt5F.62,04:11:26,T7,Team T7,108,Mnh7m4vMetw,8iw6q3EKdJt==
wVoaxt5F.63,04:11:26,T7,Team T7,108,YqAaqdAx,8Kh==
wVoaxt5F.64,04:11:26,T7,Team T7,109,IBPNg1oARkK,4N75FWC=
wVoaxt5F.65,04:11:26,T7,Team T7,109,PDRZn7kkR,WRfkdnyH6igoYkokxr
wVoaxt5F.66,04:11:26,T7,Team T7,109,PDRZn7kkR,WRfkdolky=
wVoaxt5F.67,04:11:26,T7,Team T7,110,tbqhyhEbF91,HrRFvBwqoq0bz=
wVoaxt5F.68,04:11:26,T7,Team T7,110,tbqhyhEbF91,HrRFvDZep8bdk3sr6H
wVoaxt5F.69,04:11:26,T7,Team T7,110,FeJkCqJW,HrRFvE5dnf_kt9fk==
wVoaxt5F.70,04:11:26,T7,Team T7,110,FeJkCqJW,PnCmGqzbAle3EX9==
wVoaxt5F.71,04:11:26,T7,Team T7,110,tbqhyhEbF91,HrRFvCDcshnbC06oJBTs==
wVoaxt5F.72,04:11:26,T7,Team T7,110,FeJkCqJW,HrRFvBOf==
wVoaxt5F.73,04:11:26,T7,Team T7,112,MawCnaTgVjX,0qX2ks8Y==
wVoaxt5F.74,04:11:26,T7,Team T7,112,MawCnaTgVjX,0qX2ky22YuoZ5=
wVoaxt5F.75,04:11:26,T7,Team T7,112,YdPFrjY1,8iI4fr4hHE43Xp9==
wVoaxt5F.76,04:11:26,T7,Team T7,114,dDDGj9C5J,kR2W9mSnI=
wVoaxt5F.77,04:11:26,T7,Team T7,114,dDDGj9C5J,kR2W9jEcJs
wVoaxt5F.78,04:11:26,T7,Team T7,114,dDDGj9C5J,kR2W9kInSMaQ==
wVoaxt5F.79,04:11:26,T7,Team T7,114,6BBuc3GlJsS,sZB_ieLx=
wVoaxt5F.80,04:11:26,T7,Team T7,114,iEUxgcL6,kR2W9p3krucZkLdaV0
wVoaxt5F.81,04:11:26,T7,Team T7,114,iEUxgcL6,sqB==
wVoaxt5F.82,04:11:26,T7,Team T7,114,7ESJ6UR,kR2W2e64BTWa=
wVoaxt5F.83,04:11:26,T7,Team T7,114,iEUxgcL6,sHG0m_U3OvSW=
wVoaxt5F.84,04:11:26,T7,Team T7,115,eprdb8FU,oye==
wVoaxt5F.85,04:11:26,T7,Team T7,115,9oame5wTm,gCzD4jJp6Bmi==
wVoaxt5F.86,04:11:26,T7,Team T7,115,eprdb8FU,ojk92O0m8qfLJ
wVoaxt5F.87,04:11:26,T7,Team T7,115,9oame5wTm,gCzD4j_Wkf
wVoaxt5F.88,04:11:26,T7,Team T7,115,2m8a7ZA9mj7,oltFenG0a
wVoaxt5F.89,04:11:26,T7,Team T7,115,eprdb8FU,oeqngfs3k_DR1
wVoaxt5F.90,04:11:26,T7,Team T7,115,eprdb8FU,gCzD4mA1dDnFJpcAN4ue==
wVoaxt5F.91,04:11:26,T7,Team T7,118,oANUvVFLf,vOcel8YYhGg0ifSE==
wVoaxt5F.92,04:11:26,T7,Team T7,118,tB4LsYOM,Dp8LDEKXktu==
wVoaxt5F.93,04:11:26,T7,Team T7,118,tB4LsYOM,DEjUhQR==
wVoaxt5F.94,04:11:26,T7,Team T7,118,oANUvVFLf,vOcelcI4knwey5z=
wVoaxt5F.95,04:11:26,T7,Team T7,118,oANUvVFLf,vOcelcKensvkdcED7_Ej==
wVoaxt5F.96,04:11:26,T7,Team T7,118,tB4LsYOM,DFfKfWH==
wVoaxt5F.97,04:11:26,T7,Team T7,118,oANUvVFLf,vOcel5K7rkftvdQGY=
wVoaxt5F.98,04:11:26,T7,Team T7,119,FMjojMDip9w,1BHUlDZle7NRoce==
wVoaxt5F.99,04:11:26,T7,Team T7,119,FMjojMDip9w,1QFu=
wVoaxt5F.100,04:11:26,T7,Team T7,119,FMjojMDip9w,1VEzyCMk=
wVoaxt5F.101,04:11:26,T7,Team T7,119,RPCrnVI3,16SobKGyjoOyuWY==
wVoaxt5F.102,04:11:26,T7,Team T7,119,RPCrnVI3,1ZIue8MdvD_Lf
wVoaxt5F.103,04:11:26,T7,Team T7,119,RPCrnVI3,1Bz==
wVoaxt5F.104,04:11:26,T7,Team T7,120,qmsSBzSTFrM,MltXCqXIHM9l6
wVoaxt5F.105,04:11:26,T7,Team T7,120,CpLVFIXE,MoLRrLQYssZ==
wVoaxt5F.106,04:11:26,T7,Team T7,120,qmsSBzSTFrM,Miy==
wVoaxt5F.107,04:11:26,T7,Team T7,120,CpLVFIXE,ECUgyVgUCzJnaukb=
wVoaxt5F.108,04:11:26,T7,Team T7,120,CpLVFIXE,MwI7CO5F=
wVoaxt5F.109,04:11:26,T7,Team T7,120,CpLVFIXE,ECUgySST_p
wVoaxt5F.110,04:11:26,T7,Team T7,120,qmsSBzSTFrM,ECUgyQWDGD8B==
wVoaxt5F.111,04:11:26,T7,Team T7,120,CpLVFIXE,ECUgyWOB==
wVoaxt5F.112,04:11:26,T7,Team T7,121,mDgkpnX,zQrulrKN=
wVoaxt5F.113,04:11:26,T7,Team T7,121,mDgkpnX,zQrulmLN8jBiZWm==
wVoaxt5F.114,04:11:26,T7,Team T7,121,lAZ5vwMHiit,zQrusQXJfII0==
wVoaxt5F.115,04:11:26,T7,Team T7,121,xDi8zFRs,Ht6sL
wVoaxt5F.116,04:11:26,T7,Team T7,122,KlxKqs8vt8I,6xDMEA3t=
wVoaxt5F.117,04:11:26,T7,Team T7,122,WoQNuBdg,YBZanLtgv84PRN9nF=
wVoaxt5F.118,04:11:26,T7,Team T7,122,KlxKqs8vt8I,YBZanQ1us_FtQFcwNxk4==
wVoaxt5F.119,04:11:26,T7,Team T7,122,KlxKqs8vt8I,YBZanLpv_f7uHVblLKca==
wVoaxt5F.120,04:11:26,T7,Team T7,122,KlxKqs8vt8I,6uIWjjjmhdV==
wVoaxt5F.121,04:11:26,T7,Team T7,124,fPVGQu0l,pY21=
wVoaxt5F.122,04:11:26,T7,Team T7,124,3MCDMlVAJiD,pOMONnSqyMA==
wVoaxt5F.123,04:11:26,T7,Team T7,125,Z09iHiPQm8S,dgBLEF6E==
wVoaxt5F.124,04:11:26,T7,Team T7,125,62buOoLAm,dgBLEBbS4bVDfLotZU
wVoaxt5F.125,04:11:26,T7,Team T7,125,Z09iHiPQm8S,lU9O=
wVoaxt5F.126,04:11:26,T7,Team T7,125,62buOoLAm,dgBLEB3U==
wVoaxt5F.127,04:11:26,T7,Team T7,125,Z09iHiPQm8S,lcIk3AVGp
wVoaxt5F.128,04:11:26,T7,Team T7,126,6O01Gogp,gPVjQb9==
wVoaxt5F.129,04:11:26,T7,Team T7,126,1NJaJl7oZ,819szyuCKA9xkI0fyk
wVoaxt5F.130,04:11:26,T7,Team T7,126,ULHYCfbEZr6,gO1_Qufpft9e=
wVoaxt5F.131,04:11:26,T7,Team T7,126,ULHYCfbEZr6,gBTjWt_GY
wVoaxt5F.132,04:11:26,T7,Team T7,126,ULHYCfbEZr6,gTX8=
wVoaxt5F.133,04:11:26,T7,Team T7,126,ULHYCfbEZr6,819szDeAdtmtyvm3K7oh==
wVoaxt5F.134,04:11:26,T7,Team T7,127,u1xHAk9d,E4e==
wVoaxt5F.135,04:11:26,T7,Team T7,127,iYeEwb4saiN,E6A==
wVoaxt5F.136,04:11:26,T7,Team T7,127,p0gQDh0ca,weG9tx_pfuKZSYXD==
wVoaxt5F.137,04:11:26,T7,Team T7,127,p0gQDh0ca,weG9tr5g==
wVoaxt5F.138,04:11:26,T7,Team T7,127,u1xHAk9d,Emq1xqle=
wVoaxt5F.139,04:11:26,T7,Team T7,127,u1xHAk9d,ElsR_l9x4n37j
wVoaxt5F.140,04:11:26,T7,Team T7,127,u1xHAk9d,EXEDsgc==
wVoaxt5F.141,04:11:26,T7,Team T7,127,u1xHAk9d,weG9ty7k8oZ9==
wVoaxt5F.142,04:11:26,T7,Team T7,127,p0gQDh0ca,weG9tvczXja40lY58=
wVoaxt5F.143,04:11:26,T7,Team T7,128,leO3yeUtN,ssenopRBPaZLhwuJFNC5==
wVoaxt5F.144,04:11:26,T7,Team T7,128,qf5Uvh3u,A7cbhiW==
wVoaxt5F.145,04:11:26,T7,Team T7,128,leO3yeUtN,ssenooazZ6vTN=
wVoaxt5F.146,04:11:26,T7,Team T7,128,leO3yeUtN,ssenooaHN9kH==
wVoaxt5F.147,04:11:26,T7,Team T7,128,ff36lZ9,ssenhocvIzcl=
wVoaxt5F.148,04:11:26,T7,Team T7,129,gZmIsaNhq,ndM3ilVDxKBU==
wVoaxt5F.149,04:11:26,T7,Team T7,129,gZmIsaNhq,ndM3isKgFushPl
wVoaxt5F.150,04:11:26,T7,Team T7,129,gZmIsaNhq,ndM3inLMfJmZf=
wVoaxt5F.151,04:11:26,T7,Team T7,129,l0DzpdWi,vbrDq52moKps=
wVoaxt5F.152,04:11:26,T7,Team T7,129,gZmIsaNhq,ndM3imToasA0==
wVoaxt5F.153,04:11:26,T7,Team T7,129,gZmIsaNhq,ndM3ik8ifNuX9dbXAm
wVoaxt5F.154,04:11:26,T7,Team T7,130,zBM3HtcT,BOWoAC932B2Y==
wVoaxt5F.155,04:11:26,T7,Team T7,130,nyt0Dk78dh0,BOWoAExUZLrIO=
wVoaxt5F.156,04:11:26,T7,Team T7,130,zBM3HtcT,BOWoACmQ2ydO==
wVoaxt5F.157,04:11:26,T7,Team T7,130,nyt0Dk78dh0,JovvDu8c=
wVoaxt5F.158,04:11:26,T7,Team T7,130,nyt0Dk78dh0,BOWoAEnmfn9Sy0Qj6S9T==
wVoaxt5F.159,04:11:26,T7,Team T7,130,nyt0Dk78dh0,BOWoAFe54=
wVoaxt5F.160,04:11:26,T7,Team T7,131,jL0Gyh0oR7e,x1t5vAdtAhdzm=
wVoaxt5F.161,04:11:26,T7,Team T7,132,eZyT0Lmduqt,sf1jX8_0zAD099Za==
wVoaxt5F.162,04:11:26,T7,Team T7,132,eZyT0Lmduqt,AfRh8A==
wVoaxt5F.163,04:11:26,T7,Team T7,132,q2RW4UrY,AQU8gOe8sNORe
wVoaxt5F.164,04:11:26,T7,Team T7,132,l1A57RiXu,sf1jX1rkn=
wVoaxt5F.165,04:11:26,T7,Team T7,132,eZyT0Lmduqt,Ak59=
wVoaxt5F.166,04:11:26,T7,Team T7,132,eZyT0Lmduqt,AeNR=
wVoaxt5F.167,04:11:26,T7,Team T7,132,q2RW4UrY,sf1jX5pYrJwevh
wVoaxt5F.168,04:11:26,T7,Team T7,133,Cc5yUHg17ha,QsyZR0s4Yd7o==
wVoaxt5F.169,04:11:26,T7,Team T7,133,Je7K1NcL7,QsyZRYl5==
wVoaxt5F.170,04:11:26,T7,Team T7,133,Cc5yUHg17ha,Yer==
wVoaxt5F.171,04:11:26,T7,Team T7,133,Cc5yUHg17ha,Yv6C0GwPSjrytbV==
wVoaxt5F.172,04:11:26,T7,Team T7,133,Je7K1NcL7,QsyZRYv4Q=
wVoaxt5F.173,04:11:26,T7,Team T7,133,Je7K1NcL7,QsyZRYf3kFxuhdJ3n=
wVoaxt5F.174,04:11:26,T7,Team T7,133,OfoBYQlM,YncQMTBV1_x=
wVoaxt5F.175,04:11:26,T7,Team T7,133,Cc5yUHg17ha,QsyZR4iN6=
wVoaxt5F.176,04:11:26,T7,Team T7,133,Cc5yUHg17ha,Y7jIg1cXeJuo=
wVoaxt5F.177,04:11:26,T7,Team T7,133,OfoBYQlM,QsyZR5qJYqmQvc_bxouY==
wVoaxt5F.178,04:11:26,T7,Team T7,134,K0WhTNf2,UMSq4XivXmKlU
wVoaxt5F.179,04:11:26,T7,Team T7,134,K0WhTNf2,UgUucyx_Ozt8=
wVoaxt5F.180,04:11:26,T7,Team T7,134,K0WhTNf2,U8LrGP34Miv32
wVoaxt5F.181,04:11:26,T7,Team T7,134,K0WhTNf2,Md6GMZhxGuB6TRN0UesY==
wVoaxt5F.182,04:11:26,T7,Team T7,134,yXDePEahK7o,UaUJTtwZDqr==
wVoaxt5F.183,04:11:26,T7,Team T7,134,yXDePEahK7o,UQTD3ubpHrnrO
wVoaxt5F.184,04:11:26,T7,Team T7,134,K0WhTNf2,Md6GM0l0EoJbiAvHdq
wVoaxt5F.185,04:11:26,T7,Team T7,134,yXDePEahK7o,Md6GM0j_I3z8LvZrS=
wVoaxt5F.186,04:11:26,T7,Team T7,134,yXDePEahK7o,U54xY
wVoaxt5F.187,04:11:26,T7,Team T7,134,K0WhTNf2,UM0JH
wVoaxt5F.188,04:11:26,T7,Team T7,135,Xer8Ese,arDmAPgNbyN0U
wVoaxt5F.189,04:11:26,T7,Team T7,136,3r1aIGu7,dvNb_uCau
wVoaxt5F.190,04:11:26,T7,Team T7,136,YqKjLDl6x,5EbBBRosu=
wVoaxt5F.191,04:11:26,T7,Team T7,136,RoI7Expmxhk,dk5lEDtaJ
wVoaxt5F.192,04:11:26,T7,Team T7,136,RoI7Expmxhk,5EbBBVInKzDa0SB4I=
wVoaxt5F.193,04:11:26,T7,Team T7,137,UbiYGAfUa,1pJhwLqY9cRUrtQ==
wVoaxt5F.194,04:11:26,T7,Team T7,137,N9gMzujaa7z,9aF3Dkh4a3ACB
wVoaxt5F.195,04:11:26,T7,Team T7,137,N9gMzujaa7z,9mqVXGmc=
wVoaxt5F.196,04:11:26,T7,Team T7,137,ZczPDDoV,98ELSxj8=
wVoaxt5F.197,04:11:26,T7,Team T7,137,UbiYGAfUa,1pJhwLAaUuDPWq1zVO
wVoaxt5F.198,04:11:26,T7,Team T7,137,UbiYGAfUa,1pJhwMEb7sQ9VNVp5zIU==
wVoaxt5F.199,04:11:26,T7,Team T7,137,N9gMzujaa7z,9hvWEPl923DY=
wVoaxt5F.200,04:11:26,T7,Team T7,137,N9gMzujaa7z,9eORDFh==
wVoaxt5F.201,04:11:26,T7,Team T7,138,bnNs1qcYNYN,xmXG=
wVoaxt5F.202,04:11:26,T7,Team T7,138,nq6v5zhJ,xx5sgDvdyaKyOK==
wVoaxt5F.203,04:11:26,T7,Team T7,138,nq6v5zhJ,pDgYYOvJD4RjqTQj=
wVoaxt5F.204,04:11:26,T7,Team T7,138,ipPE8w8IN,pDgYYMc7SWVzuLJbiM
wVoaxt5F.205,04:11:26,T7,Team T7,139,jEEaZwbZ,tqR6Rs32hErR=
wVoaxt5F.206,04:11:26,T7,Team T7,139,eDnj2t2Yr,lROESF37qqY6VN
wVoaxt5F.207,04:11:26,T7,Team T7,139,jEEaZwbZ,tKNhYl8q=
wVoaxt5F.208,04:11:26,T7,Team T7,139,eDnj2t2Yr,lROESKwtq=
wVoaxt5F.209,04:11:26,T7,Team T7,139,7Bl7Vn6erhu,twvBYuY==
wVoaxt5F.210,04:11:26,T7,Team T7,139,eDnj2t2Yr,lROESFkZzmJZ==
wVoaxt5F.211,04:11:26,T7,Team T7,139,eDnj2t2Yr,lROESG6caA
wVoaxt5F.212,04:11:26,T7,Team T7,139,jEEaZwbZ,tXI72y1sixr==
wVoaxt5F.213,04:11:26,T7,Team T7,139,7Bl7Vn6erhu,tKmESubm=
wVoaxt5F.214,04:11:26,T7,Team T7,140,4eNEhMqA,6rYZaTpR69VOztIVHVQ==
wVoaxt5F.215,04:11:26,T7,Team T7,140,SbuBdDlPe6L,e7Q==
wVoaxt5F.216,04:11:26,T7,Team T7,140,SbuBdDlPe6L,egTz7J_Ca7ZAvoG==
wVoaxt5F.217,04:11:26,T7,Team T7,140,SbuBdDlPe6L,6rYZaWlZYg
wVoaxt5F.218,04:11:26,T7,Team T7,140,SbuBdDlPe6L,6rYZaXIG1=
wVoaxt5F.219,04:11:26,T7,Team T7,140,4eNEhMqA,eyGEgMr31
wVoaxt5F.220,04:11:26,T7,Team T7,140,SbuBdDlPe6L,e2u==
wVoaxt5F.221,04:11:26,T7,Team T7,141,gp1O8zHERpZ,uFvd5UCCXsgH2T
wVoaxt5F.222,04:11:26,T7,Team T7,141,nr30fFDoR,uFvd5PTxGF
wVoaxt5F.223,04:11:26,T7,Team T7,141,sskRcIMp,Cl8i5
wVoaxt5F.224,04:11:26,T7,Team T7,141,gp1O8zHERpZ,uFvd5U3w0mcG3Q
wVoaxt5F.225,04:11:26,T7,Team T7,141,sskRcIMp,CJbQns1v6BpSfEZ==
wVoaxt5F.226,04:11:26,T7,Team T7,141,gp1O8zHERpZ,uFvd5RFQTl
wVoaxt5F.227,04:11:26,T7,Team T7,141,sskRcIMp,uFvd5VYxPCiK==
wVoaxt5F.228,04:11:26,T7,Team T7,142,cdQJWnM,pq3USuyPpFgzU
wVoaxt5F.229,04:11:26,T7,Team T7,143,zn69XtvI76V,NDAAUNSZPae7OjRNj
wVoaxt5F.230,04:11:26,T7,Team T7,143,zn69XtvI76V,NDAAUODMUfYd6r1Zxc
wVoaxt5F.231,04:11:26,T7,Team T7,143,Gp8l4zrs7,NDAAULDGbu2MZC6S==
wVoaxt5F.232,04:11:26,T7,Team T7,143,Lqpc1CAt,NDAAURyMimW3lIWS==
wVoaxt5F.233,04:11:26,T7,Team T7,143,zn69XtvI76V,NDAAUMyG==
wVoaxt5F.234,04:11:26,T7,Team T7,144,HEXpWyth,JR8OPMjlz6xv=
wVoaxt5F.235,04:11:26,T7,Team T7,144,HEXpWyth,JR8OPKPGy9fF==
wVoaxt5F.236,04:11:26,T7,Team T7,144,HEXpWyth,JR8OPMlyOktHJN
wVoaxt5F.237,04:11:26,T7,Team T7,144,HEXpWyth,RXRtceC==
wVoaxt5F.238,04:11:26,T7,Team T7,144,CDGyZvkgK,JR8OPFyIH=
wVoaxt5F.239,04:11:26,T7,Team T7,144,HEXpWyth,RWHCQAmvJ
wVoaxt5F.240,04:11:26,T7,Team T7,144,CDGyZvkgK,JR8OPGIhR=
wVoaxt5F.241,04:11:26,T7,Team T7,145,Cpu5Qvny,ECFvJIxO1LmZo=
wVoaxt5F.242,04:11:26,T7,Team T7,145,qmb2MmiNVgo,ECFvJIvXagyVMJ27==
wVoaxt5F.243,04:11:26,T7,Team T7,145,Cpu5Qvny,Mlh==
wVoaxt5F.244,04:11:26,T7,Team T7,145,qmb2MmiNVgo,ECFvJKoY0lmcPFZMmr08==
wVoaxt5F.245,04:11:26,T7,Team T7,145,qmb2MmiNVgo,MuldKrw==
wVoaxt5F.246,04:11:26,T7,Team T7,145,qmb2MmiNVgo,ECFvJJgFCsD8zk
wVoaxt5F.247,04:11:26,T7,Team T7,145,qmb2MmiNVgo,MgEa=
wVoaxt5F.248,04:11:26,T7,Team T7,145,xodeTsexV,ECFvJGwHMCGX_Du=
wVoaxt5F.249,04:11:26,T7,Team T7,145,Cpu5Qvny,ECFvJHrYOFEeTpG5V=
wVoaxt5F.250,04:11:26,T7,Team T7,146,VBLUloAly,2PdcbzVkAemJrh
wVoaxt5F.251,04:11:26,T7,Team T7,146,VBLUloAly,2PdcbBMEojar==
wVoaxt5F.252,04:11:26,T7,Team T7,146,OzJIeiEBy65,2PdcbGPGio
wVoaxt5F.253,04:11:26,T7,Team T7,146,VBLUloAly,2PdcbzBNf=
wVoaxt5F.254,04:11:26,T7,Team T7,146,0C2LirJm,aC2IewRGr9__w
wVoaxt5F.255,04:11:26,T7,Team T7,146,OzJIeiEBy65,aNNIcqzvLhuCB
wVoaxt5F.256,04:11:26,T7,Team T7,146,VBLUloAly,2PdcbBTLDeqr==
wVoaxt5F.257,04:11:26,T7,Team T7,147,RPjzgltBb,Y3LS6BMQ8jC9=
wVoaxt5F.258,04:11:26,T7,Team T7,147,RPjzgltBb,Y3LS6zGG6YA9lXcom=
wVoaxt5F.259,04:11:26,T7,Team T7,147,KNhn9fxRbXk,Y3LS6DSR4VqpgZZE==
wVoaxt5F.260,04:11:26,T7,Team T7,148,S47D7Swq,2ZUQ=
wVoaxt5F.261,04:11:26,T7,Team T7,148,S47D7Swq,27e1X
wVoaxt5F.262,04:11:26,T7,Team T7,149,4MmgYFkur7f,qCzA0Geu
wVoaxt5F.263,04:11:26,T7,Team T7,149,5PDvSwv,i2QNOGrrjbsBddFm=
wVoaxt5F.264,04:11:26,T7,Team T7,149,gPFj2Opf,qCzo=
wVoaxt5F.265,04:11:26,T7,Team T7,149,gPFj2Opf,qRtk=
wVoaxt5F.266,04:11:26,T7,Team T7,150,1pgNk4FQ,3Cs8djA18=
wVoaxt5F.267,04:11:26,T7,Team T7,150,1pgNk4FQ,bkX==
wVoaxt5F.268,04:11:26,T7,Team T7,150,1pgNk4FQ,3Cs8dhJVbTZb==
wVoaxt5F.269,04:11:26,T7,Team T7,150,1pgNk4FQ,3Cs8dhJ_tWt30TEV375o==
wVoaxt5F.270,04:11:26,T7,Team T7,150,PmXKgVA5fWw,bteUk7Z9p4Yie
wVoaxt5F.271,04:11:26,T7,Team T7,150,PmXKgVA5fWw,bH3==
wVoaxt5F.272,04:11:26,T7,Team T7,151,KAvpaSWlSfK,YQ0O7gbbP=
wVoaxt5F.273,04:11:26,T7,Team T7,151,KAvpaSWlSfK,6DYV=
wVoaxt5F.274,04:11:26,T7,Team T7,152,kQlF9YVU,m3x22bU4ilQlGnplepzm==
wVoaxt5F.275,04:11:26,T7,Team T7,152,8N2C5PQ9v5r,uPdY=
wVoaxt5F.276,04:11:26,T7,Team T7,152,fP4OcVMTv,m3x2252X==
wVoaxt5F.277,04:11:26,T7,Team T7,152,kQlF9YVU,m3x229LiHtu9EY
wVoaxt5F.278,04:11:26,T7,Team T7,152,8N2C5PQ9v5r,uSdIjTX2j
wVoaxt5F.279,04:11:26,T7,Team T7,152,8N2C5PQ9v5r,uThF5Jf7Gkqg=
wVoaxt5F.280,04:11:26,T7,Team T7,153,gBTl4UOb,qtLhZYP9p
wVoaxt5F.281,04:11:26,T7,Team T7,153,gBTl4UOb,qp9K=
wVoaxt5F.282,04:11:26,T7,Team T7,153,gBTl4UOb,iO5JX9G8HYEA==
wVoaxt5F.283,04:11:26,T7,Team T7,153,gBTl4UOb,iO5JX4CbIcOOv=
wVoaxt5F.284,04:11:26,T7,Team T7,153,bACu7RFaF,iO5JX1DvQ3GTEQeNK=
wVoaxt5F.285,04:11:26,T7,Team T7,153,gBTl4UOb,iO5JX7_ssZ2FT94EM=
wVoaxt5F.286,04:11:26,T7,Team T7,153,gBTl4UOb,iO5JX7Eo==
wVoaxt5F.287,04:11:26,T7,Team T7,153,gBTl4UOb,qBA==
wVoaxt5F.288,04:11:26,T7,Team T7,153,4yAi0LJqFWG,iO5JX9SgD0
wVoaxt5F.289,04:11:26,T7,Team T7,154,sM7YsIDeifU,G2Cqp3StilYt3=
wVoaxt5F.290,04:11:26,T7,Team T7,156,jddQhBSiyWQ,Feja8OOzv8==
wVoaxt5F.291,04:11:26,T7,Team T7,156,kgu5bs3,xtIk7zThsg96=
wVoaxt5F.292,04:11:26,T7,Team T7,156,qff2oHO2y,xtIkeUUit=
wVoaxt5F.293,04:11:26,T7,Team T7,156,jddQhBSiyWQ,xtIkeYU6zc
wVoaxt5F.294,04:11:26,T7,Team T7,156,kgu5bs3,xtIk7y0jv
wVoaxt5F.295,04:11:26,T7,Team T7,156,jddQhBSiyWQ,F4F8ds02=
wVoaxt5F.296,04:11:26,T7,Team T7,156,vgwTlKX3,FhJd
wVoaxt5F.297,04:11:26,T7,Team T7,157,T13zfGRR,3iXF5wVU_
wVoaxt5F.298,04:11:26,T7,Team T7,157,O0MIiDIQc,Vef18PH68BjNRll4i3xv==
wVoaxt5F.299,04:11:26,T7,Team T7,157,HYKwbxM6cf5,38Uzy
wVoaxt5F.300,04:11:26,T7,Team T7,157,HYKwbxM6cf5,35Pxgm1Yf
wVoaxt5F.301,04:11:26,T7,Team T7,157,HYKwbxM6cf5,376G=
wVoaxt5F.302,04:11:26,T7,Team T7,157,T13zfGRR,3O_K9C8=
wVoaxt5F.303,04:11:26,T7,Team T7,157,T13zfGRR,3NLUADLV4zi==
wVoaxt5F.304,04:11:26,T7,Team T7,157,O0MIiDIQc,Vef18RRPgu6nNIYnm=
wVoaxt5F.305,04:11:26,T7,Team T7,157,HYKwbxM6cf5,338yq
wVoaxt5F.306,04:11:26,T7,Team T7,157,O0MIiDIQc,Vef18QIi0u
wVoaxt5F.307,04:11:26,T7,Team T7,159,FrRA7wYVZ,MFkVXOXlX9wz==
wVoaxt5F.308,04:11:26,T7,Team T7,159,ypPo0q2bZW0,Uj2y0k5pOZa_Mr==
wVoaxt5F.309,04:11:26,T7,Team T7,162,DY3dF74R3Vc,Zl9==
wVoaxt5F.310,04:11:26,T7,Team T7,162,P1mgJg9C,ZacxvoZQ5pxz=
wVoaxt5F.311,04:11:26,T7,Team T7,163,dfUWEd3q,fs7kxp1IymH2ug6==
wVoaxt5F.312,04:11:26,T7,Team T7,163,1cBTA4YFGer,n9HYO
wVoaxt5F.313,04:11:26,T7,Team T7,163,2fS8uV9,fs7kqfXLqbztafovzBR==
wVoaxt5F.314,04:11:26,T7,Team T7,163,2fS8uV9,fs7kqo6==
wVoaxt5F.315,04:11:26,T7,Team T7,164,80s9y9WG,i8f==
wVoaxt5F.316,04:11:26,T7,Team T7,164,80s9y9WG,adFyrlOHse7A3Q
wVoaxt5F.317,04:11:26,T7,Team T7,164,WX96u0RVj48,iNHxERJ==
wVoaxt5F.318,04:11:26,T7,Team T7,164,WX96u0RVj48,iYbgBW2ZdjAWQpB==
wVoaxt5F.319,04:11:26,T7,Team T7,164,80s9y9WG,iVnvmhZ==
wVoaxt5F.320,04:11:26,T7,Team T7,164,WX96u0RVj48,adFyrkS0mgEwX=
wVoaxt5F.321,04:11:26,T7,Team T7,166,goerjT7xzeB,CsDLkUZ==
wVoaxt5F.322,04:11:26,T7,Team T7,166,nqgDqZ3hz,uEKVgaiCnwyX_bv==
wVoaxt5F.323,04:11:26,T7,Team T7,166,nqgDqZ3hz,uEKVgbkB==
wVoaxt5F.324,04:11:26,T7,Team T7,166,nqgDqZ3hz,uEKVgdcMxe
wVoaxt5F.325,04:11:26,T7,Team T7,166,srxun2ci,uEKVgfdiswLT0evdoU
wVoaxt5F.326,04:11:26,T7,Team T7,166,nqgDqZ3hz,uEKVga6nDwAYX=
wVoaxt5F.327,04:11:26,T7,Team T7,166,nqgDqZ3hz,uEKVgcajKqJ3S
wVoaxt5F.328,04:11:26,T7,Team T7,166,goerjT7xzeB,CJnCi8mNrhYTYxf==
wVoaxt5F.329,04:11:26,T7,Team T7,166,goerjT7xzeB,CojSBOjfjnQDV
wVoaxt5F.330,04:11:26,T7,Team T7,166,srxun2ci,CuDGcd5==
wVoaxt5F.331,04:11:26,T7,Team T7,167,oF4HiZ5z,yK196
wVoaxt5F.332,04:11:26,T7,Team T7,167,oF4HiZ5z,yCaFeGjL2pf==
wVoaxt5F.333,04:11:26,T7,Team T7,167,jENQlWWyc,qSh9bc2wWpzcloygB=
wVoaxt5F.334,04:11:26,T7,Team T7,167,cCLEeQ0Oc5i,yCeVp
wVoaxt5F.335,04:11:26,T7,Team T7,167,cCLEeQ0Oc5i,qSh9beWRV1DLfnwox=
wVoaxt5F.336,04:11:26,T7,Team T7,167,jENQlWWyc,qSh9b86R3_
wVoaxt5F.337,04:11:26,T7,Team T7,167,jENQlWWyc,qSh9bcU_Xdhs==
wVoaxt5F.338,04:11:26,T7,Team T7,168,HplwNSQmn,ODPQD6Tq==
wVoaxt5F.339,04:11:26,T7,Team T7,168,MqCnKVZn,WwpOYD2reZF9q9x==
wVoaxt5F.340,04:11:26,T7,Team T7,168,MqCnKVZn,WrxlVEOykbQQ=
wVoaxt5F.341,04:11:26,T7,Team T7,168,AnjkGMUCnVx,WxHi
wVoaxt5F.342,04:11:26,T7,Team T7,168,MqCnKVZn,WiHPQB4nb
wVoaxt5F.343,04:11:26,T7,Team T7,168,MqCnKVZn,WsnixVbK=
wVoaxt5F.344,04:11:26,T7,Team T7,169,CCSbHPcD0,JQmwx7sYPb0DDe
wVoaxt5F.345,04:11:26,T7,Team T7,169,CCSbHPcD0,JQmwx7f6fpgSjfCLt=
wVoaxt5F.346,04:11:26,T7,Team T7,169,vAQZAJgT0eL,RqWmNNe==
wVoaxt5F.347,04:11:26,T7,Team T7,169,CCSbHPcD0,JQmwx3lJgb
wVoaxt5F.348,04:11:26,T7,Team T7,169,vAQZAJgT0eL,RJWaUF8==
wVoaxt5F.349,04:11:26,T7,Team T7,169,CCSbHPcD0,JQmwx1sX==
wVoaxt5F.350,04:11:26,T7,Team T7,169,vAQZAJgT0eL,RJ2dxGC=
wVoaxt5F.351,04:11:26,T7,Team T7,169,CCSbHPcD0,JQmwx7lT1qICI8pS3vr==
wVoaxt5F.352,04:11:26,T7,Team T7,169,HD92ESlE,RGTdPTkOV
wVoaxt5F.353,04:11:26,T7,Team T7,169,CCSbHPcD0,JQmwx7rBMy0mp=
wVoaxt5F.354,04:11:26,T7,Team T7,170,hegIfQH,urwRb1KP2
wVoaxt5F.355,04:11:26,T7,Team T7,170,seiwp8BM,CclPrgC3g1Z9l
wVoaxt5F.356,04:11:26,T7,Team T7,170,seiwp8BM,Cel==
wVoaxt5F.357,04:11:26,T7,Team T7,170,gbZtlZw1g32,urwRimE40u4n==
wVoaxt5F.358,04:11:26,T7,Team T7,170,seiwp8BM,urwRinG3a2ffjEL==
wVoaxt5F.359,04:11:26,T7,Team T7,170,gbZtlZw1g32,CgmEmU==
wVoaxt5F.360,04:11:26,T7,Team T7,170,seiwp8BM,Covts
wVoaxt5F.361,04:11:26,T7,Team T7,171,QrQcR5u3,SE4yKfytmU9qOlDsTy
wVoaxt5F.362,04:11:26,T7,Team T7,171,LqzlU2l2q,SE4yKcEcF=
wVoaxt5F.363,04:11:26,T7,Team T7,171,QrQcR5u3,SE4yKhq5u8NhYlQ1zJ
wVoaxt5F.364,04:11:26,T7,Team T7,171,Eox9NWpiqUJ,0KPm50Gfw
wVoaxt5F.365,04:11:26,T7,Team T7,171,Eox9NWpiqUJ,0qHv=
wVoaxt5F.366,04:11:26,T7,Team T7,171,QrQcR5u3,SE4yKkprhXJt==
wVoaxt5F.367,04:11:26,T7,Team T7,171,QrQcR5u3,0zCG7er4C2Nt0sD==
wVoaxt5F.368,04:11:26,T7,Team T7,171,QrQcR5u3,SE4yKhEaC
wVoaxt5F.369,04:11:26,T7,Team T7,171,Eox9NWpiqUJ,0m4bDUm8h8IkW7N==
wVoaxt5F.370,04:11:26,T7,Team T7,171,QrQcR5u3,0e1vWYt4=
wVoaxt5F.371,04:11:26,T7,Team T7,172,A94mISj63dX,Wp9F7
wVoaxt5F.372,04:11:26,T7,Team T7,172,Hb6yPYfQ3,OpBMF8o6Wn
wVoaxt5F.373,04:11:26,T7,Team T7,172,McnpM1oR,Wv6CKMx==
wVoaxt5F.374,04:11:26,T7,Team T7,173,aqV5GYh7,cD9tz9dAF=
wVoaxt5F.375,04:11:26,T7,Team T7,173,aqV5GYh7,kkG_LMjwzhyv=
wVoaxt5F.376,04:11:26,T7,Team T7,173,YnC2CPcmG3c,kDbrIUoq=
wVoaxt5F.377,04:11:26,T7,Team T7,173,aqV5GYh7,kBP4uSk==
wVoaxt5F.378,04:11:26,T7,Team T7,173,5pEeJV86G,cD9tz5fa==
wVoaxt5F.379,04:11:26,T7,Team T7,173,aqV5GYh7,kd9qJbk==
wVoaxt5F.380,04:11:26,T7,Team T7,173,aqV5GYh7,kq6q=
wVoaxt5F.381,04:11:26,T7,Team T7,173,YnC2CPcmG3c,kmXfsQeyonlmZ4U==
wVoaxt5F.382,04:11:26,T7,Team T7,173,YnC2CPcmG3c,kg1dN9dip2v==
wVoaxt5F.383,04:11:26,T7,Team T7,174,5EtKBsDV,7RH9uGz126gme=
wVoaxt5F.384,04:11:26,T7,Team T7,174,5EtKBsDV,fE_KQlA341c==
wVoaxt5F.385,04:11:26,T7,Team T7,174,5EtKBsDV,7RH9uGJVu1W9==
wVoaxt5F.386,04:11:26,T7,Team T7,174,TBaHxjyajUT,fCl2Pbu1nUdiM42==
wVoaxt5F.387,04:11:26,T7,Team T7,174,0DcTEpuUj,7RH9uzOY==
wVoaxt5F.388,04:11:26,T7,Team T7,174,TBaHxjyajUT,fLvQKAy0l
wVoaxt5F.389,04:11:26,T7,Team T7,174,5EtKBsDV,fCj7J
wVoaxt5F.390,04:11:26,T7,Team T7,174,0DcTEpuUj,7RH9uBP1c1lT==
wVoaxt5F.391,04:11:26,T7,Team T7,175,POHUrfsrXd8,34enoAAE_upHua
wVoaxt5F.392,04:11:26,T7,Team T7,175,WQJ6ylobX,34enoxnp==
wVoaxt5F.393,04:11:26,T7,Team T7,175,POHUrfsrXd8,34enoBkpGGxLIELQMYl9==
wVoaxt5F.394,04:11:26,T7,Team T7,175,POHUrfsrXd8,bTeYpoFyS
wVoaxt5F.395,04:11:26,T7,Team T7,175,1R0Xvoxc,bPJnNoLrYdxM=
wVoaxt5F.396,04:11:26,T7,Team T7,175,POHUrfsrXd8,bG1XxcRiWtsunWU==
wVoaxt5F.397,04:11:26,T7,Team T7,175,POHUrfsrXd8,34enoCBcLtnI==
wVoaxt5F.398,04:11:26,T7,Team T7,175,WQJ6ylobX,34enoxlnSx
wVoaxt5F.399,04:11:26,T7,Team T7,175,POHUrfsrXd8,34enoBpu1toO==
wVoaxt5F.400,04:11:26,T7,Team T7,176,pCyDXlq0,zUjE32GYn
wVoaxt5F.401,04:11:26,T7,Team T7,176,dzfATclfA4m,zKB==
wVoaxt5F.402,04:11:26,T7,Team T7,176,dzfATclfA4m,zomI=
wVoaxt5F.403,04:11:26,T7,Team T7,176,dzfATclfA4m,zBr3M
wVoaxt5F.404,04:11:26,T7,Team T7,176,dzfATclfA4m,zJFONij==
wVoaxt5F.405,04:11:26,T7,Team T7,176,dzfATclfA4m,rPM4Qy_j==
wVoaxt5F.406,04:11:26,T7,Team T7,176,dzfATclfA4m,zoIIbbf9G
wVoaxt5F.407,04:11:26,T7,Team T7,177,lQ5iShkO,vV5uKlE1Cg4F=
wVoaxt5F.408,04:11:26,T7,Team T7,177,9NMfO8f3KU3,vG6yQi7f=
wVoaxt5F.409,04:11:26,T7,Team T7,177,lQ5iShkO,vPRjP_pRZnhT=
wVoaxt5F.410,04:11:26,T7,Team T7,177,9NMfO8f3KU3,vW4jbitQI8fRWQ6==
wVoaxt5F.411,04:11:26,T7,Team T7,177,aQ3uIZq,n3jKEp7==
wVoaxt5F.412,04:11:26,T7,Team T7,177,9NMfO8f3KU3,n3jKLw8OEmw_1=
wVoaxt5F.413,04:11:26,T7,Team T7,177,aQ3uIZq,n3jKEZs6M2cD=
wVoaxt5F.414,04:11:26,T7,Team T7,177,lQ5iShkO,vU4CN5jT=
wVoaxt5F.415,04:11:26,T7,Team T7,178,b2m7Pb54n,igRrFnquoHhqjKZCLmoe==
wVoaxt5F.416,04:11:26,T7,Team T7,178,40kVI59knLi,qXmZA5bxfN==
wVoaxt5F.417,04:11:26,T7,Team T7,178,40kVI59knLi,q6CYD
wVoaxt5F.418,04:11:26,T7,Team T7,178,40kVI59knLi,qepj5a2Br4l==
wVoaxt5F.419,04:11:26,T7,Team T7,178,40kVI59knLi,q6ohB9jdi
wVoaxt5F.420,04:11:26,T7,Team T7,178,g3DYMee5,qQs=
wVoaxt5F.421,04:11:26,T7,Team T7,179,zNTkK8rS0,G1oFAirU2lRJnQXx5=
wVoaxt5F.422,04:11:26,T7,Team T7,179,EOabHbAT,O16lyVn==
wVoaxt5F.423,04:11:26,T7,Team T7,179,zNTkK8rS0,G1oFApL6==
wVoaxt5F.424,04:11:26,T7,Team T7,179,sLR8D2v804w,OUX==
wVoaxt5F.425,04:11:26,T7,Team T7,179,sLR8D2v804w,OYZc1dC4PjBR7KW==
wVoaxt5F.426,04:11:26,T7,Team T7,179,zNTkK8rS0,G1oFAiJQ26Q_sqW5gu
wVoaxt5F.427,04:11:26,T7,Team T7,179,sLR8D2v804w,OB3c=
wVoaxt5F.428,04:11:26,T7,Team T7,181,9zyiQeExrcu,nP6HNC5fykP4pNAQ==
wVoaxt5F.429,04:11:26,T7,Team T7,181,lCRlUnJi,vHFwKiS==
wVoaxt5F.430,04:11:26,T7,Team T7,181,9zyiQeExrcu,vuRj1pzrFfy5Mxl==
wVoaxt5F.431,04:11:26,T7,Team T7,181,9zyiQeExrcu,vvXO=
wVoaxt5F.432,04:11:26,T7,Team T7,181,lCRlUnJi,nP6HNvLfDn
wVoaxt5F.433,04:11:26,T7,Team T7,181,lCRlUnJi,nP6HNzEEkDy9==
wVoaxt5F.434,04:11:26,T7,Team T7,181,lCRlUnJi,vUFo1aKDFdL9t
wVoaxt5F.435,04:11:26,T7,Team T7,182,JQp0OkCy,L3EnHuqBO6ZWllDRx=
wVoaxt5F.436,04:11:26,T7,Team T7,182,xN6XKbxN42J,L3EnHuB32qJWDwpLxz
wVoaxt5F.437,04:11:26,T7,Team T7,182,xN6XKbxN42J,TOlVBm==
wVoaxt5F.438,04:11:26,T7,Team T7,182,EP89Rhtx4,L3EnHrIXamG1jAsvtc
wVoaxt5F.439,04:11:26,T7,Team T7,182,xN6XKbxN42J,L3EnHuIM6l5VfHazl=
wVoaxt5F.440,04:11:26,T7,Team T7,182,JQp0OkCy,T_iYF5tP0hYMmxd==
wVoaxt5F.441,04:11:26,T7,Team T7,182,JQp0OkCy,L3EnHuMTT1IVuval==
wVoaxt5F.442,04:11:26,T7,Team T7,183,E4WdJgwm,GhbBCqIjsbEhx=
wVoaxt5F.443,04:11:26,T7,Team T7,183,E4WdJgwm,O6cgE
wVoaxt5F.444,04:11:26,T7,Team T7,183,s1DaF7rBHTq,OXV_M0FzImJ==
wVoaxt5F.445,04:11:26,T7,Team T7,183,E4WdJgwm,OXPlFdEmv
wVoaxt5F.446,04:11:26,T7,Team T7,184,YOd2GaJCk,52Jiwk4Gm4XccmiY0f
wVoaxt5F.447,04:11:26,T7,Team T7,184,3PuTDdSD,dNh==
wVoaxt5F.448,04:11:26,T7,Team T7,184,RMbQz4NSkKE,dTqYJaXKdOGh=
wVoaxt5F.449,04:11:26,T7,Team T7,184,RMbQz4NSkKE,dIbmtU0O=
wVoaxt5F.450,04:11:26,T7,Team T7,184,3PuTDdSD,dCgW=
wVoaxt5F.451,04:11:26,T7,Team T7,184,SPs5tVY,52JipY3J_RVWUDWhm
wVoaxt5F.452,04:11:26,T7,Team T7,184,RMbQz4NSkKE,52JiwoPRnb0J6=
wVoaxt5F.453,04:11:26,T7,Team T7,184,SPs5tVY,52Jipk7Q887dZpeh4
wVoaxt5F.454,04:11:26,T7,Team T7,185,MZIv10GGv3T,0fgYYlNwo=
wVoaxt5F.455,04:11:26,T7,Team T7,185,Y21y59Lr,8OO=
wVoaxt5F.456,04:11:26,T7,Team T7,185,Y21y59Lr,8d2OSREWj7Q==
wVoaxt5F.457,04:11:26,T7,Team T7,185,T1KH86Cqv,0fgYYh_Le=
wVoaxt5F.458,04:11:26,T7,Team T7,186,Ugze06FI,WtOFTkMeXoYUi=
wVoaxt5F.459,04:11:26,T7,Team T7,186,Ugze06FI,WtOFTj1eZ4Er419==
wVoaxt5F.460,04:11:26,T7,Team T7,186,IdgbWXAX8TA,WtOFTlGL==
wVoaxt5F.461,04:11:26,T7,Team T7,186,Pfin33wH8,WtOFTeQ5P6
wVoaxt5F.462,04:11:26,T7,Team T7,186,Ugze06FI,4vrq52LX19T==
wVoaxt5F.463,04:11:26,T7,Team T7,186,IdgbWXAX8TA,4qC==
wVoaxt5F.464,04:11:26,T7,Team T7,186,Ugze06FI,4uIuaVI==
wVoaxt5F.465,04:11:26,T7,Team T7,188,8dPfSWMjo,frlzIbXLukeT_f
wVoaxt5F.466,04:11:26,T7,Team T7,188,8dPfSWMjo,frlzIaJuqwkQwmVp==
wVoaxt5F.467,04:11:26,T7,Team T7,188,de66PZVk,frlzIe8pd98vN3fL9=
wVoaxt5F.468,04:11:26,T7,Team T7,188,8dPfSWMjo,frlzId_z5koQS21uQNBN==
wVoaxt5F.469,04:11:26,T7,Team T7,188,de66PZVk,n74f3L1xrjlFSwZ==
wVoaxt5F.470,04:11:26,T7,Team T7,188,1bN3LQQzo33,n0TgDZdt6a3ZM1f==
wVoaxt5F.471,04:11:26,T7,Team T7,188,8dPfSWMjo,frlzIc3r58eSG7
wVoaxt5F.472,04:11:26,T7,Team T7,188,8dPfSWMjo,frlzI9QHn=
wVoaxt5F.473,04:11:26,T7,Team T7,188,8dPfSWMjo,frlzIcUyqv
wVoaxt5F.474,04:11:26,T7,Team T7,189,XplJGkJP1TK,jJHSNHBBh2N=
wVoaxt5F.475,04:11:26,T7,Team T7,189,4rnVNqFz1,bFTgDDL_LnY9==
wVoaxt5F.476,04:11:26,T7,Team T7,190,m2Ng2J4b,w8A==
wVoaxt5F.477,04:11:26,T7,Team T7,190,aZudYAZqOI0,wgCvOwR==
wVoaxt5F.478,04:11:26,T7,Team T7,190,m2Ng2J4b,of3BVVVuUUdYPpUZI=
wVoaxt5F.479,04:11:26,T7,Team T7,190,aZudYAZqOI0,w1Hx=
wVoaxt5F.480,04:11:26,T7,Team T7,190,m2Ng2J4b,wcyoYVdaKNj==
wVoaxt5F.481,04:11:26,T7,Team T7,190,aZudYAZqOI0,wcvhgPfiZO3==
wVoaxt5F.482,04:11:26,T7,Team T7,190,aZudYAZqOI0,w3Cqc
wVoaxt5F.483,04:11:26,T7,Team T7,190,aZudYAZqOI0,wTYhXAWjy
wVoaxt5F.484,04:11:26,T7,Team T7,190,aZudYAZqOI0,of3BVXYmDGmpjz
wVoaxt5F.485,04:11:26,T7,Team T7,190,m2Ng2J4b,wdxo6N8mVN_8=
wVoaxt5F.486,04:11:26,T7,Team T7,191,igltWGXZ,ktBPPV40g5wDcVv6=
wVoaxt5F.487,04:11:26,T7,Team T7,191,7gjFMo3,ktBPIG0iBXEKl
wVoaxt5F.488,04:11:26,T7,Team T7,192,d1S9RCRN,fe8wKQEML=
wVoaxt5F.489,04:11:26,T7,Team T7,192,d1S9RCRN,nWHBIBEWT
wVoaxt5F.490,04:11:26,T7,Team T7,192,1Yz6NtM24Su,fe8wKQFK==
wVoaxt5F.491,04:11:26,T7,Team T7,192,d1S9RCRN,fe8wKQQQOWA3V2
wVoaxt5F.492,04:11:26,T7,Team T7,192,1Yz6NtM24Su,n4WvHRbRXTt_0
wVoaxt5F.493,04:11:26,T7,Team T7,192,1Yz6NtM24Su,nYV==
wVoaxt5F.494,04:11:26,T7,Team T7,192,80BiUzIM4,fe8wKKN81=
wVoaxt5F.495,04:11:26,T7,Team T7,194,lpEr9m17S2p,HC2AZJ3RB
wVoaxt5F.496,04:11:26,T7,Team T7,194,srGDgsXRS,zFdT6C4b==
wVoaxt5F.497,04:11:26,T7,Team T7,194,xsXudv6S,Hj1Vf
wVoaxt5F.498,04:11:26,T7,Team T7,194,srGDgsXRS,zFdT6CgWL1sm==
wVoaxt5F.499,04:11:26,T7,Team T7,194,xsXudv6S,zFdT6G1RV=
wVoaxt5F.500,04:11:26,T7,Team T7,194,lpEr9m17S2p,HiPW7zfZO
wVoaxt5F.501,04:11:26,T7,Team T7,194,lpEr9m17S2p,zFdT6Ioo1Y
wVoaxt5F.502,04:11:26,T7,Team T7,194,lpEr9m17S2p,zFdT6Kp2F3LfZ0dGtC
wVoaxt5F.503,04:11:26,T7,Team T7,195,VdvH8s09,5sc==
wVoaxt5F.504,04:11:26,T7,Team T7,196,FoJjYgPc8Jl,1oKo1
wVoaxt5F.505,04:11:26,T7,Team T7,196,MqLv5mLW8,TEiNVBMqgGGd==
wVoaxt5F.506,04:11:26,T7,Team T7,196,Rr2m2pUX,1z3jWj2h7HkhjpA==
wVoaxt5F.507,04:11:26,T7,Team T7,196,FoJjYgPc8Jl,1f7vRkXr1YzL=
wVoaxt5F.508,04:11:26,T7,Team T7,196,MqLv5mLW8,TEiNVw0g1PogbQDb53nY==
wVoaxt5F.509,04:11:26,T7,Team T7,196,FoJjYgPc8Jl,1BVB2aN29YuknlA==
wVoaxt5F.510,04:11:26,T7,Team T7,196,MqLv5mLW8,TEiNVA5h1=
wVoaxt5F.511,04:11:26,T7,Team T7,196,MqLv5mLW8,TEiNVB211=
wVoaxt5F.512,04:11:26,T7,Team T7,196,MqLv5mLW8,TEiNVAPj5VBhc=
wVoaxt5F.513,04:11:26,T7,Team T7,196,MqLv5mLW8,TEiNVyMnRKjAe=
wVoaxt5F.514,04:11:26,T7,Team T7,197,ABhZTcIsL2z,WBPfNgH_x
wVoaxt5F.515,04:11:26,T7,Team T7,197,ABhZTcIsL2z,WyjXX
wVoaxt5F.516,04:11:26,T7,Team T7,197,HDjb0iEcL,ORQuQxVbJmLZr9r7FOym==
wVoaxt5F.517,04:11:26,T7,Team T7,197,ABhZTcIsL2z,WArl=
wVoaxt5F.518,04:11:26,T7,Team T7,198,aS7ISi91,k6U7PtiY=
wVoaxt5F.519,04:11:26,T7,Team T7,198,ZS5UI0f,c5nbEi99a80zzQp6=
wVoaxt5F.520,04:11:26,T7,Team T7,198,ZS5UI0f,c5nbE2W==
wVoaxt5F.521,04:11:26,T7,Team T7,199,6DFVke3P,gqC==
wVoaxt5F.522,04:11:26,T7,Team T7,199,UAmSg5Y41Jv,gpHei0c8V2El5
wVoaxt5F.523,04:11:26,T7,Team T7,199,1Co4nbUO1,8QVpdn8b6FHf==
wVoaxt5F.524,04:11:26,T7,Team T7,199,6DFVke3P,gVR9854W4MtXPqc==
wVoaxt5F.525,04:11:26,T7,Team T7,199,UAmSg5Y41Jv,gKw5v7Q==
wVoaxt5F.526,04:11:26,T7,Team T7,0,LOG_STOPPED,On JOSEPHJ-MYHP at 2015-10-15T11:11:26.362Z
