QaQEKl7G.1,12:10:36,T8,Team T8,0,LOG_STARTED,On JOSEPHJ-MYHP at 2015-10-16T19:10:36.787Z
QaQEKl7G.2,12:10:36,T8,Team T8,100,ieqvzGgD,krxQsRk3o7LT0mh4==
QaQEKl7G.3,12:10:36,T8,Team T8,100,ieqvzGgD,krxQsVp6leKSt=
QaQEKl7G.4,12:10:36,T8,Team T8,100,ieqvzGgD,sji_
QaQEKl7G.5,12:10:36,T8,Team T8,100,ieqvzGgD,s1hDtslAAaVG=
QaQEKl7G.6,12:10:36,T8,Team T8,100,6b7svxbSoaC,krxQsO8Pn8AKl3dXud
QaQEKl7G.7,12:10:36,T8,Team T8,100,7eoHpom,krxQlEbDb
QaQEKl7G.8,12:10:36,T8,Team T8,101,v75SEpLk,xkcexByG5zAF==
QaQEKl7G.9,12:10:36,T8,Team T8,101,j4MPAgGzTrx,xkcexCMwLICHTPOmhk7h==
QaQEKl7G.10,12:10:36,T8,Team T8,101,q6O1HmCjT,xkcexwYuS=
QaQEKl7G.11,12:10:36,T8,Team T8,101,j4MPAgGzTrx,FhT8rpSGCJ==
QaQEKl7G.12,12:10:36,T8,Team T8,102,I00Zt8wh,Kd7mmholRX
QaQEKl7G.13,12:10:36,T8,Team T8,102,I00Zt8wh,S2_e=
QaQEKl7G.14,12:10:36,T8,Team T8,102,DZJ8w5ngE,Kd7mmfppO3
QaQEKl7G.15,12:10:36,T8,Team T8,102,wXHWpZrwEIs,ST6s=
QaQEKl7G.16,12:10:36,T8,Team T8,102,I00Zt8wh,Kd7mmlwnyVt0n=
QaQEKl7G.17,12:10:36,T8,Team T8,102,I00Zt8wh,Kd7mmjQLv8OVzKcQ==
QaQEKl7G.18,12:10:36,T8,Team T8,102,wXHWpZrwEIs,Kd7mmhNqAVLTlQlEPz
QaQEKl7G.19,12:10:36,T8,Team T8,102,I00Zt8wh,S4RVtRj==
QaQEKl7G.20,12:10:36,T8,Team T8,102,I00Zt8wh,Kd7mmiFks9GKBgZUVUKA==
QaQEKl7G.21,12:10:36,T8,Team T8,102,I00Zt8wh,SQH9f2F==
QaQEKl7G.22,12:10:36,T8,Team T8,103,VDFmyR1e,XQMKr3Ob==
QaQEKl7G.23,12:10:36,T8,Team T8,103,QCovBOSdp,XQMKr0OBmDyh7X
QaQEKl7G.24,12:10:36,T8,Team T8,103,QCovBOSdp,XQMKr02wugk42nGUG=
QaQEKl7G.25,12:10:36,T8,Team T8,103,VDFmyR1e,XQMKr5dIetATfV23yk
QaQEKl7G.26,12:10:36,T8,Team T8,103,QCovBOSdp,XQMKr0lzwAmV=
QaQEKl7G.27,12:10:36,T8,Team T8,106,thTCAZT4G,AvhUqb8fF=
QaQEKl7G.28,12:10:36,T8,Team T8,106,yiatx225,AvhUqfd6Gye8==
QaQEKl7G.29,12:10:36,T8,Team T8,106,yiatx225,Is4GEP1lt
QaQEKl7G.30,12:10:36,T8,Team T8,106,yiatx225,IvjpRRSiIhY6=
QaQEKl7G.31,12:10:36,T8,Team T8,106,thTCAZT4G,AvhUqa44FDPwclr9gh
QaQEKl7G.32,12:10:36,T8,Team T8,106,yiatx225,Ia1AE0e3WN2i=
QaQEKl7G.33,12:10:36,T8,Team T8,106,mfRqtTXkGkS,IndIAQ98WMfohjB==
QaQEKl7G.34,12:10:36,T8,Team T8,106,thTCAZT4G,AvhUqal2KxWoX=
QaQEKl7G.35,12:10:36,T8,Team T8,106,yiatx225,AvhUqfg3N=
QaQEKl7G.36,12:10:36,T8,Team T8,107,LbPQCLx2,VqF2HNNabz1LLo6==
QaQEKl7G.37,12:10:36,T8,Team T8,107,GayZFIo1r,NoWivUA9rS1wLn0==
QaQEKl7G.38,12:10:36,T8,Team T8,107,LbPQCLx2,V7E4E
QaQEKl7G.39,12:10:36,T8,Team T8,107,z8wNyCshrBN,NoWiv0J1jJ
QaQEKl7G.40,12:10:36,T8,Team T8,107,z8wNyCshrBN,VlLhR
QaQEKl7G.41,12:10:36,T8,Team T8,107,LbPQCLx2,V0OQCKljsLK==
QaQEKl7G.42,12:10:36,T8,Team T8,107,LbPQCLx2,V7M==
QaQEKl7G.43,12:10:36,T8,Team T8,108,T3t6ur9Ic,0hRqkIfaejTkbjm2==
QaQEKl7G.44,12:10:36,T8,Team T8,108,M1rUnldYcSI,8ZteJs5==
QaQEKl7G.45,12:10:36,T8,Team T8,108,Y4KXruiJ,8Xuc=
QaQEKl7G.46,12:10:36,T8,Team T8,108,T3t6ur9Ic,0hRqkGnS9_RzlDI1Xb
QaQEKl7G.47,12:10:36,T8,Team T8,108,Y4KXruiJ,85I2tDk_p8Yh6tf==
QaQEKl7G.48,12:10:36,T8,Team T8,108,Y4KXruiJ,0hRqkJmdiPY8==
QaQEKl7G.49,12:10:36,T8,Team T8,108,T3t6ur9Ic,0hRqkIeQX0Fq4k
QaQEKl7G.50,12:10:36,T8,Team T8,108,T3t6ur9Ic,0hRqkCi53WIu==
QaQEKl7G.51,12:10:36,T8,Team T8,108,T3t6ur9Ic,0hRqkH8PfQPHpBsWEGvK==
QaQEKl7G.52,12:10:36,T8,Team T8,108,N4I9hco,0hRqdmmX7
QaQEKl7G.53,12:10:36,T8,Team T8,109,ZU6hs4IVXpD,lPjqRbUJ=
QaQEKl7G.54,12:10:36,T8,Team T8,109,bXpkwdNG,lgBD=
QaQEKl7G.55,12:10:36,T8,Team T8,109,ZU6hs4IVXpD,lXuwIT3NSwSk2s0==
QaQEKl7G.56,12:10:36,T8,Team T8,111,oRp0zLDIuUw,C7Qpw4CKH5A91o1==
QaQEKl7G.57,12:10:36,T8,Team T8,111,AUI3DUIt,KSEtPBLu=
QaQEKl7G.58,12:10:36,T8,Team T8,111,AUI3DUIt,C7Qpw9GG==
QaQEKl7G.59,12:10:36,T8,Team T8,111,AUI3DUIt,KMYaIRwY=
QaQEKl7G.60,12:10:36,T8,Team T8,112,NNnqIDtq,P0vNBMJp_AFtcoPJcx
QaQEKl7G.61,12:10:36,T8,Team T8,112,BK4nEuoFfbr,P0vNBNhJ==
QaQEKl7G.62,12:10:36,T8,Team T8,112,BK4nEuoFfbr,P0vNBQBB4CI8FkMIg=
QaQEKl7G.63,12:10:36,T8,Team T8,112,NNnqIDtq,P0vNBOzD==
QaQEKl7G.64,12:10:36,T8,Team T8,112,NNnqIDtq,XYrmyopK0owdH
QaQEKl7G.65,12:10:36,T8,Team T8,112,BK4nEuoFfbr,XGCz3CvEbpQbFx==
QaQEKl7G.66,12:10:36,T8,Team T8,113,VFLWQjPm0,2TabGtRDIAy8osqcTo8o==
QaQEKl7G.67,12:10:36,T8,Team T8,113,VFLWQjPm0,2TabGtfk==
QaQEKl7G.68,12:10:36,T8,Team T8,114,8yGjF2A3L,fM5zve1kF4ivg=
QaQEKl7G.69,12:10:36,T8,Team T8,114,dzXaC5J4,fM5zvj1gM=
QaQEKl7G.70,12:10:36,T8,Team T8,114,dzXaC5J4,noUj=
QaQEKl7G.71,12:10:36,T8,Team T8,114,dzXaC5J4,fM5zvjEnVuxr8T3V==
QaQEKl7G.72,12:10:36,T8,Team T8,115,qsCxHOe1,AtEK=
QaQEKl7G.73,12:10:36,T8,Team T8,115,qsCxHOe1,sFKXA2wahk7KAQI37v
QaQEKl7G.74,12:10:36,T8,Team T8,115,lrlGKL50w,sFKXAYcaB=
QaQEKl7G.75,12:10:36,T8,Team T8,115,epjuDF9gwgW,AzuE=
QaQEKl7G.76,12:10:36,T8,Team T8,115,epjuDF9gwgW,AuSW=
QaQEKl7G.77,12:10:36,T8,Team T8,116,DlxEMxZY,NusHTrWVswbN=
QaQEKl7G.78,12:10:36,T8,Team T8,116,DlxEMxZY,Nok==
QaQEKl7G.79,12:10:36,T8,Team T8,116,rieBIoUdhxR,NBv40daWdwnF=
QaQEKl7G.80,12:10:36,T8,Team T8,116,rieBIoUdhxR,FyF5FKWt7Ddp==
QaQEKl7G.81,12:10:36,T8,Team T8,116,rieBIoUdhxR,NspZTC089TSMG
QaQEKl7G.82,12:10:36,T8,Team T8,116,rieBIoUdhxR,NkH7KmR0fH8uO
QaQEKl7G.83,12:10:36,T8,Team T8,116,rieBIoUdhxR,NiGWHg2Ze1_qL
QaQEKl7G.84,12:10:36,T8,Team T8,116,DlxEMxZY,NkBTLeR9=
QaQEKl7G.85,12:10:36,T8,Team T8,116,DlxEMxZY,FyF5FMlclH
QaQEKl7G.86,12:10:36,T8,Team T8,116,slvQCf5,FyF5ymU92_a==
QaQEKl7G.87,12:10:36,T8,Team T8,117,1dVaEdlU2,8rktuqIUYiYNdQmha
QaQEKl7G.88,12:10:36,T8,Team T8,117,UbTYx7pa24M,gpTaEkGjOfbX9Jx==
QaQEKl7G.89,12:10:36,T8,Team T8,117,6ec1BguV,8rktuvLS==
QaQEKl7G.90,12:10:36,T8,Team T8,117,UbTYx7pa24M,gubgT4Aq=
QaQEKl7G.91,12:10:36,T8,Team T8,117,6ec1BguV,8rktuur0az
QaQEKl7G.92,12:10:36,T8,Team T8,117,6ec1BguV,gc6ao6pa1pPNq
QaQEKl7G.93,12:10:36,T8,Team T8,117,UbTYx7pa24M,gu9qMiGZ0
QaQEKl7G.94,12:10:36,T8,Team T8,117,1dVaEdlU2,8rktupAXK4RA3vpfj
QaQEKl7G.95,12:10:36,T8,Team T8,117,1dVaEdlU2,8rktunuZ9i9I_QGhr=
QaQEKl7G.96,12:10:36,T8,Team T8,118,j77oGZfS,t6YEQXj52h==
QaQEKl7G.97,12:10:36,T8,Team T8,118,j77oGZfS,t0aSt
QaQEKl7G.98,12:10:36,T8,Team T8,118,e6QxJW6RN,lkfRzdAbuEGhS=
QaQEKl7G.99,12:10:36,T8,Team T8,118,j77oGZfS,tc9rD_3ZE
QaQEKl7G.100,12:10:36,T8,Team T8,118,e6QxJW6RN,lkfRzdn5==
QaQEKl7G.101,12:10:36,T8,Team T8,119,rZvUOFBOy,ydUfESQTyY_QDpI0l=
QaQEKl7G.102,12:10:36,T8,Team T8,119,w0MLLIKP,GeKITHC4sUGK=
QaQEKl7G.103,12:10:36,T8,Team T8,119,rZvUOFBOy,ydUfESBct=
QaQEKl7G.104,12:10:36,T8,Team T8,120,I4a7Nqap,S5WjLenIz
QaQEKl7G.105,12:10:36,T8,Team T8,120,I4a7Nqap,S1Y4FvpE7
QaQEKl7G.106,12:10:36,T8,Team T8,120,I4a7Nqap,Sf84Y73K2TH=
QaQEKl7G.107,12:10:36,T8,Team T8,120,I4a7Nqap,KhjsGDcmt5TBT6rwZTbc==
QaQEKl7G.108,12:10:36,T8,Team T8,120,w1R4Jh5EkQA,KhjsGDju7S
QaQEKl7G.109,12:10:36,T8,Team T8,120,I4a7Nqap,KhjsGzwJ8k
QaQEKl7G.110,12:10:36,T8,Team T8,120,I4a7Nqap,Sb45PtvGgUTF9rj==
QaQEKl7G.111,12:10:36,T8,Team T8,120,I4a7Nqap,KhjsGzfMsQGkWdak0YlQ==
QaQEKl7G.112,12:10:36,T8,Team T8,122,8QKRXSqj,iS_WcGsC=
QaQEKl7G.113,12:10:36,T8,Team T8,122,8QKRXSqj,iRI55XopMG==
QaQEKl7G.114,12:10:36,T8,Team T8,122,3Pt00PhiQ,a3TeQZElL7xG==
QaQEKl7G.115,12:10:36,T8,Team T8,122,3Pt00PhiQ,a3TeQZqyIZBG==
QaQEKl7G.116,12:10:36,T8,Team T8,122,8QKRXSqj,iUJW=
QaQEKl7G.117,12:10:36,T8,Team T8,122,WNrOTJlyQEq,iRBNS1egL5Wr3
QaQEKl7G.118,12:10:36,T8,Team T8,122,8QKRXSqj,a3TeQ4rsySpk==
QaQEKl7G.119,12:10:36,T8,Team T8,122,8QKRXSqj,ibH==
QaQEKl7G.120,12:10:36,T8,Team T8,122,8QKRXSqj,a3TeQ2rkE
QaQEKl7G.121,12:10:36,T8,Team T8,122,WNrOTJlyQEq,a3TeQ5Jw==
QaQEKl7G.122,12:10:36,T8,Team T8,123,gIonPyMfB,nWOCFK3wxptKv52wG=
QaQEKl7G.123,12:10:36,T8,Team T8,123,lJFeMBVg,vFG9GP7n=
QaQEKl7G.124,12:10:36,T8,Team T8,123,lJFeMBVg,nWOCFQVvoZF_ZpTRIi2==
QaQEKl7G.125,12:10:36,T8,Team T8,124,nCiNH2M,APt0DcNhQodI1eqjzAh==
QaQEKl7G.126,12:10:36,T8,Team T8,125,LvZIW3ba,NI88Pg97==
QaQEKl7G.127,12:10:36,T8,Team T8,125,zsGFSU6pRJV,Vv28162EPNeh=
QaQEKl7G.128,12:10:36,T8,Team T8,126,YoU5LMW7,8cU6LtTCD
QaQEKl7G.129,12:10:36,T8,Team T8,126,MlB2HDRmC0Q,0B3wEZ07uW45aQw4==
QaQEKl7G.130,12:10:36,T8,Team T8,126,YoU5LMW7,8nLy=
QaQEKl7G.131,12:10:36,T8,Team T8,126,YoU5LMW7,8rJaIK0kll9==
QaQEKl7G.132,12:10:36,T8,Team T8,126,YoU5LMW7,0B3wE12cR0
QaQEKl7G.133,12:10:36,T8,Team T8,127,bhzsQvrO,ldnrHkibnBI==
QaQEKl7G.134,12:10:36,T8,Team T8,127,ZegpMmm3nhL,lkhxZwFbghLqY54==
QaQEKl7G.135,12:10:36,T8,Team T8,127,ZegpMmm3nhL,lenK1yBLbiT5Fe4==
QaQEKl7G.136,12:10:36,T8,Team T8,127,ZegpMmm3nhL,ljhLJoxNvs8Zx
QaQEKl7G.137,12:10:36,T8,Team T8,128,j9dYYb3K8,qnDiOm1LZ=
QaQEKl7G.138,12:10:36,T8,Team T8,128,j9dYYb3K8,qnDiOrr6g1UmwwOq==
QaQEKl7G.139,12:10:36,T8,Team T8,128,j9dYYb3K8,qnDiOrjQ3N9fiykM==
QaQEKl7G.140,12:10:36,T8,Team T8,128,j9dYYb3K8,qnDiOn0251XvibvG==
QaQEKl7G.141,12:10:36,T8,Team T8,128,j9dYYb3K8,qnDiOnmRa8cpr=
QaQEKl7G.142,12:10:36,T8,Team T8,128,j9dYYb3K8,qnDiOlk0kjTr7aJS5e
QaQEKl7G.143,12:10:36,T8,Team T8,129,wMSlNUyHT,D0iGD9EYTf
QaQEKl7G.144,12:10:36,T8,Team T8,129,wMSlNUyHT,D0iGDaLLJyN9==
QaQEKl7G.145,12:10:36,T8,Team T8,129,wMSlNUyHT,D0iGDbv7O6Wc_ufT0=
QaQEKl7G.146,12:10:36,T8,Team T8,131,00sV7oCv,a0bi9
QaQEKl7G.147,12:10:36,T8,Team T8,131,OX9S3fxKqAu,2dCh0wtV7F
QaQEKl7G.148,12:10:36,T8,Team T8,131,OX9S3fxKqAu,2dCh0CNHvxrS==
QaQEKl7G.149,12:10:36,T8,Team T8,131,00sV7oCv,2dCh0wvYaztS==
QaQEKl7G.150,12:10:36,T8,Team T8,131,00sV7oCv,aPmWYk_KaS==
QaQEKl7G.151,12:10:36,T8,Team T8,131,VZb4altuq,2dCh0vTCpIr58UB9PxtU==
QaQEKl7G.152,12:10:36,T8,Team T8,131,OX9S3fxKqAu,aTmUVmzBq4Z6=
QaQEKl7G.153,12:10:36,T8,Team T8,131,OX9S3fxKqAu,a0sW=
QaQEKl7G.154,12:10:36,T8,Team T8,131,OX9S3fxKqAu,2dCh0yLFe2F8dYA6==
QaQEKl7G.155,12:10:36,T8,Team T8,132,2T5uMPt,f6hFI3dPVazqOd9DF9e==
QaQEKl7G.156,12:10:36,T8,Team T8,133,qM2F1QS9,Ay3Q0
QaQEKl7G.157,12:10:36,T8,Team T8,133,qM2F1QS9,sZc3U1Ve6Cr9r=
QaQEKl7G.158,12:10:36,T8,Team T8,133,qM2F1QS9,sZc3U4NtXrE6Dsm9b=
QaQEKl7G.159,12:10:36,T8,Team T8,134,DFHM6zn6,NSDO5
QaQEKl7G.160,12:10:36,T8,Team T8,134,yEqV9we5H,FSRbZIql_S
QaQEKl7G.161,12:10:36,T8,Team T8,134,rCoJ2qilHFf,NPG61sq==
QaQEKl7G.162,12:10:36,T8,Team T8,134,rCoJ2qilHFf,NXVJk
QaQEKl7G.163,12:10:36,T8,Team T8,136,7oYtW8yfdtP,tD3B0
QaQEKl7G.164,12:10:36,T8,Team T8,136,jrhw0hD0,te_rYpHfX
QaQEKl7G.165,12:10:36,T8,Team T8,136,eq0F3euZd,lErXToZ1mM
QaQEKl7G.166,12:10:36,T8,Team T8,136,eq0F3euZd,lErXTtGl6=
QaQEKl7G.167,12:10:36,T8,Team T8,136,7oYtW8yfdtP,lErXTvOastTBNz0kS=
QaQEKl7G.168,12:10:36,T8,Team T8,138,EWApXGKTJ,La1JNXRfLCUP07SN==
QaQEKl7G.169,12:10:36,T8,Team T8,138,JXRgUJTU,T7QrSAJ0xuDB=
QaQEKl7G.170,12:10:36,T8,Team T8,138,EWApXGKTJ,La1JNXcVMpbB==
QaQEKl7G.171,12:10:36,T8,Team T8,138,EWApXGKTJ,La1JNWXeuj1B==
QaQEKl7G.172,12:10:36,T8,Team T8,138,EWApXGKTJ,La1JNRK0PEOGUT6PWAK==
QaQEKl7G.173,12:10:36,T8,Team T8,139,WQwnZsEB,6KMQbpN==
QaQEKl7G.174,12:10:36,T8,Team T8,140,W7BWd1JGgMy,an5kapZw5=
QaQEKl7G.175,12:10:36,T8,Team T8,140,8aUZhaOr,ikC0p2aMg1B==
QaQEKl7G.176,12:10:36,T8,Team T8,140,W7BWd1JGgMy,an5kanEGse4fXUxG==
QaQEKl7G.177,12:10:36,T8,Team T8,140,W7BWd1JGgMy,an5kao4E==
QaQEKl7G.178,12:10:36,T8,Team T8,140,XaSb7SU,an5k31CQ31v==
QaQEKl7G.179,12:10:36,T8,Team T8,141,90wj2KuD13t,ng0IZ3pr8=
QaQEKl7G.180,12:10:36,T8,Team T8,141,l3Pm6Tzo,ng0IZ2CJOl
QaQEKl7G.181,12:10:36,T8,Team T8,141,l3Pm6Tzo,ng0IZ5UyYdw==
QaQEKl7G.182,12:10:36,T8,Team T8,141,90wj2KuD13t,ng0IZ6yH==
QaQEKl7G.183,12:10:36,T8,Team T8,141,g2yv9Qqn1,ng0IZ0qC5lEf==
QaQEKl7G.184,12:10:36,T8,Team T8,141,90wj2KuD13t,ng0IZ8RTTn
QaQEKl7G.185,12:10:36,T8,Team T8,142,mTbG7tZAMko,A9F64Q7o2FPtjRvy==
QaQEKl7G.186,12:10:36,T8,Team T8,142,yWuJbC4l,A9F64NXGv=
QaQEKl7G.187,12:10:36,T8,Team T8,142,mTbG7tZAMko,A9F64NbNz=
QaQEKl7G.188,12:10:36,T8,Team T8,142,mTbG7tZAMko,A9F64O9AYiUDF3sVZ=
QaQEKl7G.189,12:10:36,T8,Team T8,142,yWuJbC4l,A9F64NkpEEyKmIPIUWb==
QaQEKl7G.190,12:10:36,T8,Team T8,143,GO8ZjiGhx,N2Ae9tKl==
QaQEKl7G.191,12:10:36,T8,Team T8,143,zM6NccKxxRj,N2Ae9y1MLXg==
QaQEKl7G.192,12:10:36,T8,Team T8,144,YI4d54kf,8LR==
QaQEKl7G.193,12:10:36,T8,Team T8,144,MFLa1Vfui8e,8R7j98jsj
QaQEKl7G.194,12:10:36,T8,Team T8,145,ZyGx6E0b3p9,lxO2hQU5KnfIxmS==
QaQEKl7G.195,12:10:36,T8,Team T8,145,6AIJdKWV3,dOa03WbfNnp2OJ
QaQEKl7G.196,12:10:36,T8,Team T8,145,6AIJdKWV3,dOa03Y91KDbYkehZJaKV==
QaQEKl7G.197,12:10:36,T8,Team T8,145,6AIJdKWV3,dOa03U3d7QiH==
QaQEKl7G.198,12:10:36,T8,Team T8,145,6AIJdKWV3,dOa03UZTLuxBhB7ZC=
QaQEKl7G.199,12:10:36,T8,Team T8,145,6AIJdKWV3,dOa03V9VK=
QaQEKl7G.200,12:10:36,T8,Team T8,145,bBZAaN5W,lMdPay8==
QaQEKl7G.201,12:10:36,T8,Team T8,145,ZyGx6E0b3p9,lvG==
QaQEKl7G.202,12:10:36,T8,Team T8,145,bBZAaN5W,lI1QWxUg_GaP=
QaQEKl7G.203,12:10:36,T8,Team T8,145,6AIJdKWV3,dOa03Wk9ZJE6htTl=
QaQEKl7G.204,12:10:36,T8,Team T8,146,cblUbnv8OWO,yfxi8_RcIg1S6Zn==
QaQEKl7G.205,12:10:36,T8,Team T8,146,cblUbnv8OWO,qrPo8LFWV7019Gwsuvx==
QaQEKl7G.206,12:10:36,T8,Team T8,146,jdn6itrSO,qrPo8HuaJgLQTSoD1=
QaQEKl7G.207,12:10:36,T8,Team T8,146,cblUbnv8OWO,y1G7agEbN9Ya=
QaQEKl7G.208,12:10:36,T8,Team T8,146,oeEXfwAT,qrPo8LoWK4c3a4wo==
QaQEKl7G.209,12:10:36,T8,Team T8,146,jdn6itrSO,qrPo8Dxjvk28WbCHpGh==
QaQEKl7G.210,12:10:36,T8,Team T8,146,jdn6itrSO,qrPo8ILoz=
QaQEKl7G.211,12:10:36,T8,Team T8,148,D0cDZGW,QdpUVFSf0KZZ
QaQEKl7G.212,12:10:36,T8,Team T8,148,D0cDZGW,QdpUVIFVdEHfi
QaQEKl7G.213,12:10:36,T8,Team T8,149,WSCX1EsJP,364iRUHMPn
QaQEKl7G.214,12:10:36,T8,Team T8,149,1TTOYHBK,bP5O5LW0T9wkPH8==
QaQEKl7G.215,12:10:36,T8,Team T8,149,WSCX1EsJP,364iRUAZMgP58=
QaQEKl7G.216,12:10:36,T8,Team T8,149,PQALUywZP1z,b8Ei7ID55eDzW
QaQEKl7G.217,12:10:36,T8,Team T8,150,ddhqgpLA,nopLpsKV=
QaQEKl7G.218,12:10:36,T8,Team T8,150,1aYncgGPRZN,n8lGo
QaQEKl7G.219,12:10:36,T8,Team T8,150,ddhqgpLA,fqtL9yTSWh4H==
QaQEKl7G.220,12:10:36,T8,Team T8,150,1aYncgGPRZN,n0gCz
QaQEKl7G.221,12:10:36,T8,Team T8,150,1aYncgGPRZN,nkcy26DEW5QuBrg==
QaQEKl7G.222,12:10:36,T8,Team T8,151,e3TuhZrwmws,sjoTelBM9ExJ4Y_Q==
QaQEKl7G.223,12:10:36,T8,Team T8,151,q6cxl8wh,A7cYpUsii
QaQEKl7G.224,12:10:36,T8,Team T8,151,e3TuhZrwmws,A2Z==
QaQEKl7G.225,12:10:36,T8,Team T8,151,q6cxl8wh,sjoTenGNt=
QaQEKl7G.226,12:10:36,T8,Team T8,151,e3TuhZrwmws,sjoTenEDxtFQ51CJn=
QaQEKl7G.227,12:10:36,T8,Team T8,152,DZRUaR1e,NeD04
QaQEKl7G.228,12:10:36,T8,Team T8,152,rWyR6IWt7Nn,Fc3h30bkk6JNP5W9I
QaQEKl7G.229,12:10:36,T8,Team T8,154,3vrEkjh8,5ID3dv6pl2df4=
QaQEKl7G.230,12:10:36,T8,Team T8,154,YuaNng87D,5ID3dqmdmLp8xLh7Sn
QaQEKl7G.231,12:10:36,T8,Team T8,154,3vrEkjh8,dso7=
QaQEKl7G.232,12:10:36,T8,Team T8,154,Rs8BgacnDBd,5ID3dwvD_Ce4mCj875
QaQEKl7G.233,12:10:36,T8,Team T8,155,kl3Y5TXkoS8,GtiZaY==
QaQEKl7G.234,12:10:36,T8,Team T8,155,kl3Y5TXkoS8,yByr2fmtBa539P
QaQEKl7G.235,12:10:36,T8,Team T8,155,kl3Y5TXkoS8,yByr2fcf5UifNI
QaQEKl7G.236,12:10:36,T8,Team T8,155,wom19225,GGa78W8ot9b==
QaQEKl7G.237,12:10:36,T8,Team T8,155,rn5acZT4o,yByr2bTbhib3JPKA==
QaQEKl7G.238,12:10:36,T8,Team T8,155,kl3Y5TXkoS8,Gn3==
QaQEKl7G.239,12:10:36,T8,Team T8,155,rn5acZT4o,yByr29bo==
QaQEKl7G.240,12:10:36,T8,Team T8,156,EgKxhIo19,LudP7Tx50m
QaQEKl7G.241,12:10:36,T8,Team T8,156,EgKxhIo19,LudP7TrgSqjnxpq==
QaQEKl7G.242,12:10:36,T8,Team T8,156,EgKxhIo19,LudP7Xlmg=
QaQEKl7G.243,12:10:36,T8,Team T8,156,yhZA4tD,LudP0Dq4kk6==
QaQEKl7G.244,12:10:36,T8,Team T8,157,R9FEmr9YU,Yn8XcFcZ448G==
QaQEKl7G.245,12:10:36,T8,Team T8,157,R9FEmr9YU,Yn8XcBz84ZHPt=
QaQEKl7G.246,12:10:36,T8,Team T8,157,R9FEmr9YU,Yn8XcF5a51L==
QaQEKl7G.247,12:10:36,T8,Team T8,157,R9FEmr9YU,Yn8XcE80BTLl1TJ23=
QaQEKl7G.248,12:10:36,T8,Team T8,157,WaWvjuiZ,Yn8XcJc_PW
QaQEKl7G.249,12:10:36,T8,Team T8,157,R9FEmr9YU,Yn8XcClrWb3rfD
QaQEKl7G.250,12:10:36,T8,Team T8,158,X0iP44IVFXD,jjOQ1
QaQEKl7G.251,12:10:36,T8,Team T8,158,93BS8dNG,jnK7thEI_26AVGw==
QaQEKl7G.252,12:10:36,T8,Team T8,158,93BS8dNG,bgNl1sLD==
QaQEKl7G.253,12:10:36,T8,Team T8,158,42k1baEFF,bgNl1oKWuZDrBApn==
QaQEKl7G.254,12:10:36,T8,Team T8,158,X0iP44IVFXD,j3la7
QaQEKl7G.255,12:10:36,T8,Team T8,158,93BS8dNG,jeoXeUFUw6Hu
QaQEKl7G.256,12:10:36,T8,Team T8,158,42k1baEFF,bgNl1lGISiBoHQ
QaQEKl7G.257,12:10:36,T8,Team T8,159,hVZogTpCq,o9sJ6aEAkAMul5N4==
QaQEKl7G.258,12:10:36,T8,Team T8,159,hVZogTpCq,o9sJ65J1hrHDCb_dqz
QaQEKl7G.259,12:10:36,T8,Team T8,159,aTXc9NtSqey,wRsb6FIS=
QaQEKl7G.260,12:10:36,T8,Team T8,159,hVZogTpCq,o9sJ6avPcy
QaQEKl7G.261,12:10:36,T8,Team T8,159,aTXc9NtSqey,w1j==
QaQEKl7G.262,12:10:36,T8,Team T8,159,aTXc9NtSqey,wQ3_oGIS=
QaQEKl7G.263,12:10:36,T8,Team T8,159,hVZogTpCq,o9sJ6bxVemUw==
QaQEKl7G.264,12:10:36,T8,Team T8,159,mWgfdWyD,w63E6SlXkhL==
QaQEKl7G.265,12:10:36,T8,Team T8,159,hVZogTpCq,o9sJ66BKizSEt=
QaQEKl7G.266,12:10:36,T8,Team T8,161,L9zYkDtq,VkLZ9
QaQEKl7G.267,12:10:36,T8,Team T8,161,z6gVguoFXJr,VikcoRNzNNWTB
QaQEKl7G.268,12:10:36,T8,Team T8,161,L9zYkDtq,VYm==
QaQEKl7G.269,12:10:36,T8,Team T8,161,G8i7nAkpX,NmMkdKLE8V
QaQEKl7G.270,12:10:36,T8,Team T8,161,L9zYkDtq,NmMkdSMBOHuoPx
QaQEKl7G.271,12:10:36,T8,Team T8,161,z6gVguoFXJr,VVuntrlO3SqbM
QaQEKl7G.272,12:10:36,T8,Team T8,161,z6gVguoFXJr,NmMkdPGKGSz0Pl41A=
QaQEKl7G.273,12:10:36,T8,Team T8,161,G8i7nAkpX,NmMkdKECWJHmzj
QaQEKl7G.274,12:10:36,T8,Team T8,161,G8i7nAkpX,NmMkdKPCZIGjSx7d==
QaQEKl7G.275,12:10:36,T8,Team T8,162,Y2elpmYn,0frIiw9EEw
QaQEKl7G.276,12:10:36,T8,Team T8,162,MZVildTCIgm,8__Fn
QaQEKl7G.277,12:10:36,T8,Team T8,162,MZVildTCIgm,8Z2u=
QaQEKl7G.278,12:10:36,T8,Team T8,162,Y2elpmYn,8Sh==
QaQEKl7G.279,12:10:36,T8,Team T8,162,T1XusjPmI,0frIiu3Gr=
QaQEKl7G.280,12:10:36,T8,Team T8,162,MZVildTCIgm,0frIiw6tSmzcsVKIcD72==
QaQEKl7G.281,12:10:36,T8,Team T8,163,bF9Iu5Jk,lQ2Sr6Fj=
QaQEKl7G.282,12:10:36,T8,Team T8,163,ZCQFqWEztxh,dSm6njHGdJwv==
QaQEKl7G.283,12:10:36,T8,Team T8,163,bF9Iu5Jk,lB6TG
QaQEKl7G.284,12:10:36,T8,Team T8,163,ZCQFqWEztxh,lr6PrU2uxNuAR
QaQEKl7G.285,12:10:36,T8,Team T8,163,bF9Iu5Jk,lR6QlM1Fiwk==
QaQEKl7G.286,12:10:36,T8,Team T8,164,cvv2fF9geOc,qL1uc16xgRrHUl
QaQEKl7G.287,12:10:36,T8,Team T8,164,jxxemL50e,qL1ucYml579qA
QaQEKl7G.288,12:10:36,T8,Team T8,164,dyMh9wk,qL1u5y6452kAW
QaQEKl7G.289,12:10:36,T8,Team T8,164,oyO5jOe1,yLv==
QaQEKl7G.290,12:10:36,T8,Team T8,164,cvv2fF9geOc,qL1uc0h8gfsNM5Zgcdb==
QaQEKl7G.291,12:10:36,T8,Team T8,164,oyO5jOe1,yGH_iF44=
QaQEKl7G.292,12:10:36,T8,Team T8,165,BrJsoxZY,LyDoe
QaQEKl7G.293,12:10:36,T8,Team T8,165,poqpkoUdZl7,LiQCgo6ld
QaQEKl7G.294,12:10:36,T8,Team T8,166,Ch5wp7paKC2,YD_PCsIbUXf==
QaQEKl7G.295,12:10:36,T8,Team T8,166,Ch5wp7paKC2,Yil==
QaQEKl7G.296,12:10:36,T8,Team T8,166,OkoztguV,YAnutaG2=
QaQEKl7G.297,12:10:36,T8,Team T8,166,Ch5wp7paKC2,YfwDC9vh
QaQEKl7G.298,12:10:36,T8,Team T8,166,Ch5wp7paKC2,QxB0muzUX522OC
QaQEKl7G.299,12:10:36,T8,Team T8,167,Pa0TeQa7vTH,bl0==
QaQEKl7G.300,12:10:36,T8,Team T8,167,1djWiZfS,br10aL==
QaQEKl7G.301,12:10:36,T8,Team T8,167,Wc25lW6Rv,3qwob99QrbG3uTij==
QaQEKl7G.302,12:10:36,T8,Team T8,167,1djWiZfS,bk39sdb9snU==
QaQEKl7G.303,12:10:36,T8,Team T8,167,Pa0TeQa7vTH,3qwobekRkZ
QaQEKl7G.304,12:10:36,T8,Team T8,167,1djWiZfS,bcl272n4kWU==
QaQEKl7G.305,12:10:36,T8,Team T8,167,1djWiZfS,buk8cafgmYV9Qoy==
QaQEKl7G.306,12:10:36,T8,Team T8,167,Pa0TeQa7vTH,bsm==
QaQEKl7G.307,12:10:36,T8,Team T8,170,Djh2u9Fm,FwvnnoUAD95H==
QaQEKl7G.308,12:10:36,T8,Team T8,170,rgYZq0ABNVL,Nrg0yTs==
QaQEKl7G.309,12:10:36,T8,Team T8,170,rgYZq0ABNVL,N98coRMzPRI==
QaQEKl7G.310,12:10:36,T8,Team T8,170,Djh2u9Fm,FwvnnnREFmLvxQY==
QaQEKl7G.311,12:10:36,T8,Team T8,170,rgYZq0ABNVL,FwvnnlHwKS6r==
QaQEKl7G.312,12:10:36,T8,Team T8,170,Djh2u9Fm,FwvnnjBz==
QaQEKl7G.313,12:10:36,T8,Team T8,171,ETDmvJlyycq,0XF=
QaQEKl7G.314,12:10:36,T8,Team T8,171,QWWpzSqj,S9aLs5BPt=
QaQEKl7G.315,12:10:36,T8,Team T8,171,QWWpzSqj,072zxWkvOrxSlcz==
QaQEKl7G.316,12:10:36,T8,Team T8,171,QWWpzSqj,S9aLs0jg==
QaQEKl7G.317,12:10:36,T8,Team T8,172,3PRMEBVg,5259xLMGeQzrC=
QaQEKl7G.318,12:10:36,T8,Team T8,172,SPPYuj1,5259qx4==
QaQEKl7G.319,12:10:36,T8,Team T8,172,RMyJAsQvjtl,dOBQq
QaQEKl7G.320,12:10:36,T8,Team T8,172,RMyJAsQvjtl,d0WPWATimtEzK
QaQEKl7G.321,12:10:36,T8,Team T8,173,4Fd6pbBs40g,iVKxmxuuP=
QaQEKl7G.322,12:10:36,T8,Team T8,174,hySduU6pzhb,DQess7djDMjY9su==
QaQEKl7G.323,12:10:36,T8,Team T8,174,tBbgy3ba,DQUKKea7FircaF==
QaQEKl7G.324,12:10:36,T8,Team T8,174,hySduU6pzhb,DNS==
QaQEKl7G.325,12:10:36,T8,Team T8,175,RtPMGJN6k,YHk3wVPbbKu4YF1I==
QaQEKl7G.326,12:10:36,T8,Team T8,176,XksXommj551,jsZjmrk==
QaQEKl7G.327,12:10:36,T8,Team T8,176,9nL0svr4,jlyl=
QaQEKl7G.328,12:10:36,T8,Team T8,177,mgGnxecL,wrWw=
QaQEKl7G.329,12:10:36,T8,Team T8,177,mgGnxecL,otUPqs8OVxQq==
QaQEKl7G.330,12:10:36,T8,Team T8,177,adnkt570QmG,wuMsjdqZS
QaQEKl7G.331,12:10:36,T8,Team T8,177,hfpwAb3KQ,otUPqpZ06sJk==
QaQEKl7G.332,12:10:36,T8,Team T8,177,adnkt570QmG,wgJ==
QaQEKl7G.333,12:10:36,T8,Team T8,178,z9lKCXHI,J6gZtRvOlORz=
QaQEKl7G.334,12:10:36,T8,Team T8,178,u84TFUyHB,Bmzdv5uat2
QaQEKl7G.335,12:10:36,T8,Team T8,178,u84TFUyHB,Bmzdv6KVkGPKILw7==
QaQEKl7G.336,12:10:36,T8,Team T8,178,u84TFUyHB,Bmzdv505k4Ay6=
QaQEKl7G.337,12:10:36,T8,Team T8,178,u84TFUyHB,BmzdvbA9NKIfaGswg=
QaQEKl7G.338,12:10:36,T8,Team T8,178,n62HyOCXBDB,Jh5_r7TQqHHlVMA==
QaQEKl7G.339,12:10:36,T8,Team T8,178,u84TFUyHB,Bmzdv5LOECZqLFC7==
QaQEKl7G.340,12:10:36,T8,Team T8,178,n62HyOCXBDB,JjheyKDNCBO==
QaQEKl7G.341,12:10:36,T8,Team T8,178,z9lKCXHI,Jfo==
QaQEKl7G.342,12:10:36,T8,Team T8,179,M2g7rGcF,W4YufFh5Adz==
QaQEKl7G.343,12:10:36,T8,Team T8,179,AZX4nx7Umaw,Wa6AsLb_l
QaQEKl7G.344,12:10:36,T8,Team T8,179,H1ZguD3Em,OfuBkN1Y8f
QaQEKl7G.345,12:10:36,T8,Team T8,180,M3lqFvxK88K,0jTOCSwy==
QaQEKl7G.346,12:10:36,T8,Team T8,180,M3lqFvxK88K,0jTOCTQV1=
QaQEKl7G.347,12:10:36,T8,Team T8,180,Y6EtJECv,0jTOCLYu4oWRZZ5XFS5o==
QaQEKl7G.348,12:10:36,T8,Team T8,180,Y6EtJECv,83GCCywGj
QaQEKl7G.349,12:10:36,T8,Team T8,180,Y6EtJECv,88NEUJWA4pUJc2==
QaQEKl7G.350,12:10:36,T8,Team T8,180,N6CFzmI,0jTOvwVw6
QaQEKl7G.351,12:10:36,T8,Team T8,180,M3lqFvxK88K,0jTOCSSC39
QaQEKl7G.352,12:10:36,T8,Team T8,180,Y6EtJECv,0jTOCTqEV
QaQEKl7G.353,12:10:36,T8,Team T8,180,Y6EtJECv,8kEy2
QaQEKl7G.354,12:10:36,T8,Team T8,180,M3lqFvxK88K,8hBsB
QaQEKl7G.355,12:10:36,T8,Team T8,181,bZjQOnns,dcycHvlF==
QaQEKl7G.356,12:10:36,T8,Team T8,181,bZjQOnns,l6abW
QaQEKl7G.357,12:10:36,T8,Team T8,181,ZW0NKeiHTFF,lSg==
QaQEKl7G.358,12:10:36,T8,Team T8,181,bZjQOnns,lVd9O
QaQEKl7G.359,12:10:36,T8,Team T8,181,bZjQOnns,dcycHCoM4B7cmjylY=
QaQEKl7G.360,12:10:36,T8,Team T8,181,bZjQOnns,dcycHAAwX_N3MaLm
QaQEKl7G.361,12:10:36,T8,Team T8,181,6Y2ZRkerT,dcycHuuq6H
QaQEKl7G.362,12:10:36,T8,Team T8,181,bZjQOnns,dcycHBDyXEEZ==
QaQEKl7G.363,12:10:36,T8,Team T8,181,ZW0NKeiHTFF,dcycHyfqEO
QaQEKl7G.364,12:10:36,T8,Team T8,181,6Y2ZRkerT,dcycHurEFEZnQ=
QaQEKl7G.365,12:10:36,T8,Team T8,182,oSedD6Sp,y0bfBb0TtSrdh
QaQEKl7G.366,12:10:36,T8,Team T8,182,cPVazXNEEWk,y31cr
QaQEKl7G.367,12:10:36,T8,Team T8,182,jRXmG3JoE,q5tAwd2I==
QaQEKl7G.368,12:10:36,T8,Team T8,182,jRXmG3JoE,q5tAweFJy6vSHP
QaQEKl7G.369,12:10:36,T8,Team T8,182,oSedD6Sp,q5tAwk9vrgl8kV
QaQEKl7G.370,12:10:36,T8,Team T8,182,jRXmG3JoE,q5tAwe5I==
QaQEKl7G.371,12:10:36,T8,Team T8,183,pIAhEGilpdf,LGNywXC7knCn
QaQEKl7G.372,12:10:36,T8,Team T8,183,pIAhEGilpdf,DY8IB1q4pw
QaQEKl7G.373,12:10:36,T8,Team T8,183,pIAhEGilpdf,LFFmRBi3=
QaQEKl7G.374,12:10:36,T8,Team T8,183,BLTkIPn6,LxG==
QaQEKl7G.375,12:10:36,T8,Team T8,183,wKCtLMe5p,DY8IBWghbet1oIw==
QaQEKl7G.376,12:10:36,T8,Team T8,183,BLTkIPn6,DY8IB1nz7rva2Mhd==
QaQEKl7G.377,12:10:36,T8,Team T8,183,BLTkIPn6,L4IfHDElb
QaQEKl7G.378,12:10:36,T8,Team T8,183,pIAhEGilpdf,LFYrL1s7flvj=
QaQEKl7G.379,12:10:36,T8,Team T8,184,OEyHNy83,QRN6GL4l6fgd1WOK==
QaQEKl7G.380,12:10:36,T8,Team T8,184,JDhQQvZ2a,QRN6GGrfVRqs16aU==
QaQEKl7G.381,12:10:36,T8,Team T8,184,CBfEJp3iaKa,YCiU=
QaQEKl7G.382,12:10:36,T8,Team T8,184,CBfEJp3iaKa,YyoXJ
QaQEKl7G.383,12:10:36,T8,Team T8,186,eq8rH0oX,oylLAGzfzqau=
QaQEKl7G.384,12:10:36,T8,Team T8,186,9pRAKXfWG,gDnSA7uX_tmiiXcC==
QaQEKl7G.385,12:10:36,T8,Team T8,186,2nPoDRjcGi0,ogcC=
QaQEKl7G.386,12:10:36,T8,Team T8,187,rj3OMJTU,BeZRCMW==
QaQEKl7G.387,12:10:36,T8,Team T8,187,miMXPGKTr,twigFWXcCTMJT4
QaQEKl7G.388,12:10:36,T8,Team T8,187,rj3OMJTU,BkWWTD=
QaQEKl7G.389,12:10:36,T8,Team T8,187,miMXPGKTr,twigFQ7Zs=
QaQEKl7G.390,12:10:36,T8,Team T8,187,miMXPGKTr,twigFUKSr7Vwu0x03_
QaQEKl7G.391,12:10:36,T8,Team T8,187,rj3OMJTU,Be0==
QaQEKl7G.392,12:10:36,T8,Team T8,187,miMXPGKTr,twigFSLfiTKGC5
QaQEKl7G.393,12:10:36,T8,Team T8,188,s9p8xjz6c6A,OnYwK9w5m_MTpnR==
QaQEKl7G.394,12:10:36,T8,Team T8,188,zbrkEpvQc,GpXEuAy6a5IVm73fwlZ==
QaQEKl7G.395,12:10:36,T8,Team T8,188,tcGnraK,GpXEnjH2UcV76
QaQEKl7G.396,12:10:36,T8,Team T8,188,zbrkEpvQc,GpXEuDub_B
QaQEKl7G.397,12:10:36,T8,Team T8,190,R6IREKuDJBJ,5mhfB6oBCV1jAtxD==
QaQEKl7G.398,12:10:36,T8,Team T8,190,R6IREKuDJBJ,dcUSW4AvN2KD=
QaQEKl7G.399,12:10:36,T8,Team T8,190,R6IREKuDJBJ,d3deK
QaQEKl7G.400,12:10:36,T8,Team T8,190,391UITzo,5mhfB4LNqBLuwCkLUP
QaQEKl7G.401,12:10:36,T8,Team T8,190,391UITzo,dZK5wSpoTzOh=
QaQEKl7G.402,12:10:36,T8,Team T8,191,g2GhNC4l,qU_kAz_Qz4H=
QaQEKl7G.403,12:10:36,T8,Team T8,192,hSilOcKxfpj,v8RLLwRl==
QaQEKl7G.404,12:10:36,T8,Team T8,193,GOgLH4kf,I1w9AgjxT8rLpDS9nV
QaQEKl7G.405,12:10:36,T8,Team T8,193,GOgLH4kf,QTdRu49B2
QaQEKl7G.406,12:10:36,T8,Team T8,193,uLXIDVfu0Ge,I1w9Aedw0NuGhph0voUg==
QaQEKl7G.407,12:10:36,T8,Team T8,194,9Hb8MN5c,bUrxF15p==
QaQEKl7G.408,12:10:36,T8,Team T8,194,XES5IE0rLX9,jYipIFfj0hm==
QaQEKl7G.409,12:10:36,T8,Team T8,194,9Hb8MN5c,bUrxF0ddv4jSePuMa=
QaQEKl7G.410,12:10:36,T8,Team T8,194,9Hb8MN5c,bUrxF1f9uY
QaQEKl7G.411,12:10:36,T8,Team T8,195,mAQvRwA9,wFT==
QaQEKl7G.412,12:10:36,T8,Team T8,195,mAQvRwA9,wDQKL
QaQEKl7G.413,12:10:36,T8,Team T8,195,mAQvRwA9,oN6VKIttxs1PREbBL1
QaQEKl7G.414,12:10:36,T8,Team T8,195,mAQvRwA9,wyGB3BDAGNaZP
QaQEKl7G.415,12:10:36,T8,Team T8,195,hzzEUtr8w,oN6VKEyjCGa2xW
QaQEKl7G.416,12:10:36,T8,Team T8,195,hzzEUtr8w,oN6VKDnuqsbTLC
QaQEKl7G.417,12:10:36,T8,Team T8,195,mAQvRwA9,wT3ySGszmH_g0
QaQEKl7G.418,12:10:36,T8,Team T8,195,hzzEUtr8w,oN6VKDsuAB
QaQEKl7G.419,12:10:36,T8,Team T8,195,mAQvRwA9,wsCt2cGu=
QaQEKl7G.420,12:10:36,T8,Team T8,196,ott4wXr,BGLjs6BN=
QaQEKl7G.421,12:10:36,T8,Team T8,196,use1JccPh,BGLjznwf1dZdo=
QaQEKl7G.422,12:10:36,T8,Team T8,196,nqcPC6g5hLZ,JAsmZVsTZU2==
QaQEKl7G.423,12:10:36,T8,Team T8,196,nqcPC6g5hLZ,BGLjztkg28
QaQEKl7G.424,12:10:36,T8,Team T8,196,nqcPC6g5hLZ,Jkibt9lVdIXhp
QaQEKl7G.425,12:10:36,T8,Team T8,196,ztvSGflQ,JCxgKpw5=
QaQEKl7G.426,12:10:36,T8,Team T8,196,use1JccPh,BGLjzptekYe4d6
QaQEKl7G.427,12:10:36,T8,Team T8,196,ott4wXr,BGLjsquX=
QaQEKl7G.428,12:10:36,T8,Team T8,197,M6qZLYQN,W3laNFZ5TZUX8nj==
QaQEKl7G.429,12:10:36,T8,Team T8,197,A37WHPL222E,WgDWC1ON34Y5
QaQEKl7G.430,12:10:36,T8,Team T8,197,M6qZLYQN,OjGrEc0iN_1hgyh7Ri
QaQEKl7G.431,12:10:36,T8,Team T8,197,A37WHPL222E,WYbiJVR3Q
QaQEKl7G.432,12:10:36,T8,Team T8,197,H598OVHM2,OjGrEbIUfnK4aengN=
QaQEKl7G.433,12:10:36,T8,Team T8,197,M6qZLYQN,W3qcDN99Kd_i=
QaQEKl7G.434,12:10:36,T8,Team T8,197,H598OVHM2,OjGrEb5S6i
QaQEKl7G.435,12:10:36,T8,Team T8,197,A37WHPL222E,WZg0=
QaQEKl7G.436,12:10:36,T8,Team T8,197,H598OVHM2,OjGrE840==
QaQEKl7G.437,12:10:36,T8,Team T8,197,M6qZLYQN,W9d==
QaQEKl7G.438,12:10:36,T8,Team T8,198,UYOvTEsJx,1clPJTE1mGU52tKL==
QaQEKl7G.439,12:10:36,T8,Team T8,198,UYOvTEsJx,1clPJTAMeCzcaGU1Kb
QaQEKl7G.440,12:10:36,T8,Team T8,198,UYOvTEsJx,1clPJVKUoE0l==
QaQEKl7G.441,12:10:36,T8,Team T8,199,cS0JFq6H,mWZQZ
QaQEKl7G.442,12:10:36,T8,Team T8,199,7RJSInXGi,e5gdyy_IbZIa==
QaQEKl7G.443,12:10:36,T8,Team T8,0,LOG_STOPPED,On JOSEPHJ-MYHP at 2015-10-16T19:10:36.796Z
