6DLQJL_V.1,11:32:02,T9,Team T9,0,LOG_STARTED,On JOSEPHJ-MYHP at 2015-10-16T18:32:02.378Z
6DLQJL_V.2,11:32:02,T9,Team T9,100,Kw3qKoz,XJczGu_Mpom3uN7CZ
6DLQJL_V.3,11:32:02,T9,Team T9,101,m440IQnwWXP,I2amHTwwOceAe2t==
6DLQJL_V.4,11:32:02,T9,Team T9,101,m440IQnwWXP,IWrZI3rhZ
6DLQJL_V.5,11:32:02,T9,Team T9,101,m440IQnwWXP,ITm6UVHAT_8==
6DLQJL_V.6,11:32:02,T9,Team T9,102,0bmQB8Q1GQD,erMgyw7Z==
6DLQJL_V.7,11:32:02,T9,Team T9,102,0bmQB8Q1GQD,mdHZDfSMB
6DLQJL_V.8,11:32:02,T9,Team T9,103,EjaGXqPwpfV,SzA7UMNe7cUQ==
6DLQJL_V.9,11:32:02,T9,Team T9,103,EjaGXqPwpfV,SzA7UM8msig1iEBRdwqj==
6DLQJL_V.10,11:32:02,T9,Team T9,103,QmtJ1zUh,SzA7UNXe7l_c==
6DLQJL_V.11,11:32:02,T9,Team T9,103,EjaGXqPwpfV,08CYk_JI=
6DLQJL_V.12,11:32:02,T9,Team T9,103,QmtJ1zUh,SzA7UNVyucrZtjq92=
6DLQJL_V.13,11:32:02,T9,Team T9,103,QmtJ1zUh,SzA7UK3A==
6DLQJL_V.14,11:32:02,T9,Team T9,104,ttMzUSnM,DouAQ
6DLQJL_V.15,11:32:02,T9,Team T9,104,osvIXPeL9,vGTYNZl006Nh==
6DLQJL_V.16,11:32:02,T9,Team T9,104,hqtwQJi198J,DDyQU1aXT
6DLQJL_V.17,11:32:02,T9,Team T9,105,rxhQI1hvS2x,NxDf6WylWtvhAk==
6DLQJL_V.18,11:32:02,T9,Team T9,105,yzj2P7dfS,FNHjFhrpL=
6DLQJL_V.19,11:32:02,T9,Team T9,105,rxhQI1hvS2x,NJt_78GH=
6DLQJL_V.20,11:32:02,T9,Team T9,106,bHBRcpGeC,iVZ92zWCN=
6DLQJL_V.21,11:32:02,T9,Team T9,106,bHBRcpGeC,iVZ92z1xyHjwjJ_mNh
6DLQJL_V.22,11:32:02,T9,Team T9,106,bHBRcpGeC,iVZ92z0i==
6DLQJL_V.23,11:32:02,T9,Team T9,107,POpH5IFJl,W2N0VW7_2Fnd==
6DLQJL_V.24,11:32:02,T9,Team T9,107,POpH5IFJl,W2N0VUCgo=
6DLQJL_V.25,11:32:02,T9,Team T9,107,IMnvYCJZlk9,4UDY3yH==
6DLQJL_V.26,11:32:02,T9,Team T9,108,xWYoU3if,HQJpGhsKZm16KjK==
6DLQJL_V.27,11:32:02,T9,Team T9,108,lTFlQUdu5eX,HNOPR4cg=
6DLQJL_V.28,11:32:02,T9,Team T9,108,xWYoU3if,Hb3qL
6DLQJL_V.29,11:32:02,T9,Team T9,108,sVHxX09e5,z95RNbfJ7i2NEvK0XJ
6DLQJL_V.30,11:32:02,T9,Team T9,108,lTFlQUdu5eX,HNRDUR_pig3EH70==
6DLQJL_V.31,11:32:02,T9,Team T9,108,sVHxX09e5,z95RNfDATzfEP6E==
6DLQJL_V.32,11:32:02,T9,Team T9,109,04Kq73n,dhTI3q4aN
6DLQJL_V.33,11:32:02,T9,Team T9,109,63vnki8JO,dhTIayr9KMi6==
6DLQJL_V.34,11:32:02,T9,Team T9,110,rzqjJ9tN,tMyECowca=
6DLQJL_V.35,11:32:02,T9,Team T9,110,rzqjJ9tN,B_BKN
6DLQJL_V.36,11:32:02,T9,Team T9,110,rzqjJ9tN,tMyECjjXk8
6DLQJL_V.37,11:32:02,T9,Team T9,110,rzqjJ9tN,tMyECjsTr4IaLyfh5k
6DLQJL_V.38,11:32:02,T9,Team T9,110,rzqjJ9tN,tMyECkp4geTcQPC1AbZf==
6DLQJL_V.39,11:32:02,T9,Team T9,110,rzqjJ9tN,B_EjS0h6=
6DLQJL_V.40,11:32:02,T9,Team T9,110,fw7gF0o2fWA,tMyECjqOghExFE
6DLQJL_V.41,11:32:02,T9,Team T9,110,fw7gF0o2fWA,tMyECmz086AYOrbWjQtf==
6DLQJL_V.42,11:32:02,T9,Team T9,111,5GI9Crsi,fVIAEkGyO
6DLQJL_V.43,11:32:02,T9,Team T9,111,5GI9Crsi,7TQvvCplLjqCJ8Rvu3WT==
6DLQJL_V.44,11:32:02,T9,Team T9,111,5GI9Crsi,7TQvvCjwIsrHIQye==
6DLQJL_V.45,11:32:02,T9,Team T9,111,TDp6yinxYmo,7TQvvAAAZAypH=
6DLQJL_V.46,11:32:02,T9,Team T9,111,5GI9Crsi,7TQvvEmkJBpv==
6DLQJL_V.47,11:32:02,T9,Team T9,111,TDp6yinxYmo,7TQvvDhjYPDMLSzwYD
6DLQJL_V.48,11:32:02,T9,Team T9,111,TDp6yinxYmo,7TQvvBqyYxytV=
6DLQJL_V.49,11:32:02,T9,Team T9,111,TDp6yinxYmo,7TQvvDfgVpTxAKII0Q
6DLQJL_V.50,11:32:02,T9,Team T9,112,wKdWUAQwIfc,SFj==
6DLQJL_V.51,11:32:02,T9,Team T9,112,INwZYJVh,K0EmRXNtT=
6DLQJL_V.52,11:32:02,T9,Team T9,112,DMf81GMgI,K0EmRRVfqE
6DLQJL_V.53,11:32:02,T9,Team T9,112,DMf81GMgI,K0EmRQ7gPnhkzY
6DLQJL_V.54,11:32:02,T9,Team T9,112,DMf81GMgI,K0EmRQJnIyyaMeaH=
6DLQJL_V.55,11:32:02,T9,Team T9,112,INwZYJVh,K0EmRXRKUAi2xnk3==
6DLQJL_V.56,11:32:02,T9,Team T9,112,INwZYJVh,K0EmRX5wJtdXMZ
6DLQJL_V.57,11:32:02,T9,Team T9,112,INwZYJVh,SCyjQKcxTbn3=
6DLQJL_V.58,11:32:02,T9,Team T9,113,mVOPR1UL,o8WdKbfOklmE_iwhGc
6DLQJL_V.59,11:32:02,T9,Team T9,113,hUxYUYLKr,o8WdKaNJa8eQQt
6DLQJL_V.60,11:32:02,T9,Team T9,113,aSvMNSP0r80,o8WdKbX4==
6DLQJL_V.61,11:32:02,T9,Team T9,113,mVOPR1UL,o8WdKcWSpavyHBuHum
6DLQJL_V.62,11:32:02,T9,Team T9,113,aSvMNSP0r80,wPBUV
6DLQJL_V.63,11:32:02,T9,Team T9,113,aSvMNSP0r80,o8WdKbP69v1z==
6DLQJL_V.64,11:32:02,T9,Team T9,113,mVOPR1UL,wYL4016TH
6DLQJL_V.65,11:32:02,T9,Team T9,114,U1PhMhefb,1fexCuAj==
6DLQJL_V.66,11:32:02,T9,Team T9,114,Z268Jkng,9R9q0kq==
6DLQJL_V.67,11:32:02,T9,Team T9,114,U1PhMhefb,1fexCuDBnKjGkkkr82U==
6DLQJL_V.68,11:32:02,T9,Team T9,114,U1PhMhefb,1fexCtal0wGDAtZn==
6DLQJL_V.69,11:32:02,T9,Team T9,114,NZN5Fbivbyi,9WOwN3lvVxnGL
6DLQJL_V.70,11:32:02,T9,Team T9,114,NZN5Fbivbyi,95e5Vga==
6DLQJL_V.71,11:32:02,T9,Team T9,114,NZN5Fbivbyi,1fexCynz==
6DLQJL_V.72,11:32:02,T9,Team T9,114,Z268Jkng,96jzRshBZJf==
6DLQJL_V.73,11:32:02,T9,Team T9,115,D9UY6CmL,Fm2oZOcS6=
6DLQJL_V.74,11:32:02,T9,Team T9,115,r6BV2th0Vr6,N4255we1WFxO3ov==
6DLQJL_V.75,11:32:02,T9,Team T9,117,Uo1ERdOL,4dXV=
6DLQJL_V.76,11:32:02,T9,Team T9,117,PnKNUaFKo,WB96KpR7qeX5551Iq=
6DLQJL_V.77,11:32:02,T9,Team T9,117,IlIBN4J0oJI,WB96KrLO==
6DLQJL_V.78,11:32:02,T9,Team T9,117,IlIBN4J0oJI,4zTT664grPS43
6DLQJL_V.79,11:32:02,T9,Team T9,117,Uo1ERdOL,4iKBMcX==
6DLQJL_V.80,11:32:02,T9,Team T9,117,PnKNUaFKo,WB96KkUZ5=
6DLQJL_V.81,11:32:02,T9,Team T9,117,IlIBN4J0oJI,WB96KrDRfQG2K85J6=
6DLQJL_V.82,11:32:02,T9,Team T9,117,IlIBN4J0oJI,4b4E_hB==
6DLQJL_V.83,11:32:02,T9,Team T9,117,Uo1ERdOL,4G5PPdM49bIU=
6DLQJL_V.84,11:32:02,T9,Team T9,118,yZjudvhf,IedtmG7jRT1KS
6DLQJL_V.85,11:32:02,T9,Team T9,118,nZhG3dn,AcrXZu9iWME4YdO6kK==
6DLQJL_V.86,11:32:02,T9,Team T9,118,nZhG3dn,AcrXZhim=
6DLQJL_V.87,11:32:02,T9,Team T9,118,nZhG3dn,AcrXZF7u0BwEdawi
6DLQJL_V.88,11:32:02,T9,Team T9,119,Z4OK2EbtRwO,l181dNknzSL==
6DLQJL_V.89,11:32:02,T9,Team T9,119,66QW9K7dR,dkfhZ23c_D6eJQYwp=
6DLQJL_V.90,11:32:02,T9,Team T9,119,Z4OK2EbtRwO,lf5_dTj==
6DLQJL_V.91,11:32:02,T9,Team T9,120,s8Lp27th,CoTyYfC==
6DLQJL_V.92,11:32:02,T9,Team T9,120,g5smYYowhl8,CXC=
6DLQJL_V.93,11:32:02,T9,Team T9,120,s8Lp27th,ulUKVmnu0m9OEEtfi=
6DLQJL_V.94,11:32:02,T9,Team T9,120,g5smYYowhl8,CfyDe1CnoPkN=
6DLQJL_V.95,11:32:02,T9,Team T9,120,s8Lp27th,CpOv2Ylvbh==
6DLQJL_V.96,11:32:02,T9,Team T9,120,g5smYYowhl8,ulUKVmveow6NyOjwy=
6DLQJL_V.97,11:32:02,T9,Team T9,120,g5smYYowhl8,ulUKVjBgcBBxLwej2J4N==
6DLQJL_V.98,11:32:02,T9,Team T9,120,g5smYYowhl8,CrNr98g==
6DLQJL_V.99,11:32:02,T9,Team T9,120,s8Lp27th,C7I==
6DLQJL_V.100,11:32:02,T9,Team T9,120,s8Lp27th,C2NPZOHnlh==
6DLQJL_V.101,11:32:02,T9,Team T9,121,5f3fVpsM,7scBODy27k1n==
6DLQJL_V.102,11:32:02,T9,Team T9,121,0eMoYmjL1,7scBOwkPQtfCA6
6DLQJL_V.103,11:32:02,T9,Team T9,121,5f3fVpsM,ffPx6ejYX
6DLQJL_V.104,11:32:02,T9,Team T9,121,5f3fVpsM,7scBOyf5==
6DLQJL_V.105,11:32:02,T9,Team T9,121,TcKcRgn11fW,fmSi5gv==
6DLQJL_V.106,11:32:02,T9,Team T9,121,TcKcRgn11fW,fm9JWksbSC7xw2M==
6DLQJL_V.107,11:32:02,T9,Team T9,121,5f3fVpsM,7scBOAiVVGTtU=
6DLQJL_V.108,11:32:02,T9,Team T9,122,JmR4NHVh,Lz0rGQ6DKXgjf4
6DLQJL_V.109,11:32:02,T9,Team T9,122,JmR4NHVh,Lz0rGTLqyQUPl=
6DLQJL_V.110,11:32:02,T9,Team T9,122,JmR4NHVh,Lz0rGRcMIRL3h=
6DLQJL_V.111,11:32:02,T9,Team T9,122,xjy1JyQwKEL,TnS9SMZsDWLU
6DLQJL_V.112,11:32:02,T9,Team T9,122,JmR4NHVh,Lz0rGT0sAO6R39i0=
6DLQJL_V.113,11:32:02,T9,Team T9,122,xjy1JyQwKEL,Lz0rGRQiGAQhh
6DLQJL_V.114,11:32:02,T9,Team T9,122,xjy1JyQwKEL,TgE==
6DLQJL_V.115,11:32:02,T9,Team T9,122,xjy1JyQwKEL,TuSgVwJuGLI==
6DLQJL_V.116,11:32:02,T9,Team T9,122,JmR4NHVh,Lz0rGUICwIbTg6mQD=
6DLQJL_V.117,11:32:02,T9,Team T9,123,arQl6RP1uxz,wjiroI2V=
6DLQJL_V.118,11:32:02,T9,Team T9,123,arQl6RP1uxz,wqXRYPNax
6DLQJL_V.119,11:32:02,T9,Team T9,124,kyEbZ9iwdrR,yO6DWwrEWnYO==
6DLQJL_V.120,11:32:02,T9,Team T9,124,rAGn6fegd,yO6DWqie==
6DLQJL_V.121,11:32:02,T9,Team T9,125,XFW1RrhvrQF,bVouOMGqgW
6DLQJL_V.122,11:32:02,T9,Team T9,125,XFW1RrhvrQF,jH169sv==
6DLQJL_V.123,11:32:02,T9,Team T9,125,9If4VAmg,jEa9SmAn=
6DLQJL_V.124,11:32:02,T9,Team T9,125,4HYdYxdfr,bVouOLsqBYSFYfhyDPoi==
6DLQJL_V.125,11:32:02,T9,Team T9,125,XFW1RrhvrQF,jH46gplykjU8m
6DLQJL_V.126,11:32:02,T9,Team T9,126,BNeReJKZaJt,XZl0dJ1O03wl4
6DLQJL_V.127,11:32:02,T9,Team T9,126,IPg3lPGJa,P3Glb28LgRACbP
6DLQJL_V.128,11:32:02,T9,Team T9,127,lq4Sd8FeU,sEub3lFy==
6DLQJL_V.129,11:32:02,T9,Team T9,127,qrlJabOf,AymNcbRd4Lm=
6DLQJL_V.130,11:32:02,T9,Team T9,127,eo2G62JuUDh,AwkN2g4vOzlKq
6DLQJL_V.131,11:32:02,T9,Team T9,127,qrlJabOf,sEub3pGAWFiy8c
6DLQJL_V.132,11:32:02,T9,Team T9,127,eo2G62JuUDh,AKsW5Z6j7TxSZ
6DLQJL_V.133,11:32:02,T9,Team T9,127,lq4Sd8FeU,sEub3nXG03tZ4=
6DLQJL_V.134,11:32:02,T9,Team T9,127,lq4Sd8FeU,sEub3iFJLSB5qJauG=
6DLQJL_V.135,11:32:02,T9,Team T9,127,frjV0TU,sEubWiX==
6DLQJL_V.136,11:32:02,T9,Team T9,128,Zxmc6q8JE,6LMwWAr3==
6DLQJL_V.137,11:32:02,T9,Team T9,128,Zxmc6q8JE,6LMwWC44mdfBclPR8MMZ==
6DLQJL_V.138,11:32:02,T9,Team T9,128,Svk0ZkcZE25,ewI2Tnifz
6DLQJL_V.139,11:32:02,T9,Team T9,128,4yD33thK,eOI2SrpTqceA7
6DLQJL_V.140,11:32:02,T9,Team T9,128,Svk0ZkcZE25,eNuZ5koTP
6DLQJL_V.141,11:32:02,T9,Team T9,128,4yD33thK,emRY8t8azcdI7
6DLQJL_V.142,11:32:02,T9,Team T9,129,IGrTpLKf,SFEarEWHbXlW1Tj==
6DLQJL_V.143,11:32:02,T9,Team T9,129,DFa2sIBen,KTAniWYli=
6DLQJL_V.144,11:32:02,T9,Team T9,129,IGrTpLKf,SBxVjA6c9Twe=
6DLQJL_V.145,11:32:02,T9,Team T9,129,DFa2sIBen,KTAniXWDiXBeVStdxDL==
6DLQJL_V.146,11:32:02,T9,Team T9,130,MENrOqnxNKH,0UgPLGufV2Mp==
6DLQJL_V.147,11:32:02,T9,Team T9,130,MENrOqnxNKH,0UgPLMyFQU
6DLQJL_V.148,11:32:02,T9,Team T9,130,MENrOqnxNKH,0UgPLGwmMH8OemNwA=
6DLQJL_V.149,11:32:02,T9,Team T9,130,YH6uSzsi,8FiN=
6DLQJL_V.150,11:32:02,T9,Team T9,130,MENrOqnxNKH,0UgPLGlqTWSKEgFEQ=
6DLQJL_V.151,11:32:02,T9,Team T9,131,wN7XNOjgx,D1yaDYGukTzVBDZOS1ws==
6DLQJL_V.152,11:32:02,T9,Team T9,131,BOoOKRsh,LUg5ALzkyFu3ANQ==
6DLQJL_V.153,11:32:02,T9,Team T9,131,pL5LGInwxEv,D1yaD3pA==
6DLQJL_V.154,11:32:02,T9,Team T9,131,pL5LGInwxEv,D1yaD4xuy=
6DLQJL_V.155,11:32:02,T9,Team T9,131,BOoOKRsh,LW6NNDkosCFdcOc==
6DLQJL_V.156,11:32:02,T9,Team T9,131,pL5LGInwxEv,D1yaD1vlBO1d==
6DLQJL_V.157,11:32:02,T9,Team T9,131,BOoOKRsh,LJiRUIgkz6A5=
6DLQJL_V.158,11:32:02,T9,Team T9,132,3TTB30Q1gxj,h9m10nJJbFv3rXvc==
6DLQJL_V.159,11:32:02,T9,Team T9,132,fWcE79VM,papMhlJNX
6DLQJL_V.160,11:32:02,T9,Team T9,132,3TTB30Q1gxj,paa8ZP==
6DLQJL_V.161,11:32:02,T9,Team T9,132,3TTB30Q1gxj,pS67=
6DLQJL_V.162,11:32:02,T9,Team T9,132,fWcE79VM,p5rF
6DLQJL_V.163,11:32:02,T9,Team T9,132,3TTB30Q1gxj,p5TJ3R5S12K=
6DLQJL_V.164,11:32:02,T9,Team T9,132,fWcE79VM,pM9==
6DLQJL_V.165,11:32:02,T9,Team T9,132,fWcE79VM,h9m10i19mKiOmVwrtUc==
6DLQJL_V.166,11:32:02,T9,Team T9,132,aVVNa6MLg,h9m10h6Vp1jZc=
6DLQJL_V.167,11:32:02,T9,Team T9,132,fWcE79VM,h9m10nTPqyyS==
6DLQJL_V.168,11:32:02,T9,Team T9,133,T3uuZsUg,3kcH4hOEN
6DLQJL_V.169,11:32:02,T9,Team T9,133,H0brVjPv0W7,30gVhxX==
6DLQJL_V.170,11:32:02,T9,Team T9,133,T3uuZsUg,VgESSDUuQbojlZ48J
6DLQJL_V.171,11:32:02,T9,Team T9,133,H0brVjPv0W7,36rB5rNf=
6DLQJL_V.172,11:32:02,T9,Team T9,133,T3uuZsUg,VgESSEMhR=
6DLQJL_V.173,11:32:02,T9,Team T9,133,T3uuZsUg,3VoF29NrWqie=
6DLQJL_V.174,11:32:02,T9,Team T9,133,O2dD2pLf0,VgESSz1rXh6ut=
6DLQJL_V.175,11:32:02,T9,Team T9,133,H0brVjPv0W7,37DxUgee62Cq=
6DLQJL_V.176,11:32:02,T9,Team T9,133,H0brVjPv0W7,3jhx=
6DLQJL_V.177,11:32:02,T9,Team T9,133,H0brVjPv0W7,34dWVt3h3da==
6DLQJL_V.178,11:32:02,T9,Team T9,134,waikSKnL,Ge8n=
6DLQJL_V.179,11:32:02,T9,Team T9,134,k7ZhOBi0KQp,GZ9N=
6DLQJL_V.180,11:32:02,T9,Team T9,134,k7ZhOBi0KQp,ynsJLYBXCS
6DLQJL_V.181,11:32:02,T9,Team T9,134,k7ZhOBi0KQp,Gexp4vcMN5SQ=
6DLQJL_V.182,11:32:02,T9,Team T9,134,k7ZhOBi0KQp,ynsJLYa4GZx2==
6DLQJL_V.183,11:32:02,T9,Team T9,134,r91tVHeKK,ynsJLReeDb
6DLQJL_V.184,11:32:02,T9,Team T9,134,r91tVHeKK,ynsJLSiPB1
6DLQJL_V.185,11:32:02,T9,Team T9,134,k7ZhOBi0KQp,G0jsOTEZMaFPa
6DLQJL_V.186,11:32:02,T9,Team T9,135,YIh6aTLvtJe,kLM7oXSyy
6DLQJL_V.187,11:32:02,T9,Team T9,136,CTmbX3V,P6yqTe4RWoe9n
6DLQJL_V.188,11:32:02,T9,Team T9,136,IS78aiGKd,P6yq0w92il3k==
6DLQJL_V.189,11:32:02,T9,Team T9,136,NToZ7lPL,XMe013T2qqhcd
6DLQJL_V.190,11:32:02,T9,Team T9,136,IS78aiGKd,P6yq0xN23enegn5qA1hJ==
6DLQJL_V.191,11:32:02,T9,Team T9,136,BQ5W3cK0d82,XUr0lcJTc9mle
6DLQJL_V.192,11:32:02,T9,Team T9,136,BQ5W3cK0d82,X8x7VcWQ=
6DLQJL_V.193,11:32:02,T9,Team T9,136,IS78aiGKd,P6yq0wZ8Ymwx6IPpL_0==
6DLQJL_V.194,11:32:02,T9,Team T9,136,IS78aiGKd,P6yq0t2V0kepdiPX==
6DLQJL_V.195,11:32:02,T9,Team T9,136,BQ5W3cK0d82,XHab61EWil5==
6DLQJL_V.196,11:32:02,T9,Team T9,136,IS78aiGKd,P6yq0vTQVhpto=
6DLQJL_V.197,11:32:02,T9,Team T9,137,mZps3A9fW,tdQLTPevGwQDzJ
6DLQJL_V.198,11:32:02,T9,Team T9,137,fXngWudvW2Q,BUvu=
6DLQJL_V.199,11:32:02,T9,Team T9,137,r0Gj0Dig,tdQLTSknMkWBINmiYR
6DLQJL_V.200,11:32:02,T9,Team T9,137,fXngWudvW2Q,BVD==
6DLQJL_V.201,11:32:02,T9,Team T9,137,mZps3A9fW,tdQLTPbzc3RyVLC_Y
6DLQJL_V.202,11:32:02,T9,Team T9,139,Dev8iaBIp,KsWt8lH2ujDXJUEVUFfl==
6DLQJL_V.203,11:32:02,T9,Team T9,139,Dev8iaBIp,KsWt8lD36kB9M=
6DLQJL_V.204,11:32:02,T9,Team T9,139,IfMZfdKJ,SjJ==
6DLQJL_V.205,11:32:02,T9,Team T9,139,wctWb4FYpks,S1uac2K5eyR1VBt==
6DLQJL_V.206,11:32:02,T9,Team T9,139,IfMZfdKJ,Sj_V8WN==
6DLQJL_V.207,11:32:02,T9,Team T9,139,Dev8iaBIp,KsWt8k0fb
6DLQJL_V.208,11:32:02,T9,Team T9,139,Dev8iaBIp,KsWt8sAM6qFWI=
6DLQJL_V.209,11:32:02,T9,Team T9,140,Ygr4HxsN,86E5=
6DLQJL_V.210,11:32:02,T9,Team T9,140,Ygr4HxsN,89tkKjxaU
6DLQJL_V.211,11:32:02,T9,Team T9,140,Ygr4HxsN,0tCpAKl5BAeBx9CZ==
6DLQJL_V.212,11:32:02,T9,Team T9,141,CnJU3PVh,EAUgW31xzdm4zx
6DLQJL_V.213,11:32:02,T9,Team T9,141,qkqRZGQwz34,EAUgW0KsFft3Czsgs=
6DLQJL_V.214,11:32:02,T9,Team T9,141,qkqRZGQwz34,MaGWS
6DLQJL_V.215,11:32:02,T9,Team T9,141,qkqRZGQwz34,MtA61I6vhen==
6DLQJL_V.216,11:32:02,T9,Team T9,141,qkqRZGQwz34,MfF8RK4==
6DLQJL_V.217,11:32:02,T9,Team T9,141,CnJU3PVh,MaGQSSPBDm5a=
6DLQJL_V.218,11:32:02,T9,Team T9,141,qkqRZGQwz34,MhrbeTKK
6DLQJL_V.219,11:32:02,T9,Team T9,141,CnJU3PVh,MsPR7Q4o=
6DLQJL_V.220,11:32:02,T9,Team T9,142,3seGSYP1jWS,hII6PkYWl508PE
6DLQJL_V.221,11:32:02,T9,Team T9,142,3seGSYP1jWS,px==
6DLQJL_V.222,11:32:02,T9,Team T9,142,fvxJW7UM,pvDV12QbufP==
6DLQJL_V.223,11:32:02,T9,Team T9,142,3seGSYP1jWS,hII6PiZhn5V2G8
6DLQJL_V.224,11:32:02,T9,Team T9,142,3seGSYP1jWS,pjMUL34P4mb==
6DLQJL_V.225,11:32:02,T9,Team T9,142,fvxJW7UM,pKDFbTH4jacSF
6DLQJL_V.226,11:32:02,T9,Team T9,142,3seGSYP1jWS,pv_M=
6DLQJL_V.227,11:32:02,T9,Team T9,142,augSZ4LLj,hII6PfUYaTUYnUmTWym3==
6DLQJL_V.228,11:32:02,T9,Team T9,142,fvxJW7UM,hII6PmIL0d3YSZZV==
6DLQJL_V.229,11:32:02,T9,Team T9,143,dzwwLhiw2PG,rP0XIAcpQ3DeBhKbmJDH==
6DLQJL_V.230,11:32:02,T9,Team T9,143,pCPzPqnh,zpRvKB_NW60pA
6DLQJL_V.231,11:32:02,T9,Team T9,143,dzwwLhiw2PG,rP0XIEnydRQvP7
6DLQJL_V.232,11:32:02,T9,Team T9,143,pCPzPqnh,rP0XIBcHW6UxnfI2pFRH==
6DLQJL_V.233,11:32:02,T9,Team T9,143,pCPzPqnh,rP0XIECmUi9vGez6
6DLQJL_V.234,11:32:02,T9,Team T9,144,2dDpbIng,c4_T5BsKH
6DLQJL_V.235,11:32:02,T9,Team T9,144,2dDpbIng,cZAIgTlvMfh
6DLQJL_V.236,11:32:02,T9,Team T9,144,Qakm7zivMfY,4qOO4Ubgt=
6DLQJL_V.237,11:32:02,T9,Team T9,145,uiCc0RL0v8M,Iy6FXeOey=
6DLQJL_V.238,11:32:02,T9,Team T9,145,uiCc0RL0v8M,QuYcbfT==
6DLQJL_V.239,11:32:02,T9,Team T9,145,vlTrUIW,Iy6FQH7SnpZuSYrx9nR==
6DLQJL_V.240,11:32:02,T9,Team T9,145,vlTrUIW,Iy6FQIO5onV9aZo==
6DLQJL_V.241,11:32:02,T9,Team T9,145,GlVf40QL,QtHa6GGOlmSj=
6DLQJL_V.242,11:32:02,T9,Team T9,145,BkEo7XHKv,Iy6FXbcNG=
6DLQJL_V.243,11:32:02,T9,Team T9,145,vlTrUIW,Iy6FQ970soXe27E==
6DLQJL_V.244,11:32:02,T9,Team T9,145,uiCc0RL0v8M,Qo5c=
6DLQJL_V.245,11:32:02,T9,Team T9,145,vlTrUIW,Iy6FQHNP_zYd73HV82R==
6DLQJL_V.246,11:32:02,T9,Team T9,146,frsIZgGef,mFU0Puaf3wG3PKca==
6DLQJL_V.247,11:32:02,T9,Team T9,146,frsIZgGef,mFU0Pt1p8yKj0e
6DLQJL_V.248,11:32:02,T9,Team T9,146,frsIZgGef,mFU0PtU_1vTyMt47uQ
6DLQJL_V.249,11:32:02,T9,Team T9,146,frsIZgGef,mFU0PsPy==
6DLQJL_V.250,11:32:02,T9,Team T9,146,frsIZgGef,mFU0PtWioJWh3mf1qZ
6DLQJL_V.251,11:32:02,T9,Team T9,146,ksJzWjPf,urzRVf2Jj
6DLQJL_V.252,11:32:02,T9,Team T9,146,frsIZgGef,mFU0PuHBWC
6DLQJL_V.253,11:32:02,T9,Team T9,148,wFyneQ8ec,DT0H46imUxCWb=
6DLQJL_V.254,11:32:02,T9,Team T9,148,wFyneQ8ec,DT0H41almAxjNOSVL=
6DLQJL_V.255,11:32:02,T9,Team T9,148,BGPebThf,LwIckLvyUvq==
6DLQJL_V.256,11:32:02,T9,Team T9,148,pDwb7Kcuckd,LQzx1BDo3
6DLQJL_V.257,11:32:02,T9,Team T9,149,9NQd79BJW,g1iyXkF9bYjD==
6DLQJL_V.258,11:32:02,T9,Team T9,149,eO744cKK,oZYZ=
6DLQJL_V.259,11:32:02,T9,Team T9,149,2LO103FZWJ1,oFc2n6GJDSe==
6DLQJL_V.260,11:32:02,T9,Team T9,149,2LO103FZWJ1,oTU1=
6DLQJL_V.261,11:32:02,T9,Team T9,149,9NQd79BJW,g1iyXmO3==
6DLQJL_V.262,11:32:02,T9,Team T9,149,9NQd79BJW,g1iyXqWI2_eWGvkkvU
6DLQJL_V.263,11:32:02,T9,Team T9,149,2LO103FZWJ1,oWmiW6XTVJ4=
6DLQJL_V.264,11:32:02,T9,Team T9,149,9NQd79BJW,g1iyXoA6KO
6DLQJL_V.265,11:32:02,T9,Team T9,150,iMs6WQnwS3P,E7I==
6DLQJL_V.266,11:32:02,T9,Team T9,150,uPL90Zsh,w2XuTagCY38T0d
6DLQJL_V.267,11:32:02,T9,Team T9,150,iMs6WQnwS3P,E9I5RKls=
6DLQJL_V.268,11:32:02,T9,Team T9,150,uPL90Zsh,E4Et3IpA=
6DLQJL_V.269,11:32:02,T9,Team T9,150,iMs6WQnwS3P,E9MsT
6DLQJL_V.270,11:32:02,T9,Team T9,150,uPL90Zsh,w2XuT9iLUy
6DLQJL_V.271,11:32:02,T9,Team T9,150,iMs6WQnwS3P,EJNjU0oxFtTv38d==
6DLQJL_V.272,11:32:02,T9,Team T9,150,uPL90Zsh,w2XuTauv12RSL1qvQNgD==
6DLQJL_V.273,11:32:02,T9,Team T9,151,WTKWP8Q1CsD,iX50=
6DLQJL_V.274,11:32:02,T9,Team T9,152,MyRPLzUh,OL3cEJdu==
6DLQJL_V.275,11:32:02,T9,Team T9,152,MyRPLzUh,OL3cENTKwwABmKcZK=
6DLQJL_V.276,11:32:02,T9,Team T9,152,AvyMHqPwPlr,WyNSDINBYGIfdx==
6DLQJL_V.277,11:32:02,T9,Team T9,152,AvyMHqPwPlr,OL3cEL4vGlu==
6DLQJL_V.278,11:32:02,T9,Team T9,152,MyRPLzUh,W_I5ziXe2nu==
6DLQJL_V.279,11:32:02,T9,Team T9,153,pFaF8SnM,rSm312GKBiuw4YN0Z=
6DLQJL_V.280,11:32:02,T9,Team T9,153,kETObPeLz,rSm311t5==
6DLQJL_V.281,11:32:02,T9,Team T9,153,dCRC4Ji1zef,rSm312gZ==
6DLQJL_V.282,11:32:02,T9,Team T9,153,kETObPeLz,rSm31Zfcueuc4UNcRIvv==
6DLQJL_V.283,11:32:02,T9,Team T9,153,dCRC4Ji1zef,zP4Ipyu=
6DLQJL_V.284,11:32:02,T9,Team T9,153,dCRC4Ji1zef,rSm317pQCyhv7iFjR=
6DLQJL_V.285,11:32:02,T9,Team T9,153,dCRC4Ji1zef,zCTW=
6DLQJL_V.286,11:32:02,T9,Team T9,154,YLH837dfi,5ZaoTkgwn735bYBP6uSp==
6DLQJL_V.287,11:32:02,T9,Team T9,154,YLH837dfi,5ZaoThsx7FmN75EH3
6DLQJL_V.288,11:32:02,T9,Team T9,154,3MYZ0amg,5ZaoTmqo6N
6DLQJL_V.289,11:32:02,T9,Team T9,154,SMWbQSs,5ZaoM3ElZN1QhU5=
6DLQJL_V.290,11:32:02,T9,Team T9,155,BTZXWpGK2,I7seMzMJVtwp==
6DLQJL_V.291,11:32:02,T9,Team T9,155,uRXLPjK02xl,Q1mNQDCdcvMj=
6DLQJL_V.292,11:32:02,T9,Team T9,155,GUgOTsPL,QG5WX
6DLQJL_V.293,11:32:02,T9,Team T9,156,8YLBcCJvLq9,u6aT=
6DLQJL_V.294,11:32:02,T9,Team T9,156,f0NNjIFfL,meg59WMj==
6DLQJL_V.295,11:32:02,T9,Team T9,156,8YLBcCJvLq9,uY0WiRCsxC==
6DLQJL_V.296,11:32:02,T9,Team T9,157,S75Db09ev,ZlyW1e5wc=
6DLQJL_V.297,11:32:02,T9,Team T9,158,wfTt4i8Je,DtmNUwaHja03nR
6DLQJL_V.298,11:32:02,T9,Team T9,159,ambjqBBdY,hAEEgSFoNOHO5B1NdFbE==
6DLQJL_V.299,11:32:02,T9,Team T9,159,3k97jvFtYCz,pbn5bIQyZ
6DLQJL_V.300,11:32:02,T9,Team T9,159,3k97jvFtYCz,pkxeDrT==
6DLQJL_V.301,11:32:02,T9,Team T9,159,ambjqBBdY,hAEEgOJyGNHyQEZeoQ
6DLQJL_V.302,11:32:02,T9,Team T9,159,ambjqBBdY,hAEEgROx2z4Ob=
6DLQJL_V.303,11:32:02,T9,Team T9,159,ambjqBBdY,hAEEgSSsTJLskz
6DLQJL_V.304,11:32:02,T9,Team T9,159,ambjqBBdY,hAEEgQxkVHwvexaR==
6DLQJL_V.305,11:32:02,T9,Team T9,159,ambjqBBdY,hAEEgPzj0LSyVxeVl=
6DLQJL_V.306,11:32:02,T9,Team T9,159,3k97jvFtYCz,pdunp
6DLQJL_V.307,11:32:02,T9,Team T9,160,jlNcMinxoso,FjatI
6DLQJL_V.308,11:32:02,T9,Team T9,160,jlNcMinxoso,xBjAJExEaowxnbO8==
6DLQJL_V.309,11:32:02,T9,Team T9,160,vo6fQrsi,xBjAJEoHot
6DLQJL_V.310,11:32:02,T9,Team T9,160,vo6fQrsi,Fv3==
6DLQJL_V.311,11:32:02,T9,Team T9,161,3YDefGMM8,ac7r5QI7eCgVnh
6DLQJL_V.312,11:32:02,T9,Team T9,161,8ZU5cJVN,iM8dapPNVPcT=
6DLQJL_V.313,11:32:02,T9,Team T9,162,H6V48YLKR,OkpiY8ZOX1uq_Eu4=
6DLQJL_V.314,11:32:02,T9,Team T9,162,H6V48YLKR,OkpiY8dhEehzbQzY==
6DLQJL_V.315,11:32:02,T9,Team T9,162,A4TS1SP0RK0,OkpiYdUNWGlr==
6DLQJL_V.316,11:32:02,T9,Team T9,162,A4TS1SP0RK0,Wh7aiLW6C
6DLQJL_V.317,11:32:02,T9,Team T9,162,A4TS1SP0RK0,OkpiYbZXCHirm=
6DLQJL_V.318,11:32:02,T9,Team T9,163,VeueXkng,5mhuYvGx=
6DLQJL_V.319,11:32:02,T9,Team T9,163,KesqN2t,XrHCJ6zrvFR==
6DLQJL_V.320,11:32:02,T9,Team T9,163,Qddn0hefB,XrHCQsgssOi4iLZQKr18==
6DLQJL_V.321,11:32:02,T9,Team T9,164,uk1dnzdKl,ByvtdJl1iGWOevvZb=
6DLQJL_V.322,11:32:02,T9,Team T9,164,zli4kCmL,ByvtdRkTaXUMEwgT==
6DLQJL_V.323,11:32:02,T9,Team T9,164,uk1dnzdKl,ByvtdMuRtLDI5urU6g3W==
6DLQJL_V.324,11:32:02,T9,Team T9,164,uk1dnzdKl,ByvtdMeO==
6DLQJL_V.325,11:32:02,T9,Team T9,164,niZ1gth0lxC,ByvtdNsX4JZObup9==
6DLQJL_V.326,11:32:02,T9,Team T9,164,zli4kCmL,Js5wkqbVaFF==
6DLQJL_V.327,11:32:02,T9,Team T9,164,niZ1gth0lxC,JchoyRoXAtY7f
6DLQJL_V.328,11:32:02,T9,Team T9,165,1qhR8LKv4WU,nyoRc66hRidst
6DLQJL_V.329,11:32:02,T9,Team T9,165,1qhR8LKv4WU,fGNk57Hz==
6DLQJL_V.330,11:32:02,T9,Team T9,165,1qhR8LKv4WU,nKGP7FXq8S7==
6DLQJL_V.331,11:32:02,T9,Team T9,165,8sj3fRGf4,fGNk51Fi3=
6DLQJL_V.332,11:32:02,T9,Team T9,165,dtAUcUPg,fGNk56DCa6SvdNQm==
6DLQJL_V.333,11:32:02,T9,Team T9,165,dtAUcUPg,fGNk57Gs0a81==
6DLQJL_V.334,11:32:02,T9,Team T9,165,1qhR8LKv4WU,nvN496Fp2Zda4
6DLQJL_V.335,11:32:02,T9,Team T9,165,1qhR8LKv4WU,ntCV9OYx0
6DLQJL_V.336,11:32:02,T9,Team T9,166,QApK5dOL,0DfUc5F8=
6DLQJL_V.337,11:32:02,T9,Team T9,167,uHHArvhf,EMFxFxBngSz==
6DLQJL_V.338,11:32:02,T9,Team T9,167,pGqJus8ex,wUU2kIpjn1NJ4s
6DLQJL_V.339,11:32:02,T9,Team T9,167,pGqJus8ex,wUU2kGrFlGLo==
6DLQJL_V.340,11:32:02,T9,Team T9,167,iEoxnmcuxJw,E_u==
6DLQJL_V.341,11:32:02,T9,Team T9,167,iEoxnmcuxJw,EvFAu
6DLQJL_V.342,11:32:02,T9,Team T9,167,uHHArvhf,wUU2kKeqx8BHKyknS=
6DLQJL_V.343,11:32:02,T9,Team T9,167,iEoxnmcuxJw,EIwMyd4==
6DLQJL_V.344,11:32:02,T9,Team T9,167,uHHArvhf,EIyUGGccuFHI=
6DLQJL_V.345,11:32:02,T9,Team T9,168,2OeynK7Jh,92ISd1t3==
6DLQJL_V.346,11:32:02,T9,Team T9,168,2OeynK7Jh,92ISdYn0dhF8GR
6DLQJL_V.347,11:32:02,T9,Team T9,168,7PvpkNgK,h4HnbUvTn
6DLQJL_V.348,11:32:02,T9,Team T9,168,7PvpkNgK,hFiHdIsWg
6DLQJL_V.349,11:32:02,T9,Team T9,168,VMcmgEbZh8k,hWqvg
6DLQJL_V.350,11:32:02,T9,Team T9,168,2OeynK7Jh,92ISd0iW8fwgJHZtwKMn==
6DLQJL_V.351,11:32:02,T9,Team T9,168,2OeynK7Jh,92ISdXx_g8BQC=
6DLQJL_V.352,11:32:02,T9,Team T9,168,VMcmgEbZh8k,hLxpuM_ZmApS=
6DLQJL_V.353,11:32:02,T9,Team T9,168,7PvpkNgK,h0eruI4dueA9W3D==
6DLQJL_V.354,11:32:02,T9,Team T9,168,VMcmgEbZh8k,hHyHlNp==
6DLQJL_V.355,11:32:02,T9,Team T9,170,1rrl9psM,3EFG2xthp2e7==
6DLQJL_V.356,11:32:02,T9,Team T9,171,tvW7XyQwaKL,HLtwUS5CbdSSlh1ex=
6DLQJL_V.357,11:32:02,T9,Team T9,171,tvW7XyQwaKL,HLtwUS0GVO
6DLQJL_V.358,11:32:02,T9,Team T9,171,tvW7XyQwaKL,HLtwUU5k==
6DLQJL_V.359,11:32:02,T9,Team T9,171,tvW7XyQwaKL,PkiEWFIG1HY5=
6DLQJL_V.360,11:32:02,T9,Team T9,171,tvW7XyQwaKL,PR2baDWs=
6DLQJL_V.361,11:32:02,T9,Team T9,171,tvW7XyQwaKL,Pp3b=
6DLQJL_V.362,11:32:02,T9,Team T9,171,tvW7XyQwaKL,HLtwUS5nib5Uvjbc=
6DLQJL_V.363,11:32:02,T9,Team T9,171,tvW7XyQwaKL,HLtwUTPMZ=
6DLQJL_V.364,11:32:02,T9,Team T9,172,7GvGKI0,kTLRGT0Y6YLr=
6DLQJL_V.365,11:32:02,T9,Team T9,172,iGxuU0UM,sCBOYI4TEXy=
6DLQJL_V.366,11:32:02,T9,Team T9,173,WNlkhinh,6Egy9iJzn
6DLQJL_V.367,11:32:02,T9,Team T9,173,WNlkhinh,6Go==
6DLQJL_V.368,11:32:02,T9,Team T9,173,WNlkhinh,Y0zIavkgJ7
6DLQJL_V.369,11:32:02,T9,Team T9,173,WNlkhinh,6Boks
6DLQJL_V.370,11:32:02,T9,Team T9,173,WNlkhinh,Y0zIatglO8vOjQoT==
6DLQJL_V.371,11:32:02,T9,Team T9,174,zUDa9AmM,JIrj1yd1=
6DLQJL_V.372,11:32:02,T9,Team T9,174,zUDa9AmM,B7Rz2Mzfe2
6DLQJL_V.373,11:32:02,T9,Team T9,174,nRk75rh1nWb,JdGwdwi1D0ty=
6DLQJL_V.374,11:32:02,T9,Team T9,174,uTmjcxdLn,B7Rz2Jm1qUy1jJSfNsGY==
6DLQJL_V.375,11:32:02,T9,Team T9,175,1ZCXYJKZAPt,ff9qV7KRCRw4X=
6DLQJL_V.376,11:32:02,T9,Team T9,175,1ZCXYJKZAPt,ff9qV5VPnL
6DLQJL_V.377,11:32:02,T9,Team T9,175,d2V02SPK,n3K1m_LOtSG==
6DLQJL_V.378,11:32:02,T9,Team T9,175,81E95PGJA,ff9qV0MQQdJvh=
6DLQJL_V.379,11:32:02,T9,Team T9,176,E6qMk2Jukfh,0erRzo3y=
6DLQJL_V.380,11:32:02,T9,Team T9,176,E6qMk2Jukfh,01w5lcWDjKCQ7m7==
6DLQJL_V.381,11:32:02,T9,Team T9,176,E6qMk2Jukfh,09tNqTNq=
6DLQJL_V.382,11:32:02,T9,Team T9,176,L8sYr8Fek,SmXghiYibu
6DLQJL_V.383,11:32:02,T9,Team T9,176,Q9JPobOf,SmXghq7ob=
6DLQJL_V.384,11:32:02,T9,Team T9,176,Q9JPobOf,SmXghqPxpx_tZg
6DLQJL_V.385,11:32:02,T9,Team T9,177,idI6dkcZ485,Ey5b3go1dri==
6DLQJL_V.386,11:32:02,T9,Team T9,177,idI6dkcZ485,E95foha==
6DLQJL_V.387,11:32:02,T9,Team T9,177,idI6dkcZ485,Eu1gs9eM5
6DLQJL_V.388,11:32:02,T9,Team T9,177,ug19hthK,Ex0od
6DLQJL_V.389,11:32:02,T9,Team T9,177,idI6dkcZ485,Ef8u3mk==
6DLQJL_V.390,11:32:02,T9,Team T9,177,ug19hthK,EcWsxkqL3
6DLQJL_V.391,11:32:02,T9,Team T9,178,3Ry8cIBeN,a53s2VEyN03iF=
6DLQJL_V.392,11:32:02,T9,Team T9,178,8SPZ9LKf,iIIk=
6DLQJL_V.393,11:32:02,T9,Team T9,179,zWPMsVEZxqH,V3YSvSBXnpKFLEg==
6DLQJL_V.394,11:32:02,T9,Team T9,179,GYRYz1AJx,NcmjpfyLDEGN8jEw==
6DLQJL_V.395,11:32:02,T9,Team T9,179,GYRYz1AJx,NcmjpfQOgt
6DLQJL_V.396,11:32:02,T9,Team T9,180,10MqYRsN,3d1LR4pTW0zJ==
6DLQJL_V.397,11:32:02,T9,Team T9,180,10MqYRsN,bRTI_IzTHII==
6DLQJL_V.398,11:32:02,T9,Team T9,181,F8AKR9VM,HlP6KjRTu9zI06smXO6O==
6DLQJL_V.399,11:32:02,T9,Team T9,181,t5hHN0Q1G9j,HlP6KnOPozC==
6DLQJL_V.400,11:32:02,T9,Team T9,181,A7jTU6MLG,HlP6KgZfMqDE==
6DLQJL_V.401,11:32:02,T9,Team T9,181,F8AKR9VM,HlP6KiJNsur2a=
6DLQJL_V.402,11:32:02,T9,Team T9,181,u8yWHR1,HlP6DdX7DkuKlfH5Lt4==
6DLQJL_V.403,11:32:02,T9,Team T9,181,u8yWHR1,HlP6D7LV_xx4=
6DLQJL_V.404,11:32:02,T9,Team T9,181,F8AKR9VM,PeP_U_4==
6DLQJL_V.405,11:32:02,T9,Team T9,182,PfSAdsog,Rs7X6FhgdjDt6I
6DLQJL_V.406,11:32:02,T9,Team T9,182,Dczx9jjvq27,Z1GT=
6DLQJL_V.407,11:32:02,T9,Team T9,182,PfSAdsog,ZyLOa_mmBnAu=
6DLQJL_V.408,11:32:02,T9,Team T9,182,Dczx9jjvq27,Rs7X6Geymj5rYm
6DLQJL_V.409,11:32:02,T9,Team T9,183,gjnn2Bi0aWV,uzVOZWm20i6N5=
6DLQJL_V.410,11:32:02,T9,Team T9,184,UqFcUTLvTlK,8GdERhJGViS76=
6DLQJL_V.411,11:32:02,T9,Team T9,184,1sHo1ZHfT,8GdERcOdK=
6DLQJL_V.412,11:32:02,T9,Team T9,184,6tYfY2Qg,gs0v3RQiWCX==
6DLQJL_V.413,11:32:02,T9,Team T9,186,iHNyhA9fm,pVjQ7NfMh=
6DLQJL_V.414,11:32:02,T9,Team T9,186,iHNyhA9fm,pVjQ7MrBef1D6m9jR=
6DLQJL_V.415,11:32:02,T9,Team T9,186,nI4peDig,pVjQ7Rh_dmaL7V5x5iP3==
6DLQJL_V.416,11:32:02,T9,Team T9,186,bFLmaudvm8Q,pVjQ7RzDAoOJRZhkah53==
6DLQJL_V.417,11:32:02,T9,Team T9,186,iHNyhA9fm,pVjQ7KyIzfTJ9jsn7e
6DLQJL_V.418,11:32:02,T9,Team T9,188,zqTewaBIP,GEpymnU7E=
6DLQJL_V.419,11:32:02,T9,Team T9,188,zqTewaBIP,GEpymlENEsIi6vYtVG
6DLQJL_V.420,11:32:02,T9,Team T9,188,Era5tdKJ,OpRqhhPYTJv==
6DLQJL_V.421,11:32:02,T9,Team T9,189,hysUlwJe,rLHfkDUykxzx=
6DLQJL_V.422,11:32:02,T9,Team T9,189,5v9RhnEtzkg,runf8
6DLQJL_V.423,11:32:02,T9,Team T9,189,5v9RhnEtzkg,rkldsy==
6DLQJL_V.424,11:32:02,T9,Team T9,190,mwOXJGQwZ94,AMnlG4YzHsued80gyRUy==
6DLQJL_V.425,11:32:02,T9,Team T9,190,yz70NPVh,IFW3HxMDfp32qY6==
6DLQJL_V.426,11:32:02,T9,Team T9,190,nz5cDx1,AMnlzT4==
6DLQJL_V.427,11:32:02,T9,Team T9,190,mwOXJGQwZ94,AMnlG4eIRmmW==
6DLQJL_V.428,11:32:02,T9,Team T9,190,yz70NPVh,AMnlG35k4r
6DLQJL_V.429,11:32:02,T9,Team T9,190,yz70NPVh,AMnlG2bvLeibu1SgI75==
6DLQJL_V.430,11:32:02,T9,Team T9,190,mwOXJGQwZ94,IrmkIWJuf96Zr
6DLQJL_V.431,11:32:02,T9,Team T9,191,ZECM6YP1J2S,ly_fb7X==
6DLQJL_V.432,11:32:02,T9,Team T9,191,bHVPa7UM,luIZdj40D8Xt
6DLQJL_V.433,11:32:02,T9,Team T9,191,ZECM6YP1J2S,dUbb3fK9WfPx8iEJ==
6DLQJL_V.434,11:32:02,T9,Team T9,191,bHVPa7UM,lKUT7jYcI7ZknXz==
6DLQJL_V.435,11:32:02,T9,Team T9,191,bHVPa7UM,l0J7703==
6DLQJL_V.436,11:32:02,T9,Team T9,191,bHVPa7UM,dUbb3fe9v6TxnZCGV
6DLQJL_V.437,11:32:02,T9,Team T9,191,bHVPa7UM,lUY==
6DLQJL_V.438,11:32:02,T9,Team T9,192,DLUCZhiwsrG,R1t2WEnpu
6DLQJL_V.439,11:32:02,T9,Team T9,192,DLUCZhiwsrG,Z3hA=
6DLQJL_V.440,11:32:02,T9,Team T9,192,DLUCZhiwsrG,R1t2WAnCuoMkdGI53q
6DLQJL_V.441,11:32:02,T9,Team T9,193,gSIsRzi1clu,u8hTOXAP==
6DLQJL_V.442,11:32:02,T9,Team T9,193,sV1vVInM,C6MVJta==
6DLQJL_V.443,11:32:02,T9,Team T9,193,sV1vVInM,CJU_
6DLQJL_V.444,11:32:02,T9,Team T9,193,gSIsRzi1clu,Cd3LJxe3XBMQb==
6DLQJL_V.445,11:32:02,T9,Team T9,193,sV1vVInM,u8hTOWeZpDNC==
6DLQJL_V.446,11:32:02,T9,Team T9,193,gSIsRzi1clu,CXZAL
6DLQJL_V.447,11:32:02,T9,Team T9,194,122ulXHKV,8gzKb8TL1vtl3qqSQqJ==
6DLQJL_V.448,11:32:02,T9,Team T9,194,U00ieRL0Vei,gRg==
6DLQJL_V.449,11:32:02,T9,Team T9,194,U00ieRL0Vei,gWsu_PMNLci0mhk==
6DLQJL_V.450,11:32:02,T9,Team T9,194,U00ieRL0Vei,8gzKbfXOCdG5rkzW0=
6DLQJL_V.451,11:32:02,T9,Team T9,195,yBOC6aKuFD6,Ut9Rmj1jmWbJ=
6DLQJL_V.452,11:32:02,T9,Team T9,195,KE7FajPf,UwOD05I==
6DLQJL_V.453,11:32:02,T9,Team T9,195,FDQOdgGeF,MRn53sVs==
6DLQJL_V.454,11:32:02,T9,Team T9,195,yBOC6aKuFD6,U_U7l11mBDoP=
6DLQJL_V.455,11:32:02,T9,Team T9,195,KE7FajPf,UF3Fh_KkoKmyb
6DLQJL_V.456,11:32:02,T9,Team T9,196,nLpv3BiK,xVu_eku8dSoqFXw==
6DLQJL_V.457,11:32:02,T9,Team T9,196,bI6sZsdZpxo,xHc==
6DLQJL_V.458,11:32:02,T9,Team T9,196,bI6sZsdZpxo,xUpr2MtKl
6DLQJL_V.459,11:32:02,T9,Team T9,196,bI6sZsdZpxo,xI6==
6DLQJL_V.460,11:32:02,T9,Team T9,197,1SdkpThf,bU4qeHbjbC==
6DLQJL_V.461,11:32:02,T9,Team T9,197,PPUhlKcu8qd,bV7z=
6DLQJL_V.462,11:32:02,T9,Team T9,197,WRWtsQ8e8,35tMi1si==
6DLQJL_V.463,11:32:02,T9,Team T9,197,PPUhlKcu8qd,bP7BpQgdiArZQyJ==
6DLQJL_V.464,11:32:02,T9,Team T9,197,WRWtsQ8e8,35tMi6rfSusOCjUsX=
6DLQJL_V.465,11:32:02,T9,Team T9,198,sXc7e3FZmP1,OOxamcN==
6DLQJL_V.466,11:32:02,T9,Team T9,198,sXc7e3FZmP1,OMmuwXN2seYv=
6DLQJL_V.467,11:32:02,T9,Team T9,198,zZejl9BJm,GdLDbpzKpWliX=
6DLQJL_V.468,11:32:02,T9,Team T9,198,zZejl9BJm,GdLDbk_QgbeiPKjvg=
6DLQJL_V.469,11:32:02,T9,Team T9,198,zZejl9BJm,GdLDblLT46hMBtzwY=
6DLQJL_V.470,11:32:02,T9,Team T9,198,E0vaicKK,OjyrlYW65TkD=
6DLQJL_V.471,11:32:02,T9,Team T9,198,sXc7e3FZmP1,OfInmpBMq
6DLQJL_V.472,11:32:02,T9,Team T9,198,E0vaicKK,OdKk6nEUvLk==
6DLQJL_V.473,11:32:02,T9,Team T9,198,E0vaicKK,OWJk4pT_B7==
6DLQJL_V.474,11:32:02,T9,Team T9,199,64uX7lEu5JP,sgDh4IVm=
6DLQJL_V.475,11:32:02,T9,Team T9,199,d6w9erAe5,kk3u4GBs==
6DLQJL_V.476,11:32:02,T9,Team T9,199,77Lc1cP,kk3uXb3zQFboWnF==
6DLQJL_V.477,11:32:02,T9,Team T9,0,LOG_STOPPED,On JOSEPHJ-MYHP at 2015-10-16T18:32:02.389Z
